order_id,customer_id,employee_id,order_date,status,channel
1,692,12,2024-12-16,Completed,In-Store
2,702,6,2023-07-20,Completed,In-Store
3,722,12,2024-10-04,Completed,Online
4,753,9,2025-10-11,Completed,Online
5,339,8,2024-08-05,Completed,Online
6,367,2,2024-05-17,Completed,Online
7,557,9,2025-04-15,Completed,In-Store
8,10,2,2024-09-14,Completed,Phone
9,117,7,2025-07-21,Completed,Online
10,198,6,2025-01-23,Cancelled,Online
11,74,12,2024-08-29,Completed,In-Store
12,572,2,2024-12-06,Completed,Online
13,657,12,2024-10-30,Completed,Online
14,405,14,2024-09-22,Completed,Online
15,303,11,2025-09-27,Completed,Phone
16,88,5,2025-08-18,Completed,In-Store
17,632,14,2025-07-23,Completed,In-Store
18,101,4,2024-07-20,Completed,Online
19,199,6,2025-02-14,Completed,In-Store
20,657,7,2025-07-08,Completed,In-Store
21,662,10,2025-11-01,Completed,In-Store
22,38,9,2025-07-18,Pending,Online
23,407,6,2025-02-01,Completed,In-Store
24,750,8,2023-09-25,Completed,In-Store
25,212,9,2023-11-26,Completed,Online
26,760,5,2024-12-02,Completed,Online
27,362,14,2024-01-29,Completed,Online
28,154,3,2025-09-19,Completed,In-Store
29,45,3,2024-12-07,Completed,In-Store
30,185,9,2023-08-10,Completed,Online
31,622,8,2024-01-30,Completed,In-Store
32,465,10,2024-11-22,Completed,Online
33,701,7,2024-03-26,Completed,Online
34,442,9,2025-04-02,Pending,In-Store
35,590,2,2025-03-30,Completed,In-Store
36,705,13,2025-06-13,Completed,Online
37,571,8,2025-09-06,Completed,Online
38,165,7,2023-07-24,Completed,Online
39,228,6,2025-11-02,Completed,Online
40,529,12,2025-08-05,Completed,Online
41,283,13,2025-04-17,Completed,Online
42,93,9,2025-07-03,Pending,Phone
43,268,3,2025-04-12,Completed,Online
44,551,14,2024-05-06,Completed,Online
45,601,14,2025-12-02,Completed,Online
46,270,4,2025-07-01,Completed,In-Store
47,765,11,2023-10-14,Completed,In-Store
48,208,14,2025-07-25,Completed,Online
49,629,1,2024-06-09,Completed,Online
50,503,3,2023-05-16,Pending,Online
51,434,8,2023-09-24,Completed,Online
52,562,5,2025-08-02,Completed,In-Store
53,287,8,2025-09-05,Completed,Online
54,569,7,2024-02-15,Completed,In-Store
55,499,5,2025-07-24,Pending,Online
56,488,14,2024-10-19,Completed,Online
57,621,4,2024-12-04,Completed,Online
58,628,10,2025-04-14,Pending,Online
59,800,14,2023-09-26,Completed,Online
60,762,12,2024-06-25,Completed,Online
61,407,9,2024-06-08,Completed,Online
62,291,8,2024-10-22,Completed,In-Store
63,488,8,2023-06-21,Completed,Online
64,446,9,2024-10-11,Completed,Phone
65,1,9,2024-04-10,Pending,Online
66,300,10,2025-08-05,Completed,Online
67,388,4,2025-07-17,Completed,Online
68,114,11,2025-03-08,Completed,In-Store
69,289,5,2025-10-08,Completed,Online
70,320,13,2024-04-29,Cancelled,Online
71,391,14,2025-12-11,Cancelled,In-Store
72,534,11,2023-05-26,Completed,In-Store
73,260,8,2024-10-12,Completed,In-Store
74,708,8,2024-08-26,Completed,In-Store
75,778,11,2025-11-13,Completed,Online
76,356,13,2023-12-23,Completed,Online
77,714,8,2025-08-31,Completed,Online
78,795,11,2025-01-30,Completed,In-Store
79,397,4,2025-01-15,Completed,Online
80,133,3,2024-01-21,Completed,Online
81,502,9,2024-10-25,Completed,Online
82,672,8,2023-10-17,Pending,Online
83,60,14,2024-10-31,Completed,In-Store
84,641,3,2024-12-19,Completed,In-Store
85,674,3,2025-01-08,Completed,Phone
86,261,6,2023-08-01,Completed,Online
87,23,13,2024-04-01,Completed,Online
88,142,5,2025-05-10,Completed,Online
89,707,12,2024-12-04,Pending,Online
90,445,7,2023-10-14,Completed,In-Store
91,515,12,2025-08-12,Completed,In-Store
92,152,3,2025-05-30,Completed,In-Store
93,493,9,2025-08-26,Completed,Online
94,590,2,2025-10-15,Completed,Online
95,313,3,2023-05-02,Completed,Phone
96,776,12,2024-02-20,Completed,Online
97,265,9,2025-02-16,Completed,Online
98,278,1,2025-03-01,Cancelled,Online
99,324,8,2024-01-31,Completed,Online
100,342,8,2025-04-22,Completed,Online
101,641,5,2024-01-13,Pending,In-Store
102,350,15,2025-04-22,Completed,In-Store
103,320,15,2024-11-10,Completed,Online
104,789,3,2024-09-26,Completed,Online
105,326,14,2024-01-11,Completed,In-Store
106,581,10,2025-08-06,Completed,In-Store
107,397,8,2025-02-23,Completed,Online
108,210,2,2025-09-07,Cancelled,Online
109,390,12,2025-06-15,Completed,In-Store
110,252,9,2025-01-05,Cancelled,Online
111,293,8,2025-09-13,Completed,Phone
112,403,7,2025-06-08,Completed,Online
113,88,9,2024-08-08,Completed,Phone
114,676,14,2025-09-23,Pending,Online
115,13,8,2025-02-05,Completed,In-Store
116,616,10,2025-12-17,Pending,Online
117,34,11,2024-12-03,Completed,Online
118,689,5,2024-11-05,Completed,Online
119,777,7,2024-03-04,Completed,Online
120,215,12,2025-08-19,Completed,Online
121,185,15,2024-11-06,Completed,Phone
122,756,14,2025-08-20,Completed,Online
123,12,11,2025-08-24,Completed,In-Store
124,742,10,2024-11-01,Completed,Online
125,643,8,2023-12-22,Completed,Online
126,363,2,2023-07-09,Completed,Online
127,463,14,2023-08-29,Completed,Online
128,455,9,2025-12-03,Completed,Online
129,795,6,2025-09-27,Pending,In-Store
130,48,2,2025-01-18,Completed,Online
131,327,13,2025-03-19,Completed,Online
132,105,4,2025-01-01,Completed,Online
133,56,2,2025-03-29,Completed,Online
134,547,2,2023-06-26,Completed,Online
135,660,12,2024-06-06,Completed,Phone
136,188,12,2023-11-08,Completed,In-Store
137,290,13,2025-05-22,Completed,Online
138,605,7,2025-08-01,Completed,Online
139,581,13,2025-05-26,Completed,Online
140,72,10,2025-10-17,Pending,In-Store
141,652,13,2025-12-29,Completed,Online
142,584,13,2023-11-16,Completed,Phone
143,302,1,2025-05-08,Completed,Online
144,391,7,2024-12-30,Completed,Online
145,428,3,2025-06-30,Pending,Online
146,674,7,2023-06-21,Completed,Online
147,435,10,2025-12-16,Completed,In-Store
148,708,2,2025-09-28,Completed,Phone
149,798,1,2025-02-27,Completed,Online
150,63,11,2025-02-23,Completed,Online
151,757,3,2024-09-23,Completed,Online
152,158,14,2025-02-06,Cancelled,In-Store
153,592,12,2024-03-06,Completed,Online
154,723,7,2025-02-22,Completed,In-Store
155,543,11,2023-08-16,Completed,Online
156,101,5,2024-09-27,Completed,In-Store
157,13,7,2025-10-23,Completed,Online
158,635,2,2025-11-15,Completed,In-Store
159,123,2,2024-02-15,Completed,In-Store
160,789,6,2025-07-20,Pending,Online
161,272,3,2025-03-19,Completed,Phone
162,109,15,2025-03-18,Completed,Online
163,510,3,2024-09-29,Completed,Online
164,503,8,2025-03-22,Pending,In-Store
165,342,11,2025-06-21,Completed,Phone
166,297,11,2025-08-23,Completed,Phone
167,198,1,2024-07-26,Completed,Online
168,461,1,2025-11-26,Completed,In-Store
169,536,8,2023-09-23,Pending,Online
170,665,3,2025-12-10,Completed,Phone
171,226,2,2024-04-23,Completed,In-Store
172,567,3,2025-03-21,Pending,Online
173,17,15,2025-02-13,Completed,Online
174,792,8,2024-08-22,Completed,In-Store
175,512,10,2023-08-30,Completed,In-Store
176,371,14,2024-06-12,Completed,Online
177,687,15,2025-11-23,Completed,Online
178,551,3,2025-09-18,Completed,Online
179,334,7,2025-08-25,Completed,Online
180,56,15,2025-03-23,Completed,In-Store
181,648,6,2023-06-19,Completed,Online
182,161,13,2024-05-05,Cancelled,Phone
183,606,8,2024-03-13,Completed,In-Store
184,46,1,2023-04-12,Completed,Online
185,86,9,2024-06-21,Completed,Online
186,93,1,2025-02-18,Completed,In-Store
187,708,6,2025-01-10,Completed,In-Store
188,691,6,2023-12-29,Completed,Online
189,142,6,2025-08-01,Completed,Online
190,126,8,2024-08-05,Completed,Online
191,710,13,2023-06-10,Pending,Online
192,24,5,2025-04-05,Completed,Phone
193,238,14,2023-09-06,Completed,Online
194,312,10,2025-10-04,Pending,Online
195,49,3,2025-05-19,Completed,Online
196,682,6,2023-06-11,Completed,Online
197,297,13,2023-06-01,Completed,Online
198,565,2,2025-06-18,Completed,In-Store
199,786,5,2025-08-27,Completed,In-Store
200,152,12,2024-02-18,Completed,Online
201,575,2,2025-08-15,Pending,In-Store
202,425,3,2024-03-14,Completed,Online
203,420,11,2023-11-13,Completed,Online
204,506,9,2024-07-05,Completed,In-Store
205,484,2,2024-09-28,Pending,Online
206,764,6,2024-11-30,Completed,In-Store
207,596,1,2025-09-25,Completed,In-Store
208,299,9,2024-10-11,Completed,Online
209,702,13,2025-06-22,Completed,In-Store
210,141,9,2025-07-05,Completed,Online
211,720,13,2024-04-25,Completed,Phone
212,320,12,2025-05-13,Pending,In-Store
213,711,3,2024-08-27,Completed,Online
214,773,2,2024-05-19,Pending,Online
215,518,10,2025-11-09,Pending,In-Store
216,220,15,2025-01-31,Completed,Online
217,234,7,2025-10-15,Cancelled,Online
218,296,9,2024-07-24,Completed,Online
219,418,5,2023-05-14,Completed,In-Store
220,605,2,2024-07-04,Pending,Online
221,435,12,2025-02-04,Completed,In-Store
222,286,3,2024-06-05,Completed,Online
223,28,3,2025-04-29,Completed,Online
224,301,11,2025-02-05,Completed,Online
225,37,1,2025-09-07,Completed,In-Store
226,576,14,2025-09-19,Completed,Online
227,605,1,2025-10-06,Completed,In-Store
228,58,11,2025-07-28,Completed,Online
229,174,1,2025-01-04,Completed,In-Store
230,387,10,2025-04-24,Completed,In-Store
231,784,11,2025-05-28,Completed,Online
232,295,5,2025-11-20,Cancelled,Online
233,607,6,2025-07-10,Completed,Online
234,553,6,2025-08-24,Completed,In-Store
235,512,4,2024-09-21,Pending,Phone
236,788,15,2025-03-24,Completed,In-Store
237,446,7,2025-06-11,Pending,Online
238,165,5,2024-08-28,Completed,Online
239,476,8,2024-12-18,Completed,In-Store
240,285,11,2024-12-25,Completed,Online
241,93,7,2023-09-16,Completed,Online
242,595,13,2023-10-11,Completed,In-Store
243,599,12,2025-04-24,Completed,Online
244,604,1,2025-02-10,Completed,Phone
245,372,8,2024-07-30,Pending,Online
246,403,15,2023-06-11,Completed,Online
247,35,5,2024-01-31,Pending,Phone
248,716,5,2025-01-29,Completed,In-Store
249,205,11,2025-06-19,Completed,Online
250,328,8,2025-02-19,Completed,Online
251,22,1,2023-10-28,Completed,In-Store
252,539,7,2024-05-30,Pending,In-Store
253,507,7,2025-10-05,Pending,In-Store
254,710,7,2024-08-28,Completed,In-Store
255,687,13,2024-11-16,Completed,Online
256,688,6,2025-10-03,Pending,Online
257,480,3,2025-10-28,Completed,Online
258,288,12,2025-05-14,Completed,Phone
259,169,6,2024-07-08,Completed,Phone
260,267,3,2024-08-09,Completed,Phone
261,173,12,2025-01-27,Completed,In-Store
262,787,8,2024-09-06,Pending,Online
263,676,8,2025-03-09,Cancelled,Online
264,333,12,2023-01-16,Pending,In-Store
265,57,12,2025-11-08,Cancelled,Online
266,167,7,2024-05-23,Completed,In-Store
267,99,14,2025-05-09,Completed,Online
268,191,7,2024-10-19,Completed,Online
269,438,5,2024-12-11,Completed,Phone
270,364,5,2024-11-27,Completed,Online
271,461,10,2024-04-19,Completed,Phone
272,120,1,2025-09-10,Completed,In-Store
273,196,2,2024-04-09,Completed,Online
274,447,14,2024-10-23,Pending,Online
275,720,8,2023-07-26,Completed,In-Store
276,646,14,2024-08-02,Cancelled,In-Store
277,500,4,2024-08-01,Completed,Online
278,662,6,2025-03-14,Completed,Online
279,673,8,2025-10-04,Completed,In-Store
280,215,9,2025-11-21,Completed,In-Store
281,441,2,2024-10-30,Completed,Online
282,789,15,2024-12-20,Pending,In-Store
283,576,1,2025-01-29,Completed,Online
284,453,13,2025-01-30,Completed,Online
285,7,4,2024-03-15,Completed,Online
286,370,11,2024-09-18,Completed,In-Store
287,529,13,2024-09-01,Cancelled,Online
288,657,3,2023-12-05,Completed,In-Store
289,9,14,2025-07-06,Completed,Phone
290,795,4,2024-01-09,Completed,Online
291,534,6,2024-06-17,Completed,Online
292,266,11,2025-01-28,Completed,In-Store
293,610,4,2025-05-21,Completed,In-Store
294,151,12,2025-03-30,Completed,Online
295,573,9,2024-05-23,Pending,Online
296,497,12,2025-03-07,Cancelled,Online
297,122,10,2024-02-20,Completed,Online
298,384,5,2025-06-27,Completed,Online
299,46,7,2025-02-17,Completed,Online
300,652,8,2024-06-12,Completed,Online
301,285,11,2025-10-28,Completed,Online
302,555,10,2024-06-16,Cancelled,Online
303,594,8,2025-10-31,Completed,Online
304,392,5,2025-10-27,Cancelled,Online
305,315,7,2024-09-05,Completed,Phone
306,146,7,2023-12-21,Completed,Phone
307,496,1,2025-04-12,Completed,In-Store
308,569,11,2024-05-16,Completed,Online
309,146,6,2025-01-03,Completed,Online
310,648,4,2024-11-27,Completed,Online
311,216,10,2025-01-30,Pending,In-Store
312,3,10,2025-02-21,Pending,In-Store
313,32,15,2024-03-19,Completed,In-Store
314,9,2,2025-03-03,Cancelled,Online
315,727,6,2025-08-29,Pending,In-Store
316,654,7,2025-10-16,Completed,Online
317,699,10,2024-12-14,Completed,Online
318,536,12,2024-05-19,Completed,In-Store
319,508,6,2025-01-21,Completed,In-Store
320,402,4,2025-05-31,Pending,In-Store
321,111,8,2025-08-01,Completed,Online
322,593,2,2025-10-30,Completed,Online
323,443,2,2025-10-21,Completed,Online
324,439,15,2024-10-28,Completed,In-Store
325,199,15,2024-12-07,Completed,Online
326,599,7,2025-01-24,Completed,Online
327,9,9,2024-11-26,Completed,Online
328,71,6,2025-08-31,Completed,In-Store
329,108,8,2024-01-17,Pending,Online
330,7,6,2025-12-13,Completed,Online
331,784,6,2025-11-22,Completed,Online
332,568,4,2025-09-06,Completed,In-Store
333,639,15,2025-03-24,Completed,Online
334,302,13,2025-09-24,Completed,In-Store
335,501,4,2024-07-18,Pending,In-Store
336,532,8,2025-09-06,Completed,Online
337,38,4,2025-08-13,Completed,In-Store
338,564,2,2025-10-02,Completed,Online
339,419,6,2024-04-23,Completed,Online
340,85,5,2024-03-05,Completed,In-Store
341,787,11,2024-03-01,Completed,In-Store
342,307,5,2024-04-01,Pending,Online
343,408,4,2025-08-08,Completed,Online
344,193,7,2024-06-02,Completed,Online
345,10,8,2024-04-16,Pending,Online
346,143,3,2023-06-13,Cancelled,Online
347,584,8,2024-10-11,Completed,Online
348,676,9,2025-11-08,Completed,Online
349,133,9,2025-04-04,Completed,Online
350,207,1,2023-04-13,Completed,In-Store
351,41,12,2025-10-27,Completed,Phone
352,633,12,2025-03-25,Completed,In-Store
353,715,12,2024-07-23,Completed,Online
354,352,12,2025-04-17,Completed,Online
355,497,8,2025-11-09,Completed,Online
356,732,1,2023-12-21,Completed,Online
357,734,11,2023-12-14,Completed,Online
358,207,15,2025-07-25,Pending,Online
359,197,11,2024-09-14,Completed,In-Store
360,405,7,2025-10-10,Completed,Online
361,218,8,2025-08-12,Completed,Online
362,105,12,2025-01-06,Cancelled,In-Store
363,714,7,2024-09-05,Cancelled,In-Store
364,600,8,2025-04-29,Completed,Online
365,439,13,2025-07-29,Completed,Online
366,455,12,2024-01-15,Completed,Online
367,553,1,2023-11-27,Completed,Online
368,54,11,2023-04-08,Cancelled,Online
369,242,9,2025-11-03,Completed,Online
370,493,2,2023-08-29,Completed,Online
371,494,1,2024-06-11,Completed,Online
372,733,8,2025-08-27,Pending,Online
373,128,7,2023-10-10,Completed,In-Store
374,661,3,2025-07-18,Completed,In-Store
375,166,1,2025-10-12,Completed,In-Store
376,259,12,2025-06-22,Cancelled,In-Store
377,587,13,2024-05-01,Pending,Online
378,173,14,2025-02-09,Completed,In-Store
379,203,8,2025-09-04,Cancelled,Online
380,640,2,2024-01-28,Completed,Online
381,104,1,2025-11-13,Completed,Online
382,780,5,2023-10-10,Completed,Online
383,388,10,2025-11-15,Completed,Online
384,143,1,2024-11-13,Pending,Online
385,330,1,2024-10-16,Pending,Phone
386,488,11,2024-02-14,Pending,In-Store
387,586,13,2024-02-14,Completed,Online
388,772,11,2024-08-15,Completed,Phone
389,226,12,2025-07-20,Completed,In-Store
390,504,2,2024-05-04,Completed,Online
391,391,11,2024-10-09,Completed,In-Store
392,587,6,2025-10-06,Completed,Online
393,130,9,2024-09-19,Completed,Online
394,304,14,2025-08-13,Completed,Online
395,706,2,2025-07-10,Pending,Online
396,157,14,2024-07-29,Pending,Phone
397,500,12,2025-04-23,Cancelled,In-Store
398,290,5,2024-08-19,Completed,In-Store
399,727,5,2025-03-07,Completed,Online
400,695,13,2023-04-27,Completed,Phone
401,528,11,2025-05-29,Completed,Online
402,709,13,2024-09-12,Completed,Online
403,522,4,2025-12-04,Completed,Online
404,496,11,2024-08-12,Completed,Online
405,543,8,2025-11-11,Pending,Online
406,589,4,2024-09-29,Completed,Online
407,48,9,2023-12-01,Completed,Online
408,361,10,2025-01-04,Completed,Online
409,285,3,2024-07-17,Completed,Online
410,261,11,2025-03-30,Completed,Online
411,198,12,2025-05-06,Completed,In-Store
412,254,2,2025-07-12,Completed,In-Store
413,232,5,2025-12-13,Completed,Phone
414,502,2,2025-01-12,Completed,In-Store
415,354,13,2024-07-04,Cancelled,Online
416,674,3,2025-09-27,Completed,Online
417,736,15,2023-10-27,Completed,In-Store
418,93,11,2025-11-03,Completed,Phone
419,505,13,2024-01-19,Cancelled,Online
420,128,7,2025-12-10,Completed,In-Store
421,251,12,2024-09-21,Pending,Phone
422,433,8,2025-05-01,Completed,Online
423,659,9,2024-03-27,Completed,Online
424,6,6,2023-12-25,Completed,Online
425,158,7,2025-10-08,Completed,Online
426,673,14,2025-03-20,Completed,In-Store
427,137,7,2025-04-02,Completed,Online
428,410,9,2024-07-20,Completed,In-Store
429,353,9,2025-12-10,Completed,Online
430,524,3,2025-07-25,Completed,In-Store
431,150,7,2025-12-07,Completed,In-Store
432,63,9,2025-03-29,Completed,Online
433,677,12,2025-06-09,Completed,Online
434,686,1,2024-09-01,Completed,Online
435,394,2,2023-12-30,Completed,In-Store
436,196,4,2024-08-10,Pending,Online
437,45,3,2025-08-29,Completed,Online
438,281,12,2023-07-15,Completed,Phone
439,702,9,2024-01-25,Cancelled,Online
440,526,8,2025-01-31,Completed,Online
441,53,11,2023-06-03,Cancelled,Online
442,333,2,2023-09-08,Pending,Online
443,641,14,2025-12-13,Completed,In-Store
444,797,13,2024-11-29,Completed,In-Store
445,748,12,2025-03-24,Completed,Online
446,185,11,2025-07-05,Completed,In-Store
447,141,12,2024-06-24,Completed,Online
448,86,5,2025-09-27,Completed,Online
449,22,14,2025-11-22,Completed,Online
450,116,8,2025-09-12,Completed,Online
451,704,5,2024-10-24,Completed,In-Store
452,729,13,2025-11-04,Completed,Phone
453,739,13,2024-05-16,Completed,Online
454,327,8,2025-03-31,Completed,Online
455,86,10,2024-07-31,Completed,In-Store
456,113,1,2023-11-19,Completed,In-Store
457,58,12,2025-09-30,Cancelled,In-Store
458,609,14,2025-09-18,Completed,Online
459,154,13,2025-09-04,Completed,In-Store
460,658,1,2024-11-11,Completed,Online
461,727,4,2025-03-31,Completed,Phone
462,573,10,2024-03-06,Pending,Online
463,112,2,2025-11-04,Completed,In-Store
464,217,10,2025-12-13,Pending,Online
465,584,10,2025-11-22,Cancelled,Online
466,366,13,2025-07-04,Completed,Online
467,392,8,2024-11-26,Pending,Online
468,736,4,2024-01-04,Pending,In-Store
469,298,6,2024-10-25,Cancelled,Online
470,16,3,2024-06-07,Completed,In-Store
471,73,3,2024-08-04,Completed,Phone
472,699,7,2025-01-30,Completed,In-Store
473,75,4,2025-04-25,Completed,Online
474,407,13,2025-03-25,Completed,Online
475,559,3,2023-09-03,Completed,Online
476,219,1,2025-08-17,Completed,In-Store
477,730,8,2024-01-24,Completed,In-Store
478,351,13,2025-06-25,Completed,Phone
479,11,9,2024-05-18,Completed,Online
480,470,15,2025-09-25,Pending,Online
481,616,7,2025-08-15,Completed,Online
482,424,7,2025-05-20,Pending,Online
483,102,2,2024-04-21,Completed,In-Store
484,455,9,2024-11-30,Completed,Online
485,360,13,2023-11-14,Completed,In-Store
486,425,11,2025-07-30,Pending,Online
487,532,14,2024-07-04,Completed,Online
488,53,13,2023-10-10,Completed,Phone
489,130,9,2025-10-11,Completed,Online
490,29,10,2024-08-07,Pending,Online
491,228,5,2025-08-28,Pending,In-Store
492,471,15,2024-11-18,Completed,Online
493,430,7,2023-12-26,Completed,Online
494,581,11,2024-11-09,Completed,Phone
495,223,1,2025-06-05,Completed,In-Store
496,178,4,2024-08-28,Pending,Online
497,457,7,2024-11-18,Completed,Online
498,383,15,2024-10-17,Completed,Online
499,619,14,2024-01-15,Cancelled,Online
500,221,11,2025-05-07,Completed,Online
501,582,13,2025-06-09,Completed,Online
502,285,12,2024-11-08,Pending,In-Store
503,328,4,2025-08-26,Pending,Online
504,413,1,2023-12-16,Pending,Online
505,772,6,2025-04-17,Completed,Online
506,125,14,2025-05-05,Completed,Online
507,705,12,2025-03-23,Completed,Online
508,277,12,2025-09-11,Completed,Online
509,424,11,2025-03-15,Completed,Online
510,304,12,2025-11-01,Completed,In-Store
511,214,14,2024-11-23,Completed,In-Store
512,636,9,2025-08-23,Completed,Online
513,247,1,2023-12-19,Completed,Online
514,342,1,2025-03-19,Completed,Online
515,506,9,2025-03-24,Completed,In-Store
516,275,8,2025-08-21,Pending,Online
517,190,9,2023-11-25,Completed,In-Store
518,79,3,2024-09-04,Pending,Online
519,754,6,2025-03-10,Completed,Phone
520,362,5,2024-08-05,Pending,In-Store
521,251,10,2024-07-04,Cancelled,Online
522,540,3,2025-07-15,Completed,In-Store
523,628,2,2025-03-24,Completed,Phone
524,681,3,2025-06-21,Completed,In-Store
525,127,1,2025-02-12,Completed,Online
526,89,12,2025-07-12,Cancelled,Online
527,653,7,2025-04-01,Cancelled,Online
528,447,11,2024-01-17,Pending,Online
529,385,13,2024-01-17,Completed,Online
530,431,7,2025-03-04,Pending,Online
531,301,1,2024-06-19,Completed,Online
532,57,5,2024-03-22,Completed,Online
533,63,2,2024-07-05,Completed,In-Store
534,508,3,2025-08-10,Completed,In-Store
535,157,10,2024-01-11,Completed,Online
536,57,15,2025-10-09,Completed,Phone
537,763,11,2025-07-31,Completed,In-Store
538,603,8,2025-05-09,Completed,Online
539,667,15,2024-09-25,Completed,Phone
540,513,14,2024-02-08,Completed,Phone
541,471,12,2024-02-11,Completed,In-Store
542,539,5,2025-10-05,Completed,Phone
543,682,2,2025-02-04,Completed,Online
544,746,15,2025-04-28,Cancelled,Phone
545,75,8,2024-06-10,Completed,In-Store
546,445,14,2025-01-12,Pending,Online
547,6,6,2024-05-28,Completed,In-Store
548,366,10,2023-12-09,Pending,In-Store
549,104,2,2025-02-04,Completed,Online
550,721,6,2025-11-09,Pending,Phone
551,626,9,2025-06-15,Completed,Online
552,776,11,2023-11-17,Completed,Online
553,491,3,2025-07-12,Completed,Online
554,57,1,2024-05-29,Pending,Online
555,377,6,2025-08-28,Completed,Online
556,771,15,2024-04-19,Completed,Online
557,300,3,2024-11-09,Completed,Online
558,723,12,2024-04-12,Pending,In-Store
559,274,6,2024-08-17,Completed,Online
560,146,1,2023-06-11,Completed,In-Store
561,87,1,2025-07-06,Completed,Online
562,624,13,2023-12-20,Pending,Phone
563,59,13,2025-10-17,Completed,In-Store
564,244,3,2023-11-26,Completed,In-Store
565,585,7,2025-11-25,Completed,Online
566,677,6,2024-03-14,Pending,Online
567,492,11,2024-03-03,Completed,Online
568,633,11,2025-11-19,Completed,Online
569,695,14,2024-02-13,Completed,In-Store
570,334,10,2025-05-07,Pending,Online
571,668,6,2025-02-25,Cancelled,In-Store
572,606,1,2025-10-18,Completed,Online
573,665,2,2023-08-18,Cancelled,Phone
574,541,13,2025-11-18,Completed,Online
575,787,6,2025-08-06,Completed,Phone
576,429,4,2024-12-10,Pending,Online
577,121,2,2025-04-11,Completed,Online
578,568,12,2023-10-14,Completed,Online
579,75,3,2025-01-23,Completed,Online
580,345,10,2024-11-07,Completed,In-Store
581,646,8,2024-07-04,Completed,In-Store
582,450,3,2025-01-27,Completed,Phone
583,531,15,2025-01-15,Completed,Phone
584,147,1,2024-04-11,Completed,Phone
585,322,2,2025-05-23,Completed,Online
586,238,11,2025-07-07,Completed,Online
587,200,1,2025-02-12,Pending,Online
588,130,14,2025-03-10,Pending,In-Store
589,745,2,2025-06-05,Completed,Online
590,723,13,2025-01-18,Completed,Online
591,497,14,2025-09-01,Completed,Online
592,572,10,2025-08-19,Completed,Online
593,358,8,2025-01-10,Cancelled,In-Store
594,774,13,2025-07-01,Cancelled,Online
595,501,10,2025-04-09,Completed,Online
596,453,7,2025-04-18,Pending,Online
597,629,10,2025-06-04,Completed,Online
598,204,3,2024-03-11,Completed,In-Store
599,221,9,2024-07-12,Cancelled,Online
600,497,1,2025-09-19,Completed,Online
601,87,2,2025-11-06,Completed,In-Store
602,199,14,2024-11-10,Completed,Online
603,483,7,2025-06-29,Completed,Phone
604,509,12,2025-04-21,Completed,Online
605,790,4,2025-03-14,Completed,Online
606,502,10,2025-07-25,Completed,In-Store
607,155,1,2025-06-09,Completed,Online
608,559,8,2025-06-15,Completed,Online
609,125,3,2025-08-26,Pending,Online
610,693,5,2025-01-17,Completed,Online
611,216,15,2025-06-03,Completed,Phone
612,470,6,2025-10-25,Completed,Online
613,644,1,2023-10-19,Completed,In-Store
614,183,5,2024-12-15,Completed,Online
615,755,14,2024-11-01,Pending,Online
616,630,3,2025-09-27,Completed,Online
617,436,11,2025-02-24,Completed,In-Store
618,486,6,2025-06-15,Completed,Online
619,357,3,2025-12-03,Completed,Online
620,11,4,2025-03-18,Completed,Online
621,663,5,2024-10-09,Completed,Phone
622,503,3,2025-02-23,Pending,In-Store
623,123,1,2025-03-17,Completed,Online
624,15,11,2025-04-15,Pending,In-Store
625,177,8,2025-11-22,Completed,In-Store
626,714,2,2024-12-13,Completed,Online
627,21,13,2025-09-12,Completed,In-Store
628,774,12,2025-10-03,Completed,In-Store
629,193,5,2024-01-05,Completed,Online
630,175,1,2023-09-01,Completed,Online
631,516,9,2024-03-22,Pending,Online
632,331,6,2024-12-15,Completed,Phone
633,345,11,2023-12-04,Completed,Online
634,632,8,2024-11-20,Completed,In-Store
635,42,15,2024-01-15,Completed,Phone
636,525,3,2023-10-29,Pending,Phone
637,675,3,2025-08-24,Completed,Online
638,158,11,2024-12-22,Completed,Online
639,716,4,2023-11-16,Completed,In-Store
640,435,10,2025-04-21,Completed,Online
641,614,13,2025-04-18,Completed,Online
642,155,5,2025-06-16,Completed,Online
643,530,14,2025-10-18,Pending,Online
644,412,7,2024-06-01,Completed,Online
645,374,2,2024-05-16,Cancelled,Online
646,528,14,2024-11-02,Pending,Online
647,379,5,2025-03-30,Completed,In-Store
648,18,8,2025-06-07,Completed,Online
649,745,3,2024-10-17,Completed,Online
650,653,12,2025-06-22,Completed,Online
651,711,13,2025-11-20,Completed,Online
652,274,8,2024-11-15,Cancelled,Online
653,627,5,2024-07-18,Completed,Online
654,328,6,2024-03-31,Completed,In-Store
655,81,11,2025-02-13,Cancelled,Online
656,361,10,2025-03-26,Cancelled,Online
657,753,7,2024-12-26,Completed,Online
658,507,13,2025-03-02,Pending,Online
659,421,4,2024-10-14,Completed,Online
660,171,10,2024-10-23,Completed,Phone
661,566,9,2024-02-05,Pending,Online
662,67,15,2025-11-30,Completed,Online
663,164,4,2025-03-03,Cancelled,Online
664,395,2,2024-05-19,Cancelled,In-Store
665,408,14,2024-04-01,Completed,Online
666,115,12,2025-09-12,Completed,Online
667,339,13,2025-03-12,Completed,Online
668,227,15,2025-05-07,Completed,Online
669,653,4,2025-12-01,Completed,Online
670,634,15,2025-09-11,Completed,Online
671,351,4,2025-06-17,Completed,Online
672,537,15,2025-08-07,Completed,In-Store
673,551,14,2025-11-03,Pending,Online
674,234,12,2024-07-29,Completed,Phone
675,66,15,2023-12-04,Completed,Online
676,101,9,2024-01-08,Completed,In-Store
677,203,2,2025-01-01,Completed,Online
678,200,10,2024-04-21,Completed,Online
679,181,6,2025-01-29,Completed,Phone
680,575,9,2025-06-17,Completed,Phone
681,552,14,2025-09-04,Completed,In-Store
682,484,2,2024-08-30,Pending,Online
683,486,11,2024-11-19,Completed,In-Store
684,311,6,2025-09-26,Completed,Online
685,662,13,2025-09-29,Completed,Online
686,205,13,2025-08-15,Completed,In-Store
687,739,10,2025-02-26,Cancelled,Online
688,449,15,2025-07-03,Completed,In-Store
689,604,5,2024-12-06,Completed,Online
690,789,2,2024-01-25,Completed,In-Store
691,406,13,2025-02-13,Completed,Online
692,753,2,2024-12-13,Cancelled,In-Store
693,75,13,2024-08-31,Pending,Online
694,7,10,2024-03-24,Completed,Online
695,206,13,2024-04-02,Pending,In-Store
696,799,3,2025-01-03,Cancelled,Online
697,223,13,2025-05-18,Completed,In-Store
698,458,8,2025-04-18,Completed,Online
699,620,6,2024-06-25,Completed,Online
700,668,5,2025-08-06,Completed,In-Store
701,532,3,2025-09-29,Completed,Online
702,532,3,2024-07-03,Pending,Online
703,482,1,2024-07-10,Completed,Online
704,430,2,2025-10-15,Completed,Phone
705,685,12,2025-10-24,Completed,In-Store
706,762,2,2024-07-29,Completed,In-Store
707,337,12,2023-06-25,Completed,Online
708,36,12,2023-11-29,Completed,Online
709,244,3,2025-04-19,Completed,Online
710,346,15,2025-09-02,Completed,In-Store
711,97,4,2023-06-21,Pending,Online
712,524,4,2025-09-28,Completed,In-Store
713,577,14,2025-01-10,Completed,Online
714,634,4,2024-03-04,Completed,Online
715,739,5,2025-12-28,Completed,Online
716,165,13,2023-07-01,Cancelled,Phone
717,283,3,2023-12-21,Completed,In-Store
718,306,14,2025-10-08,Completed,Online
719,42,7,2024-03-11,Completed,In-Store
720,618,10,2024-02-02,Completed,In-Store
721,751,5,2023-12-01,Completed,Online
722,273,2,2023-02-27,Pending,Online
723,111,10,2024-03-11,Completed,Online
724,619,7,2024-04-10,Completed,Online
725,644,12,2024-05-25,Completed,Online
726,747,8,2024-02-25,Completed,In-Store
727,270,13,2024-05-06,Completed,In-Store
728,92,6,2025-05-20,Completed,In-Store
729,164,3,2025-06-08,Completed,Online
730,734,6,2025-01-09,Completed,Phone
731,332,4,2025-03-18,Completed,Online
732,149,1,2025-06-25,Cancelled,In-Store
733,532,10,2025-04-17,Completed,Phone
734,241,6,2025-01-03,Completed,In-Store
735,726,8,2025-01-07,Completed,In-Store
736,568,14,2023-05-13,Completed,Online
737,67,3,2025-12-05,Completed,In-Store
738,137,7,2025-08-15,Completed,Online
739,7,10,2025-11-17,Completed,Online
740,186,1,2024-10-02,Completed,Online
741,397,13,2025-04-12,Completed,Online
742,189,5,2025-04-16,Completed,Phone
743,571,1,2024-09-01,Completed,Online
744,700,15,2025-09-20,Completed,Online
745,551,15,2023-08-11,Cancelled,In-Store
746,510,4,2024-11-11,Cancelled,Phone
747,61,15,2023-05-25,Completed,In-Store
748,776,9,2024-10-08,Completed,Online
749,399,5,2025-02-05,Pending,Online
750,322,12,2025-11-20,Completed,Phone
751,537,14,2025-09-06,Completed,In-Store
752,706,2,2023-10-26,Completed,Online
753,685,5,2024-01-08,Completed,Online
754,11,11,2024-08-22,Completed,In-Store
755,163,15,2024-05-09,Completed,Online
756,712,7,2025-07-03,Completed,In-Store
757,207,2,2024-12-22,Completed,Online
758,516,13,2023-06-23,Completed,In-Store
759,257,15,2025-09-08,Completed,Phone
760,66,4,2025-09-03,Completed,In-Store
761,561,6,2025-11-15,Completed,Online
762,701,4,2025-12-18,Completed,Online
763,21,11,2024-03-30,Completed,Online
764,354,11,2025-03-09,Pending,Online
765,264,15,2025-09-17,Completed,Online
766,555,14,2025-08-08,Completed,In-Store
767,475,6,2025-05-29,Completed,Online
768,634,6,2023-12-08,Completed,In-Store
769,794,14,2024-10-25,Completed,Online
770,212,7,2024-12-12,Completed,Phone
771,499,6,2024-11-06,Completed,Online
772,55,6,2024-02-20,Completed,Phone
773,68,6,2024-10-25,Completed,Phone
774,156,3,2025-04-06,Completed,In-Store
775,288,12,2024-02-27,Completed,Online
776,586,3,2025-03-14,Completed,Online
777,685,4,2023-08-01,Completed,In-Store
778,25,8,2025-06-11,Completed,In-Store
779,33,3,2024-01-23,Pending,Online
780,277,12,2025-05-04,Completed,Online
781,117,1,2024-04-15,Pending,Online
782,243,13,2025-10-29,Completed,In-Store
783,109,10,2025-10-09,Completed,Online
784,198,8,2024-04-07,Completed,Online
785,148,15,2025-01-01,Cancelled,In-Store
786,423,9,2024-10-10,Completed,Online
787,166,2,2025-11-13,Completed,Phone
788,734,8,2025-12-12,Completed,Online
789,462,6,2024-07-03,Completed,Online
790,413,8,2024-01-28,Completed,Online
791,445,13,2024-04-07,Pending,Online
792,195,8,2024-11-09,Completed,Online
793,14,5,2024-10-18,Completed,Online
794,706,14,2025-10-06,Completed,Online
795,335,12,2025-08-04,Pending,Online
796,608,10,2025-08-02,Pending,Online
797,84,9,2025-02-10,Completed,In-Store
798,150,13,2025-07-10,Completed,Phone
799,124,5,2024-07-12,Completed,Online
800,668,11,2024-06-11,Completed,Online
801,167,10,2025-10-06,Cancelled,Online
802,36,11,2025-07-04,Completed,Online
803,84,7,2025-05-25,Completed,Online
804,159,9,2024-03-31,Pending,Online
805,700,9,2025-12-03,Completed,In-Store
806,328,6,2025-04-26,Completed,Online
807,205,10,2025-11-27,Completed,Online
808,156,9,2025-12-16,Completed,In-Store
809,207,13,2024-11-08,Completed,Online
810,457,10,2023-07-14,Completed,In-Store
811,761,15,2024-01-19,Completed,Online
812,524,1,2025-06-17,Completed,Online
813,504,8,2024-12-17,Completed,Phone
814,582,3,2025-10-24,Completed,In-Store
815,699,13,2025-11-30,Cancelled,Online
816,594,12,2024-12-20,Completed,In-Store
817,477,7,2025-09-08,Completed,In-Store
818,2,11,2025-11-22,Completed,In-Store
819,377,8,2024-04-03,Completed,Online
820,770,15,2025-02-07,Completed,Online
821,772,9,2024-02-07,Completed,Online
822,588,3,2023-06-13,Pending,In-Store
823,261,15,2024-12-26,Cancelled,In-Store
824,225,10,2025-05-20,Completed,In-Store
825,711,15,2024-06-21,Completed,In-Store
826,795,11,2025-11-07,Completed,Phone
827,312,7,2024-10-29,Pending,In-Store
828,393,13,2025-01-04,Completed,In-Store
829,89,8,2025-07-23,Completed,Online
830,721,14,2025-03-11,Completed,Online
831,670,12,2025-11-20,Completed,In-Store
832,704,3,2023-07-12,Completed,Online
833,181,13,2025-05-03,Completed,Online
834,509,6,2024-05-05,Completed,In-Store
835,487,7,2025-01-29,Completed,Phone
836,681,4,2025-03-15,Cancelled,Online
837,597,7,2025-10-13,Completed,Online
838,273,10,2025-01-10,Completed,In-Store
839,102,3,2025-04-25,Completed,Online
840,642,13,2025-04-08,Completed,Phone
841,461,10,2024-03-13,Completed,Phone
842,295,8,2024-05-30,Completed,Online
843,792,11,2025-11-25,Completed,Online
844,705,10,2024-08-20,Pending,In-Store
845,645,5,2023-10-06,Pending,Online
846,357,5,2025-08-29,Completed,In-Store
847,787,10,2023-12-25,Completed,In-Store
848,210,13,2025-03-03,Completed,Online
849,252,7,2025-02-15,Completed,Online
850,403,1,2025-11-10,Pending,Online
851,438,11,2023-05-28,Completed,Online
852,72,5,2025-10-18,Completed,Online
853,581,1,2025-12-14,Completed,In-Store
854,619,10,2024-06-23,Pending,Online
855,226,3,2024-04-21,Pending,Online
856,128,2,2025-07-27,Completed,Online
857,615,14,2025-04-26,Completed,Online
858,394,14,2024-11-02,Completed,Online
859,351,6,2025-12-05,Completed,Online
860,173,13,2025-04-14,Completed,Online
861,481,1,2024-08-28,Completed,In-Store
862,391,1,2025-02-10,Completed,Phone
863,267,8,2025-09-18,Completed,Online
864,93,12,2023-11-11,Completed,In-Store
865,153,5,2025-09-28,Completed,In-Store
866,238,14,2025-10-26,Completed,In-Store
867,79,2,2024-05-30,Completed,In-Store
868,252,13,2025-12-15,Pending,In-Store
869,160,14,2025-10-03,Pending,In-Store
870,656,10,2024-06-20,Completed,Online
871,773,7,2024-12-26,Completed,In-Store
872,258,9,2023-09-30,Completed,In-Store
873,377,14,2025-06-24,Completed,Online
874,654,13,2025-09-25,Pending,In-Store
875,381,15,2025-08-22,Completed,Phone
876,303,6,2025-11-17,Completed,Online
877,70,6,2025-06-02,Completed,Online
878,277,1,2025-12-03,Completed,Online
879,356,10,2025-06-06,Completed,In-Store
880,767,10,2025-01-30,Cancelled,Online
881,43,1,2025-06-21,Cancelled,Online
882,68,3,2024-02-11,Completed,Online
883,689,8,2025-10-14,Completed,In-Store
884,760,6,2024-10-18,Completed,Online
885,522,5,2025-02-04,Completed,Online
886,581,6,2025-06-24,Completed,In-Store
887,504,15,2023-08-10,Completed,Online
888,85,13,2024-07-08,Completed,Online
889,42,3,2023-12-21,Completed,Online
890,503,2,2025-07-14,Completed,In-Store
891,621,14,2025-07-18,Completed,In-Store
892,403,14,2025-05-29,Completed,Online
893,241,13,2023-05-16,Completed,Online
894,61,10,2024-01-18,Completed,Phone
895,328,10,2025-07-31,Completed,Online
896,399,3,2024-04-13,Completed,Phone
897,717,3,2025-12-16,Pending,Phone
898,285,15,2025-08-23,Completed,Online
899,382,6,2025-12-22,Completed,In-Store
900,544,7,2023-12-26,Cancelled,In-Store
901,774,8,2025-11-22,Completed,Online
902,586,4,2023-10-28,Pending,Online
903,594,5,2025-04-21,Completed,Online
904,49,2,2024-04-26,Completed,In-Store
905,314,13,2024-11-14,Completed,Phone
906,241,15,2023-04-23,Completed,Online
907,22,2,2025-10-05,Completed,Online
908,556,12,2024-12-27,Completed,Phone
909,685,10,2025-07-07,Completed,In-Store
910,785,2,2023-04-07,Completed,Online
911,399,13,2024-06-17,Completed,Online
912,673,15,2023-11-16,Completed,In-Store
913,18,11,2023-10-06,Completed,Online
914,567,9,2024-07-20,Completed,In-Store
915,436,5,2025-11-25,Completed,Phone
916,511,5,2024-07-07,Completed,Online
917,538,10,2024-11-15,Completed,Online
918,592,14,2024-08-24,Completed,Online
919,431,2,2024-09-24,Completed,Online
920,44,8,2024-04-17,Completed,Online
921,343,3,2025-09-02,Pending,In-Store
922,130,3,2024-07-07,Pending,In-Store
923,280,10,2024-05-05,Completed,Online
924,353,3,2025-04-14,Completed,Phone
925,724,7,2025-07-22,Completed,Online
926,132,10,2025-09-03,Completed,Online
927,116,10,2025-12-22,Completed,Online
928,421,7,2024-09-23,Completed,Online
929,193,14,2024-09-17,Cancelled,Online
930,62,12,2025-03-06,Completed,Online
931,705,14,2025-07-09,Completed,Online
932,800,4,2024-10-06,Completed,Phone
933,675,9,2024-04-29,Completed,Online
934,570,14,2024-11-03,Pending,Online
935,21,6,2024-06-04,Completed,Online
936,713,13,2025-07-11,Completed,Online
937,483,13,2025-07-30,Completed,Online
938,756,4,2025-08-13,Completed,Online
939,765,11,2023-09-27,Completed,Online
940,7,15,2024-03-06,Pending,Online
941,438,12,2025-05-22,Completed,Online
942,184,4,2024-03-25,Completed,Online
943,121,12,2023-11-17,Completed,In-Store
944,87,13,2025-09-19,Completed,Online
945,606,15,2023-07-31,Completed,Online
946,456,5,2025-06-13,Completed,Phone
947,130,15,2025-11-17,Completed,Online
948,622,9,2024-01-04,Completed,Online
949,438,8,2024-02-23,Completed,In-Store
950,453,2,2025-04-01,Completed,Online
951,25,14,2024-04-17,Completed,Online
952,381,1,2024-05-13,Completed,In-Store
953,559,14,2025-09-24,Completed,Online
954,180,14,2024-06-10,Completed,In-Store
955,678,5,2024-01-01,Completed,In-Store
956,387,10,2025-10-09,Completed,In-Store
957,385,12,2025-11-24,Completed,In-Store
958,629,9,2025-03-05,Completed,Phone
959,542,2,2023-12-25,Pending,In-Store
960,561,8,2025-02-04,Cancelled,Online
961,145,12,2025-04-17,Completed,In-Store
962,134,6,2024-07-24,Pending,Online
963,400,5,2023-09-11,Completed,Online
964,24,11,2025-10-31,Completed,Online
965,544,9,2023-11-10,Completed,Online
966,183,14,2023-05-25,Completed,Phone
967,245,4,2023-11-10,Completed,In-Store
968,145,13,2025-10-21,Completed,Online
969,696,4,2025-02-09,Completed,In-Store
970,9,1,2023-11-19,Completed,Online
971,387,6,2025-02-24,Completed,Online
972,426,15,2025-12-21,Completed,Online
973,539,11,2024-05-31,Completed,Online
974,28,10,2025-09-29,Cancelled,Online
975,262,15,2025-11-27,Completed,In-Store
976,376,11,2025-12-05,Pending,Online
977,209,6,2025-04-24,Pending,Online
978,441,9,2024-12-26,Completed,Online
979,538,14,2025-07-16,Completed,Online
980,459,13,2025-08-28,Completed,Online
981,380,8,2024-08-24,Completed,In-Store
982,17,12,2023-03-16,Cancelled,Online
983,641,7,2024-06-06,Completed,Online
984,535,5,2025-09-26,Pending,Online
985,318,10,2024-10-29,Cancelled,Online
986,229,5,2024-05-21,Completed,Online
987,656,2,2025-03-07,Completed,In-Store
988,226,6,2024-09-13,Completed,Online
989,776,1,2024-03-14,Cancelled,In-Store
990,445,11,2025-07-15,Pending,Online
991,437,2,2024-09-11,Completed,Online
992,769,2,2025-07-24,Completed,Online
993,42,14,2025-11-30,Cancelled,Online
994,615,7,2023-11-26,Completed,Phone
995,685,4,2024-04-11,Completed,Phone
996,182,14,2024-10-20,Completed,Online
997,18,15,2025-02-07,Completed,Online
998,782,14,2025-04-09,Completed,Online
999,641,14,2025-02-23,Completed,Online
1000,24,7,2023-09-30,Completed,Online
1001,169,11,2025-10-21,Completed,Online
1002,686,6,2025-10-03,Completed,Online
1003,271,10,2025-11-20,Cancelled,In-Store
1004,292,1,2025-08-02,Completed,Online
1005,475,12,2024-05-09,Completed,Online
1006,504,15,2024-04-03,Completed,Online
1007,504,13,2024-07-14,Completed,Online
1008,327,7,2025-12-01,Completed,In-Store
1009,151,14,2024-05-08,Completed,Online
1010,403,11,2024-01-21,Completed,In-Store
1011,667,13,2023-09-29,Completed,Online
1012,699,5,2025-08-03,Completed,Online
1013,679,14,2025-01-01,Cancelled,Online
1014,87,5,2025-05-23,Completed,Online
1015,80,10,2025-11-12,Completed,Phone
1016,518,8,2024-07-27,Completed,In-Store
1017,698,9,2025-12-27,Completed,In-Store
1018,340,11,2025-03-08,Completed,In-Store
1019,384,5,2025-07-24,Cancelled,Online
1020,650,3,2024-08-31,Completed,In-Store
1021,697,15,2025-06-05,Completed,Online
1022,517,2,2024-12-18,Completed,Online
1023,525,14,2024-12-04,Pending,Online
1024,276,13,2025-11-26,Pending,Online
1025,747,3,2025-05-10,Pending,In-Store
1026,636,5,2023-08-24,Completed,In-Store
1027,537,8,2024-12-17,Completed,In-Store
1028,141,15,2025-06-03,Pending,In-Store
1029,552,8,2025-07-06,Pending,Online
1030,730,14,2024-11-03,Completed,Online
1031,135,11,2024-01-15,Pending,In-Store
1032,187,11,2025-10-22,Completed,In-Store
1033,707,15,2025-08-11,Completed,In-Store
1034,757,12,2025-09-13,Completed,Online
1035,9,15,2025-10-28,Completed,Online
1036,170,13,2025-02-24,Completed,Online
1037,643,5,2025-02-15,Completed,In-Store
1038,563,14,2025-09-04,Completed,Online
1039,579,11,2024-11-29,Completed,In-Store
1040,581,15,2024-11-02,Completed,In-Store
1041,328,9,2023-09-24,Completed,Online
1042,592,13,2023-08-23,Completed,In-Store
1043,597,8,2025-12-22,Completed,Online
1044,480,13,2025-01-13,Completed,Online
1045,153,1,2024-04-13,Completed,Online
1046,703,15,2025-03-01,Completed,In-Store
1047,63,13,2024-03-11,Completed,Phone
1048,329,2,2025-03-05,Completed,In-Store
1049,627,14,2025-08-27,Completed,Online
1050,649,3,2024-07-14,Completed,Online
1051,633,12,2025-11-29,Completed,Online
1052,346,4,2025-01-06,Completed,Online
1053,346,14,2025-12-15,Completed,Phone
1054,606,4,2024-08-14,Completed,Phone
1055,795,2,2025-08-07,Completed,Online
1056,397,5,2024-06-11,Completed,In-Store
1057,27,3,2023-04-19,Cancelled,Online
1058,63,8,2024-07-27,Cancelled,Online
1059,701,11,2024-10-09,Completed,In-Store
1060,372,15,2023-11-30,Cancelled,Online
1061,381,5,2025-03-30,Completed,Online
1062,569,1,2024-06-03,Pending,Online
1063,423,9,2025-08-06,Completed,Online
1064,111,6,2024-08-11,Completed,Online
1065,730,4,2025-06-02,Cancelled,In-Store
1066,205,13,2025-04-17,Completed,Online
1067,541,11,2025-05-18,Completed,Online
1068,342,4,2023-01-18,Pending,In-Store
1069,153,2,2025-05-19,Completed,Online
1070,273,7,2025-04-07,Completed,Phone
1071,128,15,2025-07-23,Completed,In-Store
1072,647,12,2025-07-12,Completed,Online
1073,655,4,2024-10-03,Completed,Online
1074,294,1,2025-02-14,Completed,Online
1075,117,10,2025-03-15,Completed,In-Store
1076,677,11,2024-09-23,Completed,In-Store
1077,241,6,2024-08-30,Completed,Online
1078,23,12,2024-03-13,Completed,Online
1079,73,9,2023-10-18,Pending,Online
1080,365,9,2025-01-24,Pending,Online
1081,266,9,2025-11-21,Completed,Online
1082,88,5,2024-11-18,Completed,In-Store
1083,605,5,2024-05-09,Completed,Online
1084,265,15,2024-05-10,Pending,Online
1085,708,9,2024-12-19,Completed,Online
1086,675,11,2024-10-09,Completed,In-Store
1087,455,1,2025-09-21,Completed,Online
1088,646,7,2025-07-09,Completed,Online
1089,23,10,2024-03-18,Completed,Online
1090,255,1,2023-11-06,Completed,Online
1091,269,2,2024-10-31,Completed,In-Store
1092,717,5,2024-11-19,Completed,Online
1093,411,8,2024-03-17,Completed,Online
1094,190,15,2025-04-21,Completed,Online
1095,634,9,2025-03-19,Cancelled,Online
1096,114,2,2024-11-03,Completed,In-Store
1097,391,15,2024-08-20,Completed,Online
1098,771,13,2024-12-22,Completed,Online
1099,336,6,2024-11-15,Completed,Online
1100,544,10,2025-07-25,Completed,Phone
1101,551,15,2025-12-01,Completed,Phone
1102,391,13,2025-10-04,Completed,In-Store
1103,55,1,2024-08-20,Completed,Online
1104,781,13,2025-03-11,Cancelled,Online
1105,103,2,2025-05-06,Cancelled,Online
1106,82,3,2024-12-03,Pending,Online
1107,55,4,2025-01-12,Completed,In-Store
1108,50,8,2024-12-23,Cancelled,In-Store
1109,239,9,2025-06-07,Completed,In-Store
1110,731,8,2025-07-02,Completed,In-Store
1111,695,12,2025-09-13,Completed,Online
1112,69,10,2024-05-17,Cancelled,In-Store
1113,236,6,2024-07-27,Completed,Online
1114,717,13,2024-10-15,Completed,Online
1115,269,7,2025-11-17,Completed,In-Store
1116,247,11,2024-11-18,Completed,Online
1117,601,9,2025-01-23,Completed,In-Store
1118,260,7,2025-08-05,Pending,In-Store
1119,662,11,2024-12-26,Completed,Phone
1120,528,15,2025-11-19,Completed,Phone
1121,190,4,2025-09-08,Completed,Online
1122,612,11,2024-01-29,Pending,In-Store
1123,241,15,2024-12-23,Pending,In-Store
1124,770,13,2024-02-15,Completed,Online
1125,792,1,2025-03-07,Completed,Phone
1126,603,7,2025-03-21,Completed,Online
1127,93,12,2024-03-07,Cancelled,Online
1128,629,14,2023-10-29,Completed,In-Store
1129,562,4,2025-06-27,Completed,Online
1130,553,7,2024-12-19,Completed,In-Store
1131,497,13,2024-11-02,Completed,Online
1132,710,10,2025-08-02,Completed,Online
1133,192,7,2025-12-10,Cancelled,Online
1134,75,13,2025-03-04,Completed,Online
1135,413,3,2025-03-23,Completed,Online
1136,567,6,2024-09-02,Completed,In-Store
1137,592,3,2025-10-07,Pending,Online
1138,65,11,2025-04-17,Pending,In-Store
1139,182,9,2025-09-15,Completed,Online
1140,735,8,2025-07-31,Completed,Online
1141,657,12,2024-06-21,Completed,Online
1142,673,2,2025-06-13,Completed,In-Store
1143,452,1,2024-04-03,Completed,Online
1144,718,14,2023-04-30,Completed,Online
1145,219,14,2024-02-13,Completed,Online
1146,751,2,2023-08-07,Pending,Online
1147,552,2,2025-08-16,Completed,In-Store
1148,575,11,2024-11-05,Completed,Online
1149,537,13,2024-01-09,Completed,In-Store
1150,559,7,2025-11-25,Completed,Online
1151,326,13,2025-08-07,Pending,In-Store
1152,455,15,2025-07-08,Completed,Online
1153,10,10,2025-11-28,Cancelled,Phone
1154,105,15,2025-08-04,Cancelled,Phone
1155,303,12,2023-09-18,Completed,Online
1156,86,11,2025-09-07,Completed,Online
1157,580,6,2024-01-23,Completed,Online
1158,356,13,2024-09-27,Completed,Online
1159,784,8,2024-08-11,Pending,Online
1160,68,1,2025-12-14,Completed,Phone
1161,130,1,2024-01-13,Completed,Online
1162,632,15,2025-09-09,Completed,Online
1163,592,1,2024-10-07,Completed,Online
1164,129,12,2023-12-26,Completed,Online
1165,343,6,2025-12-15,Completed,Online
1166,262,3,2023-12-11,Completed,Online
1167,154,4,2024-05-11,Completed,In-Store
1168,432,14,2024-09-06,Completed,Online
1169,226,13,2025-10-01,Pending,Online
1170,608,12,2024-11-20,Completed,Online
1171,184,13,2025-12-15,Completed,Online
1172,130,1,2023-11-26,Completed,In-Store
1173,176,2,2025-05-19,Pending,In-Store
1174,516,7,2025-08-17,Completed,Online
1175,475,12,2023-06-29,Completed,In-Store
1176,491,9,2024-06-07,Completed,In-Store
1177,596,8,2023-12-10,Pending,Online
1178,679,3,2025-11-14,Completed,Online
1179,213,1,2025-07-08,Completed,Online
1180,96,7,2025-05-31,Completed,Online
1181,237,15,2024-03-24,Completed,Online
1182,761,2,2025-02-26,Completed,In-Store
1183,167,3,2024-12-12,Pending,Online
1184,416,9,2024-01-03,Cancelled,Online
1185,672,1,2025-03-19,Completed,Phone
1186,173,7,2025-10-02,Pending,Online
1187,682,3,2023-11-04,Completed,Phone
1188,41,9,2024-07-10,Cancelled,Online
1189,700,7,2025-07-16,Completed,Online
1190,289,8,2023-06-24,Completed,Online
1191,208,14,2025-11-27,Completed,Online
1192,707,10,2024-09-08,Completed,In-Store
1193,578,8,2023-04-13,Completed,Online
1194,715,15,2025-12-15,Completed,In-Store
1195,331,13,2023-09-23,Completed,Online
1196,122,5,2025-09-04,Completed,In-Store
1197,254,13,2023-12-14,Cancelled,In-Store
1198,674,13,2025-03-07,Completed,Phone
1199,571,5,2025-06-11,Completed,In-Store
1200,510,4,2024-10-08,Completed,In-Store
1201,592,7,2025-04-17,Completed,Online
1202,718,6,2024-04-10,Pending,Phone
1203,47,1,2025-12-03,Completed,In-Store
1204,475,11,2024-02-28,Completed,Online
1205,542,13,2024-10-22,Completed,Phone
1206,647,14,2025-02-15,Completed,Online
1207,152,3,2025-09-23,Completed,In-Store
1208,623,3,2025-12-25,Completed,Online
1209,51,9,2023-06-17,Completed,Online
1210,15,8,2025-10-08,Completed,Online
1211,725,13,2025-07-17,Pending,In-Store
1212,222,12,2023-05-24,Completed,Online
1213,580,3,2024-07-29,Completed,In-Store
1214,651,13,2024-07-24,Pending,Online
1215,313,13,2025-10-09,Completed,Online
1216,65,6,2024-07-15,Pending,Online
1217,439,12,2025-07-14,Completed,In-Store
1218,329,8,2024-12-28,Completed,Online
1219,73,10,2024-01-31,Completed,Online
1220,545,10,2024-10-04,Completed,Online
1221,617,13,2025-09-02,Completed,Online
1222,213,11,2024-08-30,Pending,In-Store
1223,525,11,2024-07-21,Completed,Online
1224,71,6,2024-03-06,Completed,Online
1225,52,1,2025-09-29,Cancelled,Online
1226,317,15,2023-09-21,Completed,Online
1227,579,7,2024-10-31,Cancelled,Online
1228,583,12,2025-05-01,Completed,Online
1229,424,11,2025-08-21,Completed,Phone
1230,772,5,2024-01-19,Cancelled,Online
1231,313,10,2025-10-10,Completed,In-Store
1232,265,5,2024-12-03,Completed,Online
1233,693,14,2024-09-25,Completed,Online
1234,741,8,2024-07-22,Completed,Online
1235,63,12,2025-09-09,Pending,In-Store
1236,345,8,2024-04-28,Completed,In-Store
1237,444,14,2025-06-20,Pending,Online
1238,140,13,2025-10-14,Completed,Online
1239,588,10,2025-08-13,Completed,In-Store
1240,556,9,2025-05-07,Pending,Online
1241,139,1,2024-02-12,Completed,Online
1242,309,4,2024-09-19,Completed,Online
1243,583,14,2025-07-05,Completed,Phone
1244,449,15,2025-07-02,Completed,Online
1245,234,9,2024-05-06,Pending,Phone
1246,401,6,2025-09-05,Completed,In-Store
1247,588,2,2025-08-15,Pending,Online
1248,752,12,2025-10-09,Pending,In-Store
1249,769,14,2025-06-13,Pending,Online
1250,178,15,2025-08-06,Completed,In-Store
1251,70,13,2024-11-30,Completed,Phone
1252,740,7,2023-11-10,Completed,In-Store
1253,109,10,2024-05-14,Completed,In-Store
1254,66,3,2025-09-20,Completed,In-Store
1255,743,12,2025-09-25,Completed,Online
1256,191,2,2025-10-05,Completed,Online
1257,761,10,2025-11-19,Pending,Phone
1258,711,1,2024-05-01,Cancelled,Online
1259,783,2,2025-02-08,Completed,Online
1260,297,3,2025-09-26,Completed,Online
1261,758,12,2025-12-24,Completed,Online
1262,785,9,2024-08-30,Completed,In-Store
1263,674,4,2025-09-17,Pending,In-Store
1264,368,10,2025-09-21,Completed,In-Store
1265,162,3,2024-11-21,Completed,Online
1266,662,7,2025-09-10,Completed,Online
1267,100,4,2025-08-22,Completed,In-Store
1268,156,2,2023-09-01,Completed,Online
1269,9,2,2024-06-10,Completed,Online
1270,1,1,2024-05-05,Completed,Phone
1271,767,5,2024-05-28,Completed,Online
1272,145,12,2023-10-14,Pending,Online
1273,292,3,2024-11-04,Completed,In-Store
1274,582,13,2024-02-07,Pending,Online
1275,563,1,2025-11-15,Pending,Online
1276,357,15,2025-08-26,Completed,Online
1277,251,15,2025-01-11,Completed,In-Store
1278,775,7,2023-10-07,Pending,Online
1279,220,14,2025-02-15,Pending,Online
1280,182,7,2025-03-09,Completed,Online
1281,192,8,2024-07-08,Completed,Online
1282,433,13,2024-10-20,Completed,Online
1283,273,4,2024-06-02,Completed,Online
1284,430,10,2024-02-19,Completed,Online
1285,734,14,2024-07-14,Completed,Online
1286,316,10,2025-01-29,Completed,Phone
1287,756,5,2023-12-31,Completed,In-Store
1288,312,2,2024-06-09,Completed,Online
1289,315,11,2024-09-04,Completed,Online
1290,517,14,2025-06-22,Completed,Online
1291,599,9,2025-12-01,Completed,Online
1292,33,3,2025-04-18,Cancelled,Online
1293,259,6,2025-01-19,Completed,Online
1294,109,9,2025-05-23,Cancelled,Online
1295,49,1,2025-08-17,Completed,In-Store
1296,397,5,2025-10-24,Completed,Online
1297,544,8,2025-09-16,Pending,In-Store
1298,705,2,2025-11-20,Completed,Online
1299,40,7,2025-09-28,Completed,Online
1300,651,11,2024-09-22,Completed,Online
1301,229,10,2025-03-22,Completed,In-Store
1302,171,12,2024-03-23,Pending,Online
1303,656,3,2024-10-16,Completed,Online
1304,313,3,2024-09-02,Completed,In-Store
1305,69,1,2025-05-30,Completed,In-Store
1306,466,5,2025-07-13,Completed,Online
1307,750,12,2024-02-19,Completed,In-Store
1308,209,1,2025-06-01,Completed,Online
1309,71,12,2025-08-24,Pending,Online
1310,571,2,2025-05-19,Completed,Online
1311,324,11,2025-11-12,Completed,Online
1312,525,1,2025-10-21,Completed,Online
1313,454,12,2025-05-02,Completed,In-Store
1314,264,15,2025-05-04,Pending,Online
1315,240,14,2023-10-12,Completed,Online
1316,527,13,2025-01-21,Completed,Phone
1317,651,12,2024-12-09,Completed,Online
1318,749,9,2024-11-07,Pending,In-Store
1319,337,13,2024-12-01,Completed,Phone
1320,215,9,2025-02-01,Completed,In-Store
1321,504,14,2025-01-04,Completed,Phone
1322,171,14,2025-10-19,Completed,Online
1323,92,11,2024-03-23,Completed,Online
1324,599,2,2025-12-13,Cancelled,Online
1325,515,12,2025-10-09,Completed,Online
1326,72,15,2025-05-26,Completed,In-Store
1327,738,10,2025-04-16,Completed,Online
1328,649,5,2025-03-12,Completed,In-Store
1329,676,3,2024-03-11,Pending,Online
1330,432,13,2024-10-01,Completed,Online
1331,262,5,2025-11-09,Completed,Online
1332,332,11,2023-12-23,Completed,In-Store
1333,194,11,2024-12-18,Completed,Online
1334,433,3,2023-10-07,Completed,Online
1335,217,15,2025-12-05,Completed,In-Store
1336,709,15,2025-12-21,Completed,Online
1337,786,6,2025-01-05,Pending,Online
1338,574,2,2024-05-12,Completed,In-Store
1339,482,8,2024-09-30,Completed,Online
1340,638,15,2025-10-15,Cancelled,Online
1341,70,11,2024-02-27,Pending,Online
1342,473,3,2025-12-16,Completed,Online
1343,279,2,2024-12-14,Completed,Online
1344,284,9,2023-08-26,Completed,In-Store
1345,182,6,2025-11-03,Completed,Online
1346,711,11,2024-09-10,Completed,Online
1347,391,4,2025-11-19,Completed,Online
1348,799,13,2025-08-02,Pending,Online
1349,557,10,2025-11-29,Completed,Online
1350,13,1,2024-04-30,Completed,Online
1351,96,2,2025-08-22,Pending,Online
1352,793,5,2024-07-01,Pending,Phone
1353,71,8,2024-03-16,Completed,Online
1354,189,6,2025-09-26,Completed,Online
1355,681,12,2025-12-08,Completed,In-Store
1356,641,6,2025-06-13,Completed,Online
1357,138,5,2023-09-05,Pending,Online
1358,550,10,2023-10-30,Completed,In-Store
1359,570,7,2024-05-09,Pending,Online
1360,320,8,2025-07-19,Completed,Online
1361,45,1,2025-04-14,Completed,In-Store
1362,41,9,2025-09-19,Completed,Phone
1363,171,4,2024-07-01,Completed,Phone
1364,214,13,2025-08-14,Completed,Online
1365,627,1,2025-12-21,Completed,In-Store
1366,95,7,2024-12-12,Completed,Online
1367,596,11,2025-01-09,Completed,In-Store
1368,561,7,2025-02-18,Completed,Online
1369,528,5,2024-08-30,Completed,Online
1370,99,9,2024-01-07,Completed,In-Store
1371,154,1,2025-08-31,Completed,In-Store
1372,285,7,2025-04-09,Completed,Online
1373,453,3,2024-07-30,Completed,Online
1374,553,15,2025-10-27,Completed,Phone
1375,355,9,2023-12-30,Completed,In-Store
1376,635,2,2023-04-05,Completed,Online
1377,19,5,2024-09-17,Pending,Online
1378,271,7,2025-04-11,Completed,Online
1379,741,15,2024-06-29,Completed,Phone
1380,129,1,2024-09-27,Completed,Online
1381,749,15,2023-06-26,Completed,Online
1382,451,7,2023-05-02,Pending,Online
1383,750,5,2025-02-09,Completed,Online
1384,776,2,2024-06-25,Completed,Online
1385,453,15,2023-02-21,Pending,Online
1386,523,5,2025-02-03,Completed,Online
1387,215,5,2025-11-17,Completed,In-Store
1388,168,6,2025-07-20,Pending,Online
1389,628,8,2024-05-29,Completed,Online
1390,240,5,2025-08-09,Completed,In-Store
1391,550,1,2023-04-01,Completed,In-Store
1392,187,2,2025-09-17,Pending,Online
1393,435,1,2024-03-30,Completed,Online
1394,607,10,2024-11-11,Cancelled,Online
1395,102,10,2024-03-31,Completed,Online
1396,160,13,2023-05-01,Completed,In-Store
1397,229,6,2025-01-11,Completed,Online
1398,566,12,2025-01-25,Completed,Online
1399,203,8,2025-05-29,Completed,Online
1400,563,6,2024-05-17,Completed,Phone
1401,301,4,2024-04-30,Completed,In-Store
1402,700,6,2025-11-10,Completed,Online
1403,306,14,2025-09-26,Completed,Online
1404,665,9,2024-06-06,Pending,Online
1405,11,5,2023-11-16,Completed,In-Store
1406,732,9,2023-04-24,Completed,Online
1407,283,15,2025-02-04,Completed,Phone
1408,329,12,2024-06-08,Pending,Online
1409,371,5,2025-09-20,Pending,In-Store
1410,379,13,2025-07-06,Completed,Online
1411,209,1,2024-03-26,Completed,Online
1412,17,13,2025-09-02,Completed,In-Store
1413,702,9,2025-04-15,Completed,Online
1414,387,11,2025-08-20,Completed,Online
1415,542,7,2024-07-24,Pending,In-Store
1416,240,3,2025-11-15,Completed,Online
1417,538,14,2024-11-11,Completed,Online
1418,322,4,2024-09-02,Completed,Online
1419,512,12,2025-05-28,Completed,Online
1420,266,3,2024-03-02,Completed,In-Store
1421,77,14,2025-03-02,Completed,In-Store
1422,557,6,2025-10-14,Completed,Online
1423,9,4,2024-11-28,Pending,Online
1424,74,8,2025-03-02,Pending,Online
1425,798,1,2023-12-29,Completed,Phone
1426,470,3,2025-07-22,Completed,Online
1427,333,5,2025-11-13,Pending,In-Store
1428,474,12,2025-09-18,Completed,Online
1429,464,7,2024-10-05,Pending,Online
1430,501,5,2024-10-25,Completed,Online
1431,508,6,2024-06-21,Pending,Online
1432,579,14,2024-03-02,Completed,Online
1433,161,6,2023-08-13,Completed,Online
1434,736,11,2023-12-13,Completed,Online
1435,198,15,2025-09-16,Pending,Online
1436,28,6,2024-12-14,Completed,Phone
1437,771,5,2025-10-27,Pending,Online
1438,509,7,2025-08-26,Completed,Online
1439,657,2,2024-12-13,Pending,Online
1440,521,11,2023-11-07,Completed,Online
1441,141,5,2025-11-13,Completed,Online
1442,143,2,2024-11-30,Completed,Online
1443,760,5,2024-02-10,Completed,Online
1444,605,3,2024-07-09,Cancelled,Online
1445,214,15,2025-08-03,Completed,Online
1446,734,9,2024-09-17,Cancelled,Online
1447,139,7,2024-05-12,Completed,Online
1448,653,14,2025-06-11,Completed,In-Store
1449,188,6,2024-07-16,Completed,In-Store
1450,194,10,2024-06-13,Pending,In-Store
1451,281,2,2025-07-01,Completed,Online
1452,351,14,2024-03-10,Cancelled,Online
1453,41,1,2024-07-29,Completed,Online
1454,89,10,2025-08-11,Pending,In-Store
1455,410,2,2023-10-27,Completed,In-Store
1456,224,12,2025-01-14,Cancelled,Online
1457,675,3,2024-02-13,Completed,Online
1458,399,6,2025-07-08,Pending,Online
1459,433,14,2024-08-22,Pending,In-Store
1460,72,8,2025-06-05,Completed,Online
1461,43,15,2025-09-12,Completed,Online
1462,225,5,2025-05-24,Pending,In-Store
1463,301,13,2025-01-06,Completed,Online
1464,669,1,2023-06-06,Completed,Online
1465,401,12,2025-07-07,Completed,Online
1466,547,2,2025-07-17,Completed,Online
1467,406,12,2025-05-04,Completed,Online
1468,69,6,2024-09-23,Pending,Online
1469,713,3,2024-12-04,Completed,In-Store
1470,242,6,2025-04-09,Pending,Online
1471,483,12,2024-05-09,Pending,Online
1472,487,15,2024-12-06,Completed,Online
1473,442,6,2025-08-13,Completed,In-Store
1474,633,14,2024-02-27,Completed,Phone
1475,23,14,2024-09-12,Completed,Online
1476,741,8,2025-11-30,Completed,Online
1477,693,15,2024-01-11,Completed,Phone
1478,164,8,2025-10-11,Completed,In-Store
1479,681,4,2023-06-30,Completed,In-Store
1480,3,6,2025-07-19,Completed,Online
1481,6,7,2024-10-16,Cancelled,Online
1482,594,14,2024-06-18,Pending,Online
1483,96,6,2025-12-25,Cancelled,In-Store
1484,423,11,2025-06-24,Completed,Online
1485,68,8,2025-09-18,Completed,Online
1486,348,10,2025-09-03,Completed,In-Store
1487,607,11,2025-10-15,Completed,In-Store
1488,432,4,2024-09-10,Pending,Online
1489,658,5,2025-06-01,Completed,In-Store
1490,674,3,2025-06-24,Completed,Online
1491,255,1,2025-09-04,Pending,Online
1492,773,5,2025-07-30,Completed,In-Store
1493,696,1,2023-07-05,Pending,In-Store
1494,735,10,2025-03-11,Completed,Online
1495,131,4,2025-03-28,Completed,In-Store
1496,581,14,2025-02-15,Pending,In-Store
1497,465,15,2024-12-10,Completed,Online
1498,755,10,2024-05-09,Completed,Online
1499,462,10,2025-09-01,Pending,Online
1500,623,14,2025-07-27,Completed,In-Store
1501,675,12,2025-02-28,Completed,In-Store
1502,210,9,2024-04-14,Completed,Online
1503,688,7,2025-06-25,Completed,In-Store
1504,32,10,2023-10-09,Cancelled,Online
1505,35,11,2023-05-01,Completed,Online
1506,776,13,2024-09-30,Completed,Phone
1507,315,8,2025-07-20,Completed,Online
1508,781,11,2025-09-06,Completed,In-Store
1509,301,14,2023-03-08,Completed,Online
1510,132,13,2025-08-09,Cancelled,Phone
1511,92,8,2024-08-20,Cancelled,Online
1512,76,9,2024-05-05,Completed,Online
1513,635,7,2024-09-14,Completed,In-Store
1514,283,1,2023-03-23,Completed,Phone
1515,757,12,2025-11-25,Completed,Phone
1516,554,1,2025-09-22,Completed,In-Store
1517,243,6,2024-07-25,Completed,Online
1518,516,15,2025-01-29,Completed,In-Store
1519,611,3,2025-11-24,Completed,Online
1520,400,7,2025-10-22,Completed,Online
1521,609,11,2025-04-15,Completed,Online
1522,729,5,2025-06-25,Completed,Phone
1523,141,15,2024-10-10,Completed,Online
1524,587,6,2024-07-16,Completed,Online
1525,238,1,2025-09-30,Completed,In-Store
1526,398,9,2025-04-16,Completed,In-Store
1527,749,9,2023-12-30,Completed,In-Store
1528,12,14,2025-08-14,Completed,Online
1529,139,1,2024-11-07,Completed,In-Store
1530,402,1,2025-11-19,Completed,Online
1531,505,15,2025-06-26,Completed,In-Store
1532,610,7,2025-05-23,Completed,Online
1533,13,4,2023-07-09,Completed,In-Store
1534,416,1,2025-10-04,Completed,Phone
1535,236,11,2024-07-20,Cancelled,Online
1536,252,10,2025-06-06,Completed,Online
1537,741,8,2025-10-09,Cancelled,Online
1538,736,7,2024-12-01,Completed,Online
1539,622,8,2025-07-16,Completed,Online
1540,764,12,2025-02-20,Completed,In-Store
1541,369,7,2025-02-12,Completed,In-Store
1542,699,3,2025-08-18,Cancelled,Online
1543,330,4,2024-06-10,Pending,Phone
1544,347,11,2025-09-29,Completed,In-Store
1545,67,7,2024-10-31,Completed,In-Store
1546,538,3,2023-12-27,Completed,In-Store
1547,59,15,2023-10-22,Completed,Online
1548,403,13,2025-07-03,Completed,In-Store
1549,155,15,2025-10-06,Completed,Online
1550,717,1,2023-08-19,Completed,Online
1551,344,10,2025-06-14,Completed,In-Store
1552,656,8,2024-05-09,Completed,Online
1553,164,1,2024-03-05,Completed,Online
1554,323,10,2025-02-14,Completed,Online
1555,636,15,2025-06-13,Completed,In-Store
1556,135,12,2025-08-11,Completed,In-Store
1557,721,15,2024-01-10,Pending,Online
1558,168,3,2023-11-22,Pending,Phone
1559,504,2,2024-02-28,Completed,Online
1560,715,2,2023-05-02,Completed,In-Store
1561,278,7,2025-12-03,Completed,Online
1562,456,3,2025-08-24,Pending,Online
1563,331,6,2023-12-08,Completed,In-Store
1564,770,13,2025-05-15,Completed,Online
1565,392,6,2025-07-21,Completed,Online
1566,603,10,2025-02-24,Completed,Online
1567,43,12,2025-11-12,Completed,Online
1568,158,15,2025-08-17,Completed,Online
1569,754,9,2025-08-10,Cancelled,In-Store
1570,13,10,2024-06-02,Completed,In-Store
1571,569,5,2025-10-17,Completed,In-Store
1572,770,12,2025-02-09,Cancelled,Phone
1573,229,10,2025-07-24,Completed,Online
1574,46,13,2025-08-04,Completed,Phone
1575,320,3,2025-11-24,Completed,In-Store
1576,436,12,2025-07-14,Pending,Online
1577,133,14,2024-11-09,Pending,Online
1578,173,15,2025-03-27,Completed,Online
1579,215,2,2024-02-25,Completed,In-Store
1580,95,13,2025-01-11,Pending,In-Store
1581,349,10,2025-06-15,Completed,Online
1582,472,12,2025-09-26,Completed,Online
1583,587,1,2025-11-27,Pending,In-Store
1584,478,8,2024-12-01,Completed,Online
1585,702,1,2024-03-04,Completed,Online
1586,60,9,2024-11-30,Completed,Phone
1587,24,14,2025-09-20,Completed,Online
1588,185,2,2023-10-02,Pending,In-Store
1589,663,13,2025-01-03,Completed,In-Store
1590,611,1,2024-01-21,Completed,Online
1591,567,10,2023-12-20,Completed,Phone
1592,46,7,2025-02-10,Completed,In-Store
1593,224,2,2025-06-08,Completed,Online
1594,529,5,2024-08-04,Completed,Online
1595,495,1,2024-09-30,Completed,In-Store
1596,597,11,2025-03-21,Pending,In-Store
1597,437,9,2025-06-28,Completed,Online
1598,628,6,2025-02-18,Completed,Online
1599,375,8,2024-08-09,Completed,Phone
1600,91,6,2024-12-18,Pending,In-Store
1601,564,6,2024-10-22,Completed,Online
1602,483,12,2025-07-22,Completed,Online
1603,118,7,2025-11-11,Completed,Online
1604,415,10,2024-12-24,Completed,Phone
1605,295,1,2024-07-09,Completed,In-Store
1606,768,1,2024-12-05,Completed,Online
1607,80,1,2025-09-29,Completed,Online
1608,138,13,2024-02-25,Completed,In-Store
1609,464,10,2025-11-07,Completed,Online
1610,405,15,2025-05-14,Pending,Online
1611,366,12,2023-12-01,Completed,In-Store
1612,270,13,2025-10-26,Completed,Online
1613,700,5,2024-01-18,Completed,Online
1614,68,5,2023-10-24,Completed,In-Store
1615,539,9,2025-02-28,Pending,Online
1616,293,4,2025-03-19,Completed,Online
1617,549,8,2023-07-22,Completed,Online
1618,444,8,2025-01-07,Completed,Online
1619,132,6,2024-06-12,Pending,Online
1620,739,2,2025-05-06,Completed,In-Store
1621,56,3,2023-08-08,Completed,Online
1622,98,2,2025-06-30,Completed,Online
1623,98,14,2025-04-16,Pending,Online
1624,49,6,2025-05-02,Completed,Online
1625,658,3,2025-05-12,Completed,Phone
1626,261,6,2024-03-19,Completed,Online
1627,792,13,2025-06-24,Completed,In-Store
1628,275,3,2024-06-29,Completed,Online
1629,284,11,2024-12-07,Completed,Online
1630,393,7,2025-05-07,Completed,In-Store
1631,253,14,2024-10-11,Completed,Phone
1632,596,12,2025-05-07,Completed,Online
1633,158,5,2025-08-23,Pending,In-Store
1634,661,12,2023-10-06,Cancelled,In-Store
1635,513,12,2025-03-27,Completed,Online
1636,674,2,2025-04-06,Completed,Online
1637,708,3,2024-05-28,Completed,Phone
1638,568,15,2024-08-03,Completed,Online
1639,792,8,2025-04-19,Completed,Online
1640,398,14,2024-08-12,Completed,Online
1641,518,14,2024-09-18,Cancelled,Online
1642,27,7,2024-09-02,Completed,Online
1643,111,3,2025-05-21,Completed,Online
1644,200,4,2025-08-05,Cancelled,Online
1645,445,8,2024-11-14,Completed,Phone
1646,166,15,2023-11-18,Completed,Online
1647,206,5,2025-02-02,Completed,Online
1648,580,11,2025-10-24,Pending,Phone
1649,493,2,2024-02-16,Pending,In-Store
1650,699,5,2023-10-22,Pending,Phone
1651,297,2,2025-10-11,Pending,Online
1652,219,7,2025-02-21,Completed,Online
1653,568,13,2023-07-25,Completed,In-Store
1654,156,2,2025-05-22,Pending,Online
1655,612,11,2025-03-24,Completed,Online
1656,758,5,2023-12-20,Completed,In-Store
1657,556,10,2024-08-10,Completed,Online
1658,349,7,2025-03-11,Cancelled,Phone
1659,150,14,2023-04-17,Completed,In-Store
1660,392,14,2025-12-15,Completed,Online
1661,388,9,2024-10-03,Cancelled,In-Store
1662,6,1,2023-07-12,Cancelled,Online
1663,145,1,2025-02-24,Completed,Online
1664,144,4,2025-09-27,Completed,Online
1665,160,9,2025-08-29,Cancelled,Online
1666,770,9,2025-07-13,Completed,Online
1667,793,6,2025-08-28,Cancelled,Phone
1668,42,10,2024-06-14,Completed,Online
1669,781,9,2024-06-12,Completed,In-Store
1670,751,15,2024-10-20,Completed,Online
1671,573,11,2024-08-05,Completed,Phone
1672,736,8,2025-07-24,Pending,Online
1673,586,5,2024-08-17,Completed,In-Store
1674,441,10,2024-10-13,Completed,Online
1675,387,2,2024-07-18,Completed,Online
1676,45,2,2025-04-18,Completed,Online
1677,629,3,2024-10-10,Pending,Online
1678,189,4,2024-07-01,Pending,Online
1679,339,6,2025-07-27,Pending,In-Store
1680,179,14,2025-02-04,Pending,Online
1681,782,4,2025-08-11,Completed,In-Store
1682,232,1,2025-07-06,Pending,Online
1683,161,10,2025-09-30,Completed,Online
1684,416,7,2024-11-11,Completed,Phone
1685,770,1,2023-07-04,Completed,Online
1686,367,1,2025-09-02,Completed,Online
1687,619,8,2025-10-31,Completed,Online
1688,386,3,2025-09-03,Completed,In-Store
1689,147,4,2025-12-28,Pending,Online
1690,292,6,2025-05-03,Completed,Online
1691,303,13,2025-05-19,Completed,In-Store
1692,439,7,2024-08-04,Completed,Online
1693,57,7,2024-09-20,Pending,In-Store
1694,490,11,2024-12-28,Pending,Online
1695,498,2,2025-01-04,Completed,Online
1696,525,6,2025-04-07,Pending,Online
1697,42,1,2023-09-25,Completed,In-Store
1698,448,6,2024-11-15,Completed,In-Store
1699,503,11,2024-12-23,Pending,Online
1700,798,5,2024-09-15,Completed,Online
1701,378,2,2024-04-22,Completed,Phone
1702,689,7,2025-06-14,Completed,In-Store
1703,424,10,2025-10-05,Completed,Online
1704,769,8,2024-01-17,Completed,Online
1705,673,6,2023-12-07,Completed,In-Store
1706,707,15,2024-02-17,Completed,In-Store
1707,475,14,2024-01-15,Completed,In-Store
1708,666,10,2025-01-11,Completed,Online
1709,325,2,2024-07-28,Completed,Online
1710,206,1,2025-10-15,Cancelled,In-Store
1711,209,4,2023-04-03,Completed,In-Store
1712,715,4,2025-04-30,Pending,In-Store
1713,614,3,2025-12-03,Cancelled,Phone
1714,268,10,2025-05-08,Pending,Phone
1715,62,9,2024-01-14,Completed,Online
1716,248,2,2025-05-22,Completed,Online
1717,650,11,2025-10-20,Completed,Online
1718,413,9,2023-10-11,Completed,Online
1719,474,13,2023-11-18,Completed,In-Store
1720,399,7,2023-05-31,Completed,Online
1721,450,6,2024-12-02,Completed,Online
1722,737,6,2024-02-03,Completed,Phone
1723,69,10,2025-05-23,Completed,In-Store
1724,780,9,2025-09-15,Completed,Online
1725,344,9,2025-11-23,Completed,Online
1726,214,1,2024-04-10,Completed,Online
1727,228,5,2025-06-12,Completed,In-Store
1728,479,14,2025-08-30,Pending,Online
1729,230,9,2024-02-02,Pending,Phone
1730,517,15,2025-04-24,Completed,In-Store
1731,145,12,2024-02-13,Completed,Online
1732,358,12,2024-09-23,Pending,In-Store
1733,124,11,2024-12-02,Completed,Online
1734,42,10,2024-11-06,Completed,Online
1735,630,12,2025-05-10,Completed,In-Store
1736,730,6,2025-08-27,Completed,Online
1737,292,8,2024-09-11,Completed,In-Store
1738,99,1,2025-11-08,Completed,Phone
1739,686,5,2024-03-02,Pending,Online
1740,94,14,2025-07-23,Completed,In-Store
1741,24,15,2025-08-20,Cancelled,Phone
1742,171,12,2025-02-05,Completed,Online
1743,604,1,2024-12-18,Completed,Online
1744,748,1,2024-01-12,Completed,Online
1745,391,10,2024-08-02,Pending,Online
1746,54,9,2024-04-03,Completed,Online
1747,178,9,2024-10-07,Cancelled,Online
1748,175,9,2023-11-10,Completed,In-Store
1749,69,6,2024-02-19,Pending,Online
1750,358,11,2024-12-27,Completed,In-Store
1751,620,8,2024-10-29,Completed,Online
1752,752,14,2025-05-17,Completed,In-Store
1753,129,11,2025-01-10,Pending,Online
1754,189,7,2025-03-25,Completed,In-Store
1755,333,3,2025-09-01,Pending,In-Store
1756,156,7,2025-06-08,Completed,Online
1757,379,12,2025-01-09,Completed,Phone
1758,361,14,2025-04-19,Pending,Online
1759,45,1,2024-07-28,Completed,Online
1760,18,13,2025-09-28,Completed,Online
1761,773,1,2025-04-16,Completed,Online
1762,268,13,2025-09-10,Completed,In-Store
1763,753,11,2025-07-01,Completed,In-Store
1764,418,11,2024-05-25,Completed,Online
1765,339,12,2025-11-10,Completed,Online
1766,275,9,2025-08-25,Completed,In-Store
1767,646,3,2024-02-17,Pending,Online
1768,419,13,2024-04-23,Completed,In-Store
1769,549,1,2025-05-17,Completed,In-Store
1770,475,3,2024-07-13,Completed,Online
1771,714,8,2025-03-15,Pending,Online
1772,354,11,2024-10-20,Completed,Online
1773,674,3,2023-08-07,Completed,Online
1774,272,13,2024-08-31,Completed,Online
1775,339,4,2025-11-03,Completed,Phone
1776,282,14,2025-09-13,Completed,In-Store
1777,373,8,2025-08-10,Completed,In-Store
1778,619,14,2023-11-24,Completed,Online
1779,353,14,2025-05-16,Completed,Online
1780,205,4,2025-03-18,Completed,Phone
1781,384,7,2024-07-27,Completed,In-Store
1782,402,3,2025-12-10,Completed,Online
1783,634,10,2025-05-30,Completed,In-Store
1784,103,3,2023-08-25,Completed,In-Store
1785,379,10,2024-04-09,Completed,Online
1786,736,6,2025-06-28,Completed,Online
1787,663,5,2025-07-26,Pending,Online
1788,479,10,2025-10-07,Pending,Phone
1789,501,4,2024-04-04,Completed,Online
1790,446,13,2025-02-15,Completed,Online
1791,634,14,2024-07-17,Completed,Online
1792,182,1,2025-10-04,Completed,In-Store
1793,654,6,2024-01-10,Completed,Online
1794,737,13,2025-08-21,Completed,In-Store
1795,250,14,2024-12-26,Completed,Online
1796,385,1,2025-10-22,Completed,Online
1797,242,3,2025-11-29,Completed,Online
1798,684,11,2025-10-30,Cancelled,Online
1799,523,10,2024-08-09,Completed,Online
1800,264,12,2024-07-29,Pending,Phone
1801,470,1,2025-01-12,Completed,Online
1802,405,6,2025-05-29,Pending,In-Store
1803,774,11,2025-02-02,Completed,Online
1804,795,8,2024-12-31,Cancelled,Online
1805,48,3,2024-07-16,Completed,In-Store
1806,1,5,2023-08-27,Completed,In-Store
1807,233,2,2024-11-14,Cancelled,In-Store
1808,257,7,2025-06-14,Completed,Online
1809,29,5,2025-01-02,Completed,In-Store
1810,765,3,2024-05-23,Completed,Phone
1811,338,10,2025-08-10,Completed,Phone
1812,463,3,2025-10-06,Completed,Online
1813,411,11,2025-11-17,Pending,Online
1814,630,8,2024-10-24,Completed,Online
1815,10,7,2025-11-04,Completed,In-Store
1816,763,14,2024-06-21,Completed,Online
1817,217,9,2024-02-20,Completed,In-Store
1818,700,12,2025-09-10,Completed,In-Store
1819,318,12,2024-11-13,Completed,Online
1820,796,6,2025-01-31,Completed,Online
1821,279,2,2024-03-17,Completed,Online
1822,506,14,2025-04-02,Completed,Phone
1823,101,14,2025-08-20,Completed,Online
1824,618,4,2025-12-15,Completed,Online
1825,594,9,2025-03-02,Completed,Phone
1826,111,8,2025-02-16,Completed,Online
1827,464,1,2025-02-20,Completed,Online
1828,185,5,2025-10-03,Completed,Online
1829,321,5,2023-12-06,Completed,Online
1830,278,3,2024-09-13,Completed,Online
1831,450,7,2025-05-20,Pending,Online
1832,507,6,2025-08-29,Completed,In-Store
1833,395,14,2025-11-04,Pending,In-Store
1834,274,3,2024-06-25,Completed,Online
1835,434,10,2025-09-09,Completed,Online
1836,67,11,2024-03-31,Pending,Online
1837,525,12,2025-09-01,Completed,Online
1838,244,5,2025-08-19,Completed,Phone
1839,256,12,2024-12-16,Completed,In-Store
1840,210,6,2024-04-02,Completed,In-Store
1841,637,6,2024-11-07,Pending,Phone
1842,99,14,2024-02-07,Completed,Online
1843,281,3,2024-12-26,Cancelled,Online
1844,412,11,2025-05-03,Cancelled,Online
1845,658,1,2024-01-23,Pending,Online
1846,83,1,2023-07-27,Completed,Online
1847,556,12,2025-01-30,Cancelled,In-Store
1848,213,6,2024-11-05,Completed,Online
1849,419,14,2024-08-08,Pending,Online
1850,575,7,2025-11-07,Pending,Online
1851,35,14,2025-10-05,Completed,In-Store
1852,530,11,2025-07-01,Completed,In-Store
1853,387,10,2025-06-01,Cancelled,In-Store
1854,378,3,2023-11-28,Pending,Online
1855,199,12,2025-04-01,Completed,In-Store
1856,613,7,2024-06-27,Completed,Online
1857,761,15,2025-11-20,Pending,In-Store
1858,43,9,2024-11-02,Pending,Phone
1859,701,5,2024-10-01,Cancelled,In-Store
1860,772,13,2025-07-31,Completed,Online
1861,364,2,2025-06-18,Completed,Online
1862,668,13,2025-08-20,Completed,Online
1863,35,13,2025-04-11,Completed,In-Store
1864,538,13,2025-06-01,Completed,Online
1865,647,11,2023-11-12,Completed,Online
1866,582,10,2024-07-10,Pending,Phone
1867,221,12,2023-08-01,Pending,Online
1868,419,9,2025-02-13,Completed,In-Store
1869,352,10,2024-11-26,Completed,In-Store
1870,4,12,2025-09-05,Completed,Online
1871,545,7,2025-05-03,Completed,Online
1872,336,10,2025-07-17,Completed,Phone
1873,773,14,2025-04-13,Completed,In-Store
1874,691,4,2025-12-15,Completed,Online
1875,81,6,2025-08-18,Completed,Online
1876,638,13,2024-10-28,Pending,Online
1877,472,6,2024-06-16,Completed,Online
1878,67,14,2025-07-20,Completed,Online
1879,54,14,2024-11-25,Pending,Online
1880,412,2,2025-08-26,Completed,In-Store
1881,315,5,2025-12-13,Completed,Online
1882,725,7,2025-08-02,Pending,Online
1883,85,15,2024-10-30,Completed,Online
1884,772,15,2024-03-08,Completed,Online
1885,415,9,2025-09-28,Pending,Phone
1886,654,7,2025-09-11,Pending,In-Store
1887,726,2,2024-06-29,Completed,Online
1888,649,6,2025-02-09,Completed,Online
1889,274,9,2025-05-28,Completed,Online
1890,694,9,2024-01-03,Pending,Online
1891,308,15,2025-02-20,Completed,In-Store
1892,339,7,2025-04-22,Completed,Online
1893,442,13,2025-10-02,Completed,Online
1894,629,10,2024-03-22,Completed,Online
1895,82,13,2024-12-04,Completed,Online
1896,534,10,2024-05-01,Completed,In-Store
1897,577,12,2025-11-20,Completed,Online
1898,754,7,2025-02-23,Completed,In-Store
1899,523,13,2025-01-21,Pending,Online
1900,163,9,2023-11-28,Completed,Phone
1901,745,5,2024-09-02,Pending,Online
1902,225,8,2023-06-26,Completed,Online
1903,727,6,2024-11-15,Completed,Online
1904,723,11,2025-06-29,Completed,In-Store
1905,367,13,2024-10-09,Completed,Online
1906,580,4,2025-05-20,Completed,Online
1907,149,3,2025-01-15,Completed,In-Store
1908,567,1,2024-12-12,Completed,Online
1909,6,2,2024-03-10,Completed,Online
1910,17,6,2025-07-28,Completed,Online
1911,718,3,2025-02-06,Completed,Online
1912,614,12,2025-09-21,Completed,Phone
1913,366,6,2024-07-23,Pending,In-Store
1914,187,7,2025-07-19,Cancelled,Online
1915,23,14,2025-02-18,Completed,In-Store
1916,800,3,2025-05-28,Completed,Online
1917,779,4,2025-01-21,Completed,In-Store
1918,20,6,2025-06-06,Completed,Online
1919,578,3,2023-08-29,Completed,In-Store
1920,415,12,2025-07-30,Pending,Online
1921,659,5,2025-03-03,Pending,In-Store
1922,496,3,2025-09-10,Cancelled,Online
1923,500,5,2025-10-25,Completed,In-Store
1924,382,6,2024-12-24,Pending,In-Store
1925,101,11,2025-04-11,Completed,In-Store
1926,105,5,2025-04-17,Completed,Phone
1927,711,4,2023-06-24,Completed,Online
1928,785,7,2025-11-26,Completed,Online
1929,37,7,2025-03-05,Pending,Online
1930,542,6,2025-06-14,Completed,Phone
1931,681,9,2024-06-02,Pending,Online
1932,690,13,2025-05-17,Completed,Online
1933,219,4,2024-04-27,Pending,In-Store
1934,505,11,2025-06-17,Completed,Online
1935,684,1,2024-09-18,Pending,In-Store
1936,374,9,2024-04-12,Completed,Online
1937,426,4,2023-12-14,Completed,Online
1938,782,9,2025-04-24,Cancelled,Online
1939,111,10,2025-02-11,Completed,Online
1940,113,9,2025-10-23,Completed,Online
1941,103,12,2024-11-20,Completed,Phone
1942,267,7,2024-09-12,Completed,Phone
1943,274,1,2023-12-10,Completed,Online
1944,299,8,2023-11-25,Completed,Online
1945,511,3,2025-11-24,Completed,In-Store
1946,688,3,2025-04-26,Completed,Online
1947,331,12,2023-11-28,Completed,In-Store
1948,579,12,2024-08-05,Completed,Online
1949,723,10,2025-03-12,Completed,Online
1950,284,3,2025-10-12,Completed,Online
1951,4,3,2025-09-09,Completed,In-Store
1952,792,6,2024-12-30,Completed,In-Store
1953,371,8,2025-07-31,Pending,In-Store
1954,27,15,2025-09-16,Completed,Online
1955,580,10,2025-12-12,Completed,In-Store
1956,133,5,2023-11-21,Completed,Online
1957,780,11,2024-10-18,Completed,Online
1958,476,14,2024-09-15,Pending,Online
1959,732,15,2024-11-25,Completed,In-Store
1960,767,14,2024-07-23,Completed,Phone
1961,353,7,2025-12-06,Completed,Online
1962,736,15,2025-06-24,Completed,In-Store
1963,485,7,2025-06-19,Completed,Online
1964,520,6,2025-07-13,Cancelled,Online
1965,702,7,2025-01-12,Completed,Online
1966,420,13,2024-12-28,Completed,In-Store
1967,584,10,2023-12-21,Completed,Online
1968,88,1,2023-09-09,Completed,Phone
1969,677,13,2025-11-29,Completed,Phone
1970,24,13,2025-04-16,Completed,Online
1971,449,9,2024-01-11,Completed,Online
1972,392,14,2023-09-23,Completed,In-Store
1973,593,11,2024-06-21,Pending,In-Store
1974,147,9,2024-04-26,Completed,Phone
1975,435,9,2025-01-11,Cancelled,Online
1976,134,3,2025-10-09,Pending,Phone
1977,334,9,2025-04-16,Completed,Online
1978,532,8,2025-08-23,Pending,Online
1979,308,2,2025-03-29,Completed,In-Store
1980,540,8,2025-06-15,Completed,Online
1981,4,2,2024-07-23,Completed,Online
1982,328,11,2024-07-05,Completed,Online
1983,408,1,2025-02-17,Pending,Online
1984,548,12,2024-10-07,Completed,In-Store
1985,8,2,2025-05-11,Completed,Online
1986,123,14,2024-12-16,Completed,In-Store
1987,461,14,2025-12-20,Completed,In-Store
1988,608,15,2025-10-20,Completed,Phone
1989,471,5,2024-08-19,Completed,In-Store
1990,395,3,2025-05-24,Completed,Phone
1991,482,12,2025-03-13,Completed,In-Store
1992,312,10,2023-12-15,Completed,Online
1993,232,5,2023-10-18,Completed,In-Store
1994,52,11,2025-11-30,Completed,Online
1995,416,7,2024-08-20,Cancelled,In-Store
1996,227,7,2024-05-20,Completed,Online
1997,61,15,2025-10-22,Completed,Online
1998,187,7,2025-06-16,Completed,Online
1999,460,13,2025-06-19,Completed,Online
2000,711,8,2024-05-13,Pending,Online
2001,309,8,2024-07-17,Completed,Online
2002,589,1,2024-08-12,Completed,Online
2003,675,1,2024-08-01,Completed,In-Store
2004,723,12,2025-11-13,Completed,Phone
2005,218,12,2024-05-24,Completed,Online
2006,255,11,2023-12-12,Completed,Online
2007,332,15,2025-11-06,Completed,Online
2008,92,6,2023-09-07,Completed,In-Store
2009,716,1,2025-07-10,Completed,In-Store
2010,329,4,2025-01-26,Pending,Phone
2011,761,4,2024-07-16,Completed,Phone
2012,178,9,2024-10-18,Completed,Online
2013,77,11,2024-09-13,Completed,Online
2014,676,7,2025-02-02,Completed,In-Store
2015,518,1,2024-06-30,Completed,Online
2016,99,14,2025-11-19,Completed,Online
2017,396,4,2024-12-22,Completed,Phone
2018,611,1,2023-04-02,Completed,In-Store
2019,13,8,2023-09-02,Completed,Online
2020,685,14,2025-06-29,Completed,Online
2021,229,12,2024-07-21,Pending,Phone
2022,533,13,2024-11-16,Completed,Online
2023,562,4,2025-04-09,Pending,Online
2024,382,2,2024-01-28,Completed,Online
2025,360,11,2024-11-08,Completed,Online
2026,246,13,2025-02-26,Completed,In-Store
2027,571,8,2025-10-17,Pending,In-Store
2028,13,14,2025-10-20,Completed,Online
2029,508,7,2024-10-18,Completed,Online
2030,208,13,2024-05-06,Completed,Online
2031,504,12,2023-06-26,Completed,Online
2032,509,12,2025-08-28,Completed,In-Store
2033,170,3,2025-07-25,Completed,In-Store
2034,105,3,2025-05-15,Completed,Online
2035,413,7,2025-11-23,Completed,Online
2036,301,13,2025-07-09,Completed,Online
2037,565,13,2024-04-14,Pending,Online
2038,711,9,2025-09-24,Completed,In-Store
2039,474,2,2025-06-23,Completed,Phone
2040,125,10,2024-06-11,Completed,Online
2041,763,2,2024-03-21,Pending,In-Store
2042,498,7,2024-12-18,Completed,Online
2043,96,4,2024-06-18,Completed,Online
2044,685,1,2025-06-17,Completed,Online
2045,304,11,2024-04-07,Completed,Online
2046,782,15,2025-04-24,Completed,Online
2047,461,5,2025-07-20,Completed,In-Store
2048,395,1,2025-08-10,Completed,In-Store
2049,702,14,2025-11-27,Completed,Online
2050,398,15,2025-06-30,Completed,Online
2051,110,1,2023-04-29,Pending,Online
2052,321,10,2023-11-26,Completed,In-Store
2053,54,1,2025-07-07,Completed,Phone
2054,366,6,2024-02-25,Completed,Online
2055,417,12,2023-10-23,Completed,Online
2056,250,15,2025-12-25,Cancelled,Online
2057,735,2,2023-08-13,Completed,In-Store
2058,159,5,2025-01-29,Completed,Online
2059,95,5,2024-08-14,Cancelled,Phone
2060,494,15,2024-11-07,Completed,Online
2061,235,14,2025-06-10,Completed,Online
2062,270,7,2025-06-22,Completed,Online
2063,237,10,2024-07-29,Completed,Online
2064,665,1,2025-06-04,Completed,Online
2065,90,14,2025-08-05,Completed,In-Store
2066,53,13,2024-09-03,Cancelled,Phone
2067,693,15,2023-09-14,Completed,In-Store
2068,74,13,2023-04-12,Completed,In-Store
2069,408,14,2025-07-01,Completed,Online
2070,447,10,2025-08-01,Completed,Online
2071,151,4,2024-05-20,Completed,In-Store
2072,105,3,2025-04-30,Completed,Online
2073,170,15,2025-09-02,Completed,In-Store
2074,556,7,2025-01-29,Pending,In-Store
2075,25,10,2024-08-08,Completed,Online
2076,790,11,2023-11-22,Completed,Online
2077,17,12,2024-07-16,Cancelled,Phone
2078,222,3,2025-08-30,Completed,Online
2079,585,4,2024-11-13,Completed,Online
2080,276,11,2025-10-30,Completed,In-Store
2081,213,1,2024-05-03,Completed,Online
2082,734,9,2025-01-15,Completed,In-Store
2083,298,9,2025-05-22,Completed,Online
2084,303,3,2024-12-30,Completed,In-Store
2085,335,2,2025-09-19,Completed,Online
2086,551,13,2025-07-21,Completed,Online
2087,463,3,2025-10-05,Completed,Online
2088,210,10,2025-10-14,Completed,Online
2089,627,7,2024-03-14,Completed,In-Store
2090,286,15,2025-07-23,Cancelled,Online
2091,753,6,2024-12-24,Completed,In-Store
2092,423,14,2024-08-22,Completed,Online
2093,19,11,2024-11-06,Pending,In-Store
2094,562,4,2023-05-18,Completed,In-Store
2095,731,5,2025-02-05,Completed,Phone
2096,519,11,2025-03-23,Completed,Online
2097,602,1,2023-07-09,Completed,Phone
2098,443,2,2024-04-29,Pending,Online
2099,362,10,2025-04-12,Completed,Online
2100,229,1,2024-08-06,Completed,Online
2101,357,11,2023-10-18,Completed,Online
2102,385,1,2025-12-16,Completed,Online
2103,739,4,2025-12-16,Cancelled,Online
2104,491,10,2024-01-05,Pending,Online
2105,226,4,2025-01-18,Completed,Online
2106,630,9,2025-04-19,Completed,Online
2107,243,8,2024-11-25,Completed,Phone
2108,45,8,2025-04-15,Pending,Online
2109,463,14,2025-05-18,Completed,In-Store
2110,528,4,2023-11-01,Completed,Phone
2111,373,9,2024-02-17,Completed,In-Store
2112,216,1,2023-03-10,Completed,Online
2113,504,9,2025-01-07,Completed,Online
2114,194,7,2024-11-30,Completed,Online
2115,700,13,2025-04-22,Completed,Online
2116,193,3,2023-07-12,Completed,Online
2117,35,10,2025-07-29,Completed,Online
2118,370,10,2025-07-10,Completed,Online
2119,15,14,2025-04-04,Completed,In-Store
2120,555,11,2025-08-02,Completed,Online
2121,380,6,2025-06-07,Cancelled,Online
2122,7,8,2025-02-04,Completed,In-Store
2123,421,1,2025-11-30,Completed,In-Store
2124,146,7,2023-12-26,Completed,Online
2125,443,11,2023-09-26,Completed,Phone
2126,58,4,2024-11-28,Completed,Online
2127,118,7,2025-09-04,Completed,In-Store
2128,151,2,2025-12-23,Completed,Online
2129,57,15,2024-12-18,Pending,Online
2130,456,13,2025-09-13,Completed,Online
2131,82,3,2025-04-02,Completed,Online
2132,594,6,2025-09-30,Pending,Online
2133,20,11,2025-03-29,Pending,Online
2134,351,3,2025-05-13,Completed,Online
2135,326,8,2025-02-27,Completed,Online
2136,314,3,2025-04-18,Completed,Online
2137,123,8,2025-12-02,Completed,In-Store
2138,397,12,2024-07-29,Completed,Online
2139,592,14,2025-05-09,Completed,Online
2140,244,6,2024-09-11,Completed,In-Store
2141,720,2,2025-02-25,Completed,In-Store
2142,60,5,2025-08-09,Completed,Online
2143,86,11,2025-11-17,Cancelled,Online
2144,296,10,2025-02-23,Completed,Phone
2145,691,3,2024-10-28,Pending,Online
2146,342,11,2025-08-06,Completed,Online
2147,415,5,2025-10-15,Completed,Online
2148,193,4,2025-03-06,Pending,In-Store
2149,405,12,2024-12-07,Pending,In-Store
2150,786,2,2024-04-18,Completed,Online
2151,401,9,2025-01-27,Completed,Online
2152,346,9,2025-04-16,Completed,Online
2153,265,6,2024-06-08,Completed,Phone
2154,548,5,2025-04-10,Completed,Online
2155,422,2,2025-02-03,Completed,In-Store
2156,160,3,2024-09-25,Completed,Online
2157,589,9,2024-01-26,Pending,Phone
2158,700,5,2024-11-07,Completed,Online
2159,561,15,2025-07-23,Completed,In-Store
2160,512,6,2025-01-07,Pending,Online
2161,439,10,2023-11-04,Completed,In-Store
2162,265,15,2025-03-11,Completed,Online
2163,140,12,2023-10-03,Cancelled,Phone
2164,66,12,2024-11-30,Completed,In-Store
2165,302,8,2024-11-11,Completed,In-Store
2166,136,12,2023-10-31,Pending,Online
2167,307,4,2025-07-26,Completed,Online
2168,65,13,2024-04-21,Completed,Online
2169,49,15,2025-04-20,Completed,In-Store
2170,411,7,2025-08-05,Completed,In-Store
2171,565,11,2025-01-17,Completed,Online
2172,599,1,2023-11-19,Completed,Phone
2173,780,5,2025-09-08,Completed,Online
2174,632,9,2024-12-21,Pending,Online
2175,767,8,2024-12-30,Completed,Phone
2176,495,8,2024-12-17,Pending,Online
2177,234,14,2025-08-11,Completed,Online
2178,786,1,2025-11-16,Completed,Online
2179,652,11,2024-03-28,Completed,Online
2180,718,11,2025-08-10,Completed,Online
2181,293,7,2024-01-27,Completed,Online
2182,442,8,2024-06-29,Completed,In-Store
2183,707,8,2025-12-01,Completed,Online
2184,608,11,2024-03-06,Cancelled,Online
2185,331,4,2025-11-14,Completed,In-Store
2186,121,4,2024-07-25,Completed,Online
2187,78,1,2025-01-02,Completed,Online
2188,170,9,2024-06-06,Completed,Online
2189,303,6,2023-08-04,Completed,Online
2190,397,3,2024-12-15,Completed,Online
2191,707,6,2025-10-04,Pending,In-Store
2192,793,9,2024-10-06,Completed,In-Store
2193,645,12,2025-09-02,Completed,Phone
2194,139,8,2024-10-19,Completed,In-Store
2195,747,6,2024-08-31,Completed,In-Store
2196,293,1,2024-07-09,Completed,Online
2197,736,14,2024-09-22,Completed,Online
2198,140,13,2023-11-20,Completed,Online
2199,209,13,2025-06-21,Cancelled,Phone
2200,207,4,2024-11-14,Completed,Online
2201,191,8,2025-07-31,Pending,Online
2202,713,12,2025-08-22,Completed,Online
2203,167,10,2025-01-14,Completed,Online
2204,120,14,2024-12-08,Completed,In-Store
2205,329,7,2023-07-25,Completed,In-Store
2206,642,7,2025-02-11,Cancelled,Phone
2207,519,13,2024-06-11,Completed,Online
2208,263,15,2025-01-19,Completed,Online
2209,387,13,2024-06-28,Completed,Online
2210,79,2,2024-09-29,Pending,In-Store
2211,409,14,2025-03-04,Completed,Online
2212,407,11,2024-11-11,Pending,Online
2213,508,14,2023-11-16,Completed,Online
2214,346,15,2025-01-07,Completed,Online
2215,505,3,2025-09-28,Pending,Online
2216,116,4,2024-10-28,Completed,Online
2217,439,8,2025-01-01,Pending,Online
2218,34,5,2024-08-20,Completed,Online
2219,403,4,2025-02-10,Completed,Online
2220,589,8,2025-02-18,Completed,Online
2221,379,8,2025-09-06,Completed,Online
2222,552,7,2025-10-12,Completed,Phone
2223,265,3,2024-07-04,Completed,Online
2224,298,15,2024-04-29,Completed,In-Store
2225,421,13,2025-03-31,Completed,Phone
2226,708,2,2024-09-30,Completed,In-Store
2227,647,8,2025-12-05,Pending,Online
2228,370,1,2024-12-31,Completed,Online
2229,475,1,2025-12-09,Completed,In-Store
2230,87,12,2024-06-23,Completed,In-Store
2231,278,5,2025-03-04,Completed,Online
2232,286,15,2024-07-13,Completed,In-Store
2233,652,11,2025-05-29,Completed,Online
2234,653,14,2023-12-26,Completed,In-Store
2235,504,10,2023-03-29,Completed,Online
2236,67,14,2025-01-15,Cancelled,Online
2237,739,15,2025-12-23,Completed,Online
2238,750,13,2025-06-22,Pending,Online
2239,691,14,2023-07-03,Completed,Online
2240,161,2,2024-06-23,Completed,Online
2241,586,10,2025-11-13,Completed,Online
2242,370,8,2025-11-12,Completed,In-Store
2243,22,8,2025-11-21,Completed,Online
2244,731,12,2024-06-09,Completed,Phone
2245,771,12,2025-11-27,Cancelled,In-Store
2246,712,12,2025-03-23,Completed,Online
2247,405,6,2024-09-06,Completed,Online
2248,511,8,2024-12-04,Completed,Phone
2249,153,1,2025-09-02,Cancelled,Online
2250,473,13,2024-05-27,Completed,In-Store
2251,126,3,2025-05-26,Completed,Online
2252,410,12,2023-10-26,Completed,Phone
2253,265,3,2025-09-23,Cancelled,In-Store
2254,225,8,2024-09-09,Completed,In-Store
2255,483,14,2024-06-06,Completed,In-Store
2256,258,15,2023-12-16,Completed,Online
2257,700,2,2024-10-17,Completed,In-Store
2258,85,3,2025-05-14,Completed,Online
2259,586,11,2025-04-27,Completed,Phone
2260,148,2,2025-05-09,Completed,Online
2261,31,6,2025-08-21,Completed,In-Store
2262,632,4,2025-07-17,Cancelled,Online
2263,694,11,2025-01-20,Completed,Online
2264,372,13,2025-11-02,Completed,Online
2265,688,13,2025-11-26,Completed,Online
2266,582,10,2024-09-05,Completed,Online
2267,151,14,2025-02-26,Completed,Online
2268,425,4,2024-11-17,Completed,Online
2269,371,7,2024-05-24,Completed,Online
2270,679,3,2024-07-09,Cancelled,Phone
2271,473,4,2024-07-26,Pending,Online
2272,595,2,2025-11-28,Completed,Online
2273,774,8,2024-05-29,Completed,Online
2274,632,11,2025-12-04,Completed,Online
2275,253,12,2025-07-11,Completed,Online
2276,59,12,2024-06-01,Pending,In-Store
2277,448,6,2023-11-06,Completed,Online
2278,243,8,2025-07-10,Pending,Online
2279,332,1,2025-09-23,Completed,In-Store
2280,228,5,2024-05-28,Completed,Online
2281,33,14,2025-08-03,Completed,Online
2282,307,10,2024-04-26,Completed,Online
2283,437,2,2025-09-02,Completed,Online
2284,534,10,2025-08-11,Completed,Online
2285,785,14,2025-12-02,Completed,In-Store
2286,302,13,2025-05-19,Completed,Phone
2287,670,13,2025-10-27,Completed,Online
2288,124,10,2025-10-25,Pending,In-Store
2289,514,7,2024-05-04,Completed,Online
2290,572,15,2024-07-31,Pending,Phone
2291,144,2,2024-06-11,Completed,Online
2292,410,2,2025-11-09,Pending,Phone
2293,739,1,2024-10-02,Pending,Phone
2294,568,7,2025-11-20,Completed,Online
2295,139,1,2025-03-27,Completed,Online
2296,705,9,2024-08-14,Cancelled,In-Store
2297,168,2,2025-11-11,Completed,In-Store
2298,262,12,2024-05-03,Completed,Online
2299,242,5,2025-03-30,Completed,Online
2300,269,6,2025-04-18,Completed,Online
2301,281,2,2025-06-20,Completed,In-Store
2302,667,8,2023-11-26,Completed,In-Store
2303,99,7,2023-09-27,Cancelled,Online
2304,532,6,2024-11-29,Completed,Phone
2305,410,15,2024-12-27,Pending,Phone
2306,162,2,2023-12-14,Pending,Online
2307,152,5,2025-09-06,Completed,Online
2308,464,3,2025-10-17,Cancelled,Online
2309,279,6,2023-11-06,Completed,In-Store
2310,593,5,2023-11-10,Pending,Online
2311,77,5,2024-02-06,Pending,Online
2312,606,13,2024-12-31,Completed,Online
2313,764,9,2025-11-02,Completed,Online
2314,167,7,2025-05-25,Completed,In-Store
2315,428,4,2024-06-05,Completed,Online
2316,132,11,2025-06-09,Completed,Online
2317,258,6,2025-05-11,Completed,Online
2318,388,12,2025-11-22,Completed,Online
2319,321,4,2025-11-07,Pending,Online
2320,85,5,2024-05-10,Completed,Online
2321,361,12,2025-03-04,Completed,Online
2322,126,11,2024-02-22,Completed,In-Store
2323,309,10,2024-11-15,Completed,In-Store
2324,728,15,2024-04-17,Completed,Online
2325,131,8,2023-12-04,Completed,Online
2326,320,12,2023-09-19,Completed,Phone
2327,483,12,2024-02-12,Completed,Online
2328,781,6,2025-04-15,Completed,Phone
2329,186,13,2024-08-27,Completed,Online
2330,268,12,2024-05-10,Completed,Online
2331,601,14,2025-03-26,Completed,In-Store
2332,284,10,2024-01-13,Completed,Online
2333,399,12,2025-08-03,Completed,Online
2334,706,7,2024-07-19,Completed,Phone
2335,107,4,2024-06-10,Completed,Phone
2336,500,6,2024-12-11,Completed,Online
2337,610,2,2024-11-27,Completed,In-Store
2338,197,4,2024-11-08,Completed,In-Store
2339,316,5,2025-09-03,Completed,Phone
2340,744,9,2023-08-29,Completed,Phone
2341,493,4,2025-01-11,Pending,Online
2342,599,11,2025-04-21,Completed,Online
2343,178,1,2025-05-12,Pending,Online
2344,771,11,2025-05-12,Pending,Online
2345,698,6,2025-06-18,Completed,In-Store
2346,601,7,2025-01-28,Completed,Online
2347,620,8,2025-08-24,Completed,Online
2348,609,7,2024-04-18,Pending,In-Store
2349,81,6,2025-05-19,Completed,In-Store
2350,664,1,2024-07-29,Completed,Online
2351,766,9,2024-11-05,Completed,Online
2352,34,13,2023-07-14,Completed,Online
2353,124,4,2025-04-12,Completed,Phone
2354,282,2,2025-05-20,Completed,Online
2355,47,13,2024-07-07,Completed,Online
2356,211,4,2023-12-24,Pending,Online
2357,140,15,2025-02-14,Pending,Online
2358,291,14,2024-04-09,Completed,Online
2359,547,2,2024-09-01,Completed,Online
2360,488,10,2024-10-16,Completed,Online
2361,221,15,2025-06-09,Pending,Online
2362,703,3,2025-04-10,Completed,Online
2363,123,3,2024-11-15,Completed,In-Store
2364,213,15,2023-11-15,Completed,Phone
2365,644,13,2024-06-20,Pending,Online
2366,201,13,2025-12-13,Completed,In-Store
2367,299,15,2025-07-17,Completed,Online
2368,568,14,2024-04-05,Completed,In-Store
2369,765,10,2025-02-01,Completed,Online
2370,324,12,2024-11-25,Completed,Phone
2371,134,10,2023-09-06,Completed,Online
2372,170,15,2025-07-27,Pending,Online
2373,612,11,2024-11-20,Pending,Online
2374,96,9,2023-06-16,Completed,Online
2375,717,1,2024-06-16,Completed,Online
2376,58,15,2023-08-03,Completed,Online
2377,601,13,2025-01-14,Completed,Online
2378,193,13,2025-01-22,Completed,Phone
2379,345,15,2025-05-29,Completed,Online
2380,269,12,2025-02-02,Completed,In-Store
2381,334,12,2025-11-30,Completed,In-Store
2382,28,8,2023-10-08,Completed,Phone
2383,521,9,2025-11-04,Completed,In-Store
2384,308,8,2024-06-05,Completed,Online
2385,223,9,2025-03-14,Pending,In-Store
2386,615,5,2024-12-28,Completed,In-Store
2387,432,11,2024-03-01,Completed,Online
2388,752,13,2025-12-05,Completed,In-Store
2389,653,14,2025-11-19,Completed,Phone
2390,446,13,2025-09-01,Completed,Phone
2391,301,4,2025-11-03,Completed,Phone
2392,48,13,2023-09-27,Completed,Online
2393,531,9,2024-12-29,Completed,Online
2394,202,10,2025-11-03,Completed,In-Store
2395,626,12,2025-08-30,Completed,Online
2396,44,3,2023-11-22,Completed,In-Store
2397,546,10,2025-08-18,Completed,Phone
2398,139,12,2025-12-15,Completed,Online
2399,446,5,2025-02-18,Completed,In-Store
2400,780,8,2024-11-15,Completed,Online
2401,310,5,2024-11-06,Completed,Online
2402,583,10,2024-08-12,Completed,In-Store
2403,157,11,2025-05-02,Pending,In-Store
2404,125,11,2023-05-08,Completed,Online
2405,232,8,2025-08-20,Completed,Online
2406,528,7,2025-02-09,Completed,In-Store
2407,599,7,2024-08-28,Pending,Online
2408,135,15,2025-04-20,Completed,In-Store
2409,425,15,2025-08-10,Completed,Online
2410,260,3,2025-11-23,Completed,Online
2411,95,10,2023-07-04,Completed,Phone
2412,242,4,2025-06-12,Pending,Online
2413,513,14,2023-10-16,Pending,Online
2414,40,6,2025-09-22,Completed,Online
2415,136,8,2025-12-07,Completed,In-Store
2416,320,14,2025-12-17,Completed,In-Store
2417,412,9,2024-11-25,Completed,In-Store
2418,245,14,2025-09-20,Completed,Online
2419,424,7,2025-04-09,Completed,Online
2420,365,6,2025-01-26,Completed,Online
2421,415,11,2023-12-23,Completed,Online
2422,593,1,2025-06-11,Cancelled,In-Store
2423,280,9,2025-07-05,Completed,Online
2424,453,10,2025-06-25,Completed,Online
2425,343,11,2023-10-17,Completed,Online
2426,669,15,2025-11-11,Completed,Online
2427,195,5,2025-04-23,Completed,Online
2428,270,4,2025-03-12,Completed,In-Store
2429,277,8,2025-11-13,Pending,Online
2430,763,8,2025-10-26,Completed,In-Store
2431,97,8,2023-08-26,Completed,In-Store
2432,604,2,2024-05-28,Completed,Online
2433,385,5,2024-10-07,Completed,In-Store
2434,758,6,2024-12-09,Cancelled,Online
2435,378,1,2024-12-04,Completed,In-Store
2436,678,14,2025-09-17,Completed,Online
2437,4,10,2024-10-02,Completed,In-Store
2438,51,14,2025-08-27,Completed,In-Store
2439,508,13,2025-11-19,Completed,Online
2440,103,2,2024-12-15,Completed,In-Store
2441,577,11,2025-10-15,Completed,Online
2442,246,14,2023-10-19,Pending,Phone
2443,740,9,2025-04-06,Completed,Online
2444,509,5,2025-01-27,Cancelled,Online
2445,342,11,2024-12-26,Completed,Online
2446,83,10,2025-08-24,Completed,In-Store
2447,431,10,2024-12-05,Completed,Online
2448,490,9,2025-08-14,Completed,Online
2449,340,3,2025-03-31,Completed,Online
2450,202,5,2024-06-29,Completed,Online
2451,777,11,2024-10-03,Completed,Phone
2452,327,4,2025-05-21,Completed,In-Store
2453,602,3,2023-12-09,Completed,Online
2454,606,12,2024-02-17,Completed,Online
2455,472,1,2024-04-20,Completed,Online
2456,109,1,2024-05-15,Completed,Online
2457,559,15,2024-10-10,Completed,In-Store
2458,379,8,2023-07-04,Completed,Online
2459,659,2,2024-01-25,Pending,Online
2460,350,12,2025-07-24,Completed,In-Store
2461,86,13,2025-03-16,Completed,Online
2462,739,11,2025-11-19,Completed,In-Store
2463,182,1,2023-11-17,Completed,In-Store
2464,681,14,2025-10-30,Completed,Phone
2465,402,6,2024-07-15,Completed,Online
2466,607,3,2025-09-11,Pending,In-Store
2467,298,2,2025-07-03,Completed,Online
2468,173,7,2025-06-09,Completed,Online
2469,44,3,2025-11-18,Pending,In-Store
2470,151,8,2025-09-01,Pending,Online
2471,321,4,2024-05-03,Completed,Online
2472,323,15,2025-09-30,Completed,Online
2473,179,7,2025-02-21,Completed,Online
2474,41,14,2025-03-14,Completed,Online
2475,677,11,2024-11-23,Completed,In-Store
2476,183,13,2025-06-28,Completed,Online
2477,149,5,2024-05-01,Pending,Online
2478,448,12,2024-04-15,Cancelled,Online
2479,771,12,2023-08-22,Completed,Online
2480,524,10,2025-08-30,Completed,Online
2481,667,15,2025-08-05,Pending,Online
2482,192,11,2025-11-02,Completed,Online
2483,572,9,2023-11-05,Pending,Online
2484,244,9,2023-10-05,Pending,Phone
2485,380,10,2025-06-02,Completed,In-Store
2486,766,12,2023-10-27,Completed,Online
2487,412,13,2025-05-17,Completed,Phone
2488,145,4,2025-07-18,Completed,In-Store
2489,83,8,2025-11-12,Pending,Online
2490,768,6,2024-01-15,Cancelled,Online
2491,108,15,2025-12-08,Completed,Online
2492,95,11,2025-11-26,Completed,Online
2493,90,8,2025-11-22,Completed,Phone
2494,657,13,2024-10-17,Completed,Online
2495,22,5,2025-09-01,Completed,Online
2496,45,7,2025-05-14,Pending,In-Store
2497,300,2,2025-08-25,Completed,Online
2498,134,11,2025-10-30,Completed,In-Store
2499,449,15,2025-05-07,Completed,Online
2500,229,10,2025-03-08,Completed,Online
2501,120,10,2025-07-23,Completed,Online
2502,42,4,2024-10-23,Pending,Online
2503,553,11,2025-06-07,Completed,In-Store
2504,786,4,2024-11-28,Completed,In-Store
2505,144,1,2024-07-06,Cancelled,Online
2506,699,11,2025-05-22,Completed,Online
2507,424,8,2025-02-27,Cancelled,In-Store
2508,109,13,2023-10-24,Completed,Online
2509,775,10,2025-06-16,Completed,Online
2510,455,6,2024-09-14,Completed,Online
2511,510,1,2024-08-19,Completed,Online
2512,478,13,2025-12-10,Completed,Online
2513,629,14,2025-02-16,Pending,In-Store
2514,640,10,2024-01-13,Completed,Online
2515,479,1,2025-07-04,Completed,Online
2516,100,9,2024-05-14,Completed,Online
2517,248,15,2024-06-15,Completed,In-Store
2518,30,14,2024-05-06,Pending,Online
2519,345,5,2025-10-17,Completed,Online
2520,78,11,2025-06-17,Completed,In-Store
2521,420,2,2023-07-27,Completed,In-Store
2522,282,14,2024-03-26,Completed,Online
2523,627,10,2024-04-07,Completed,Phone
2524,380,10,2025-08-06,Completed,Online
2525,521,9,2025-11-30,Completed,In-Store
2526,217,6,2025-07-19,Pending,Online
2527,505,8,2025-02-16,Completed,Phone
2528,446,1,2025-04-26,Completed,Online
2529,760,11,2025-03-07,Pending,In-Store
2530,298,11,2024-04-23,Completed,Online
2531,370,5,2024-04-16,Completed,Online
2532,228,3,2024-03-05,Completed,Online
2533,724,8,2025-06-25,Completed,Online
2534,237,12,2024-09-03,Completed,Online
2535,265,5,2023-09-28,Completed,Online
2536,512,10,2023-11-21,Completed,In-Store
2537,468,12,2025-01-29,Completed,Online
2538,698,12,2024-02-05,Pending,Online
2539,700,5,2023-12-05,Completed,Online
2540,419,15,2024-04-09,Completed,In-Store
2541,345,11,2025-05-10,Completed,Online
2542,359,1,2023-09-28,Completed,In-Store
2543,602,6,2025-09-12,Cancelled,Online
2544,771,4,2024-04-04,Cancelled,Online
2545,123,1,2025-12-12,Completed,Online
2546,683,13,2025-04-29,Pending,In-Store
2547,488,4,2025-10-15,Completed,Online
2548,371,1,2025-02-21,Completed,Online
2549,282,2,2024-07-03,Completed,Online
2550,490,2,2024-01-24,Cancelled,Online
2551,424,13,2025-11-26,Completed,Online
2552,636,1,2025-08-26,Completed,In-Store
2553,69,8,2025-05-30,Completed,In-Store
2554,526,11,2024-12-29,Completed,Online
2555,344,1,2025-06-25,Pending,Online
2556,138,1,2025-06-18,Cancelled,Online
2557,499,15,2025-04-27,Completed,Phone
2558,733,13,2023-12-31,Completed,Phone
2559,369,9,2025-06-13,Completed,Online
2560,669,10,2025-03-12,Completed,Online
2561,442,12,2025-07-15,Completed,Online
2562,183,7,2023-12-09,Pending,Online
2563,163,8,2023-08-24,Cancelled,In-Store
2564,190,2,2025-09-21,Completed,Online
2565,398,7,2025-12-06,Completed,In-Store
2566,252,14,2024-10-13,Completed,Online
2567,455,14,2024-07-26,Completed,Phone
2568,33,1,2024-05-17,Completed,Online
2569,448,3,2024-01-18,Pending,In-Store
2570,553,12,2025-02-04,Completed,Online
2571,482,3,2025-04-04,Completed,In-Store
2572,225,10,2024-01-27,Pending,Online
2573,678,12,2025-12-17,Completed,Phone
2574,495,2,2025-05-12,Pending,Online
2575,703,14,2024-07-07,Completed,In-Store
2576,258,8,2023-06-29,Completed,Online
2577,447,5,2025-06-04,Completed,Online
2578,572,9,2025-02-12,Completed,Online
2579,610,14,2025-01-06,Pending,Online
2580,443,4,2024-11-28,Completed,In-Store
2581,714,4,2023-01-16,Pending,Online
2582,352,9,2025-02-05,Completed,In-Store
2583,260,6,2025-03-09,Cancelled,Online
2584,205,11,2025-02-02,Completed,Online
2585,633,7,2023-06-27,Completed,Phone
2586,145,6,2023-09-13,Completed,Online
2587,794,14,2023-11-10,Completed,Online
2588,403,13,2024-01-02,Cancelled,Online
2589,745,14,2024-11-09,Cancelled,Online
2590,553,11,2025-03-09,Completed,Online
2591,741,5,2025-04-05,Completed,Online
2592,362,1,2025-01-17,Completed,In-Store
2593,659,8,2025-06-14,Cancelled,Online
2594,542,5,2025-08-31,Cancelled,Online
2595,218,12,2024-01-30,Cancelled,Online
2596,99,11,2024-12-20,Completed,Online
2597,131,8,2025-05-16,Cancelled,Online
2598,109,6,2023-12-24,Completed,Online
2599,101,4,2024-01-03,Pending,Online
2600,759,9,2023-06-30,Completed,Online
2601,221,12,2024-01-03,Completed,In-Store
2602,453,6,2024-11-15,Completed,In-Store
2603,690,3,2023-05-22,Completed,Phone
2604,404,5,2024-01-16,Completed,Online
2605,429,10,2025-10-26,Completed,In-Store
2606,457,15,2024-12-30,Completed,Online
2607,45,15,2025-11-13,Completed,In-Store
2608,488,15,2025-03-15,Completed,Online
2609,248,5,2025-07-09,Completed,Online
2610,779,11,2025-04-08,Pending,Online
2611,775,2,2024-04-07,Completed,Online
2612,422,1,2025-11-24,Pending,Phone
2613,131,6,2025-10-26,Completed,Online
2614,190,10,2024-02-29,Completed,Online
2615,688,4,2024-11-09,Completed,In-Store
2616,571,5,2025-12-03,Pending,In-Store
2617,511,7,2025-03-07,Completed,Online
2618,419,9,2025-09-18,Completed,Online
2619,390,10,2024-06-24,Completed,In-Store
2620,735,10,2024-08-03,Completed,Online
2621,408,2,2025-11-21,Completed,Phone
2622,515,14,2024-12-27,Completed,In-Store
2623,778,11,2024-09-07,Completed,Online
2624,594,12,2025-08-30,Completed,Online
2625,162,3,2023-10-13,Completed,Online
2626,157,4,2024-12-01,Completed,Online
2627,610,15,2025-03-29,Completed,In-Store
2628,251,2,2024-09-19,Completed,In-Store
2629,770,12,2025-11-03,Completed,In-Store
2630,493,2,2025-05-06,Completed,Online
2631,707,9,2025-03-11,Completed,Online
2632,210,3,2025-10-14,Completed,Online
2633,754,13,2025-05-21,Completed,Online
2634,743,5,2025-09-14,Cancelled,In-Store
2635,768,13,2025-10-31,Completed,Online
2636,263,13,2025-09-12,Completed,In-Store
2637,495,11,2024-04-20,Cancelled,Online
2638,266,9,2025-06-10,Completed,Online
2639,51,12,2025-12-16,Completed,Online
2640,42,6,2023-10-06,Completed,Online
2641,707,9,2023-11-25,Completed,Online
2642,29,7,2023-12-17,Pending,Online
2643,184,5,2025-11-24,Completed,Online
2644,279,9,2025-05-20,Pending,Online
2645,261,14,2025-11-16,Completed,In-Store
2646,124,10,2025-11-12,Completed,Phone
2647,30,2,2025-02-15,Completed,In-Store
2648,42,3,2024-01-04,Completed,Online
2649,517,14,2025-09-16,Completed,Online
2650,511,3,2023-06-09,Cancelled,In-Store
2651,516,7,2024-09-17,Completed,In-Store
2652,571,4,2025-06-11,Completed,In-Store
2653,171,13,2023-07-04,Completed,Online
2654,707,4,2025-07-21,Completed,Online
2655,669,5,2025-08-22,Pending,Phone
2656,590,5,2025-06-27,Completed,Online
2657,307,3,2024-02-15,Completed,Online
2658,771,8,2024-10-09,Completed,Online
2659,746,4,2025-06-08,Completed,In-Store
2660,3,1,2025-03-02,Pending,Online
2661,79,1,2024-07-22,Completed,Online
2662,399,2,2024-07-20,Completed,In-Store
2663,66,9,2023-11-16,Completed,In-Store
2664,792,5,2025-03-21,Completed,Online
2665,196,2,2025-04-06,Completed,Online
2666,636,9,2025-04-06,Cancelled,In-Store
2667,620,14,2024-10-13,Cancelled,Online
2668,293,2,2025-07-07,Completed,Online
2669,253,12,2024-03-03,Pending,Online
2670,624,9,2025-09-11,Completed,Online
2671,400,8,2025-03-24,Completed,In-Store
2672,748,11,2025-01-07,Completed,In-Store
2673,786,9,2024-10-17,Completed,Phone
2674,403,1,2023-11-27,Completed,Online
2675,399,3,2024-09-19,Completed,In-Store
2676,134,14,2025-07-07,Completed,Online
2677,284,11,2025-07-28,Completed,In-Store
2678,768,13,2024-07-19,Completed,In-Store
2679,607,14,2024-10-10,Completed,Online
2680,703,13,2024-02-27,Completed,In-Store
2681,599,15,2024-12-15,Completed,Online
2682,1,1,2024-12-18,Completed,Online
2683,71,12,2023-04-01,Completed,In-Store
2684,445,12,2025-09-13,Completed,Online
2685,418,2,2025-11-09,Completed,Online
2686,358,10,2023-12-21,Completed,Online
2687,394,1,2023-04-06,Completed,In-Store
2688,441,1,2024-09-18,Completed,In-Store
2689,424,8,2023-09-24,Pending,Online
2690,713,5,2025-08-23,Completed,In-Store
2691,588,6,2025-05-07,Completed,Online
2692,374,11,2024-06-30,Completed,Phone
2693,433,1,2025-04-27,Completed,Online
2694,431,5,2024-12-16,Completed,Phone
2695,354,3,2024-09-16,Completed,In-Store
2696,785,9,2024-11-12,Completed,In-Store
2697,718,10,2025-07-08,Pending,Online
2698,508,9,2025-05-11,Completed,In-Store
2699,463,1,2024-06-26,Completed,In-Store
2700,59,13,2024-08-24,Completed,Online
2701,602,10,2025-10-06,Completed,Online
2702,773,7,2025-02-11,Pending,Online
2703,401,9,2023-10-03,Completed,Online
2704,574,10,2023-12-23,Cancelled,Online
2705,322,2,2024-08-19,Completed,Phone
2706,192,3,2025-07-18,Completed,Online
2707,132,2,2023-09-03,Completed,Online
2708,312,9,2025-02-17,Completed,Online
2709,507,11,2025-11-19,Completed,Online
2710,114,8,2025-04-24,Cancelled,In-Store
2711,699,11,2025-12-08,Completed,In-Store
2712,178,4,2025-12-12,Completed,Online
2713,636,12,2025-06-30,Completed,Online
2714,537,3,2024-08-06,Completed,In-Store
2715,119,9,2025-01-23,Completed,Online
2716,689,12,2024-07-26,Completed,In-Store
2717,66,12,2025-10-20,Completed,Online
2718,738,10,2025-06-21,Completed,Online
2719,528,5,2025-05-30,Completed,Phone
2720,231,8,2025-05-14,Completed,In-Store
2721,463,14,2025-10-23,Completed,Online
2722,408,6,2025-09-22,Pending,In-Store
2723,5,15,2024-08-02,Completed,Online
2724,361,8,2025-04-07,Completed,Online
2725,195,11,2024-02-20,Pending,In-Store
2726,549,14,2025-03-22,Completed,Online
2727,214,10,2024-08-18,Cancelled,In-Store
2728,90,3,2024-10-13,Completed,Online
2729,449,3,2025-12-27,Completed,Phone
2730,168,1,2025-08-25,Completed,Online
2731,431,8,2025-12-26,Completed,Online
2732,326,5,2025-04-23,Completed,In-Store
2733,761,6,2025-07-12,Completed,Online
2734,60,14,2025-09-17,Completed,Online
2735,126,14,2025-06-13,Pending,In-Store
2736,57,15,2023-10-24,Completed,Online
2737,568,10,2025-07-08,Completed,Online
2738,14,6,2025-06-27,Cancelled,Online
2739,89,15,2024-11-29,Completed,In-Store
2740,322,10,2025-03-13,Completed,In-Store
2741,572,9,2024-08-05,Completed,Phone
2742,592,6,2023-12-15,Pending,In-Store
2743,717,11,2025-08-28,Completed,Online
2744,723,1,2025-09-05,Completed,Online
2745,317,9,2025-11-02,Completed,Online
2746,608,3,2023-05-02,Pending,In-Store
2747,455,6,2024-04-24,Completed,Online
2748,501,9,2025-02-17,Completed,In-Store
2749,388,6,2025-05-27,Pending,Online
2750,737,5,2023-06-29,Completed,In-Store
2751,534,6,2023-09-04,Completed,Online
2752,238,9,2024-02-03,Completed,Online
2753,378,1,2024-09-21,Completed,In-Store
2754,229,5,2025-03-24,Completed,Online
2755,353,7,2025-08-23,Completed,Online
2756,329,8,2025-11-17,Completed,In-Store
2757,149,8,2025-10-28,Completed,Online
2758,221,11,2025-02-26,Completed,Online
2759,194,15,2025-10-09,Completed,Online
2760,229,3,2025-01-26,Completed,In-Store
2761,377,5,2025-11-11,Completed,Online
2762,412,4,2025-12-01,Pending,Online
2763,628,1,2025-06-18,Completed,In-Store
2764,448,11,2025-09-29,Completed,In-Store
2765,306,8,2025-04-26,Completed,Online
2766,681,4,2025-04-22,Completed,Online
2767,481,3,2024-07-01,Cancelled,Online
2768,585,2,2024-10-18,Completed,Phone
2769,235,2,2025-11-13,Cancelled,Online
2770,326,5,2025-11-07,Completed,Online
2771,107,11,2025-12-24,Completed,Online
2772,62,3,2024-01-31,Pending,Online
2773,650,10,2025-10-19,Pending,Online
2774,227,14,2024-03-25,Pending,Online
2775,217,13,2025-01-15,Completed,Online
2776,658,15,2025-12-09,Completed,Online
2777,768,1,2024-03-08,Completed,Online
2778,779,6,2025-05-17,Completed,Online
2779,185,9,2023-08-10,Pending,Online
2780,4,2,2023-07-01,Completed,In-Store
2781,489,12,2025-08-07,Completed,Online
2782,407,14,2025-09-22,Cancelled,Online
2783,238,8,2024-10-08,Completed,Online
2784,196,4,2023-05-12,Completed,In-Store
2785,59,13,2024-03-22,Cancelled,Online
2786,217,8,2025-02-12,Completed,In-Store
2787,483,2,2025-02-15,Completed,In-Store
2788,517,12,2025-07-08,Cancelled,Online
2789,404,7,2024-07-16,Completed,In-Store
2790,158,6,2024-03-08,Completed,Online
2791,452,6,2025-10-03,Pending,Online
2792,759,2,2025-03-29,Completed,Online
2793,395,15,2025-07-14,Completed,In-Store
2794,614,6,2025-10-01,Completed,In-Store
2795,615,13,2024-12-19,Completed,Online
2796,502,4,2024-09-11,Completed,In-Store
2797,428,8,2025-01-08,Completed,Online
2798,704,5,2025-12-05,Completed,Phone
2799,113,12,2024-09-09,Cancelled,Online
2800,702,9,2024-09-22,Completed,In-Store
2801,122,1,2025-07-16,Pending,Online
2802,489,12,2025-09-17,Pending,Online
2803,503,13,2024-12-16,Completed,Online
2804,27,11,2025-01-11,Completed,In-Store
2805,209,2,2025-01-11,Completed,Online
2806,98,5,2024-06-25,Completed,Online
2807,795,1,2025-03-16,Cancelled,Online
2808,313,3,2025-03-10,Completed,Online
2809,376,9,2023-12-07,Completed,Online
2810,200,12,2025-04-16,Completed,Online
2811,162,6,2025-05-03,Pending,Online
2812,507,8,2025-05-20,Completed,Phone
2813,441,4,2024-07-04,Completed,Online
2814,104,8,2023-11-24,Completed,Online
2815,432,5,2024-01-01,Completed,Online
2816,111,6,2024-08-05,Completed,Online
2817,790,11,2025-11-16,Pending,Online
2818,285,3,2024-10-22,Completed,In-Store
2819,764,7,2023-11-15,Completed,In-Store
2820,192,2,2025-08-10,Completed,Online
2821,323,2,2025-11-30,Completed,In-Store
2822,274,5,2025-10-26,Completed,Online
2823,322,7,2025-12-03,Completed,Online
2824,600,4,2025-02-22,Completed,Online
2825,784,14,2025-07-24,Pending,Online
2826,705,3,2025-10-15,Cancelled,Online
2827,153,12,2024-04-23,Completed,Online
2828,268,15,2024-01-13,Completed,In-Store
2829,75,10,2024-12-19,Completed,In-Store
2830,664,12,2024-04-05,Pending,In-Store
2831,671,15,2023-04-23,Completed,Online
2832,349,1,2024-12-24,Completed,In-Store
2833,71,2,2025-04-09,Completed,Online
2834,298,15,2025-03-27,Completed,Online
2835,742,12,2025-05-23,Completed,Online
2836,614,2,2024-02-28,Completed,In-Store
2837,266,12,2025-03-25,Completed,In-Store
2838,99,4,2025-12-04,Cancelled,In-Store
2839,395,3,2024-01-17,Completed,Online
2840,566,15,2025-02-11,Completed,Phone
2841,329,9,2025-04-19,Completed,Online
2842,378,5,2024-10-16,Pending,In-Store
2843,382,7,2024-11-03,Completed,In-Store
2844,85,13,2025-09-09,Completed,Phone
2845,771,6,2023-07-22,Completed,Online
2846,527,1,2025-10-29,Completed,Online
2847,658,5,2024-08-18,Completed,Online
2848,542,7,2024-03-11,Completed,Phone
2849,63,5,2025-12-24,Completed,Online
2850,355,11,2025-08-11,Pending,In-Store
2851,631,3,2025-10-02,Completed,In-Store
2852,169,2,2024-09-24,Completed,In-Store
2853,317,7,2023-03-17,Completed,Online
2854,305,3,2024-04-15,Completed,In-Store
2855,458,13,2025-02-22,Pending,Online
2856,607,5,2025-04-09,Cancelled,In-Store
2857,425,12,2023-11-04,Pending,In-Store
2858,118,12,2024-12-18,Completed,Online
2859,785,10,2023-09-15,Pending,In-Store
2860,46,9,2024-07-28,Completed,In-Store
2861,684,7,2024-11-18,Completed,Online
2862,44,10,2024-08-16,Completed,In-Store
2863,496,14,2024-09-10,Completed,In-Store
2864,354,2,2025-03-08,Completed,Online
2865,238,7,2025-03-03,Completed,In-Store
2866,788,6,2025-01-09,Completed,Online
2867,643,3,2024-01-30,Completed,In-Store
2868,271,7,2025-04-22,Completed,Online
2869,787,4,2025-05-09,Completed,In-Store
2870,202,7,2023-10-14,Pending,Online
2871,574,13,2025-10-26,Completed,Online
2872,426,12,2024-09-05,Cancelled,Online
2873,243,2,2024-06-01,Completed,In-Store
2874,223,1,2025-11-13,Completed,Online
2875,730,14,2024-10-03,Pending,In-Store
2876,705,12,2025-02-21,Completed,In-Store
2877,644,15,2025-09-15,Pending,Online
2878,486,2,2023-05-11,Completed,Phone
2879,490,1,2025-11-19,Completed,Online
2880,445,13,2024-12-30,Completed,Online
2881,641,11,2025-05-05,Completed,Online
2882,161,3,2025-08-12,Completed,In-Store
2883,152,9,2024-05-24,Completed,In-Store
2884,450,9,2024-11-04,Completed,In-Store
2885,161,7,2025-01-14,Completed,In-Store
2886,466,11,2025-09-23,Completed,Online
2887,744,11,2025-11-19,Completed,Phone
2888,347,9,2025-10-16,Completed,Online
2889,697,14,2025-04-03,Completed,In-Store
2890,458,9,2024-04-15,Completed,Phone
2891,308,14,2025-03-17,Completed,Online
2892,296,6,2025-11-19,Cancelled,Online
2893,485,3,2024-06-23,Completed,Online
2894,760,15,2025-06-12,Completed,Online
2895,452,11,2025-01-12,Completed,Online
2896,671,14,2025-05-13,Completed,Online
2897,400,2,2023-11-05,Completed,Online
2898,285,4,2025-03-21,Completed,Online
2899,636,2,2023-10-19,Completed,In-Store
2900,749,3,2024-04-11,Completed,In-Store
2901,230,5,2025-06-21,Completed,Online
2902,200,15,2024-08-01,Completed,Online
2903,501,13,2024-10-20,Completed,Online
2904,448,14,2025-04-27,Completed,Online
2905,773,1,2024-08-29,Completed,Phone
2906,703,2,2025-12-08,Completed,Online
2907,530,3,2025-05-24,Completed,Online
2908,599,9,2024-03-08,Cancelled,Phone
2909,567,8,2024-09-12,Cancelled,In-Store
2910,374,4,2024-07-03,Completed,In-Store
2911,380,1,2024-06-03,Completed,Phone
2912,548,2,2025-06-12,Completed,Online
2913,743,10,2025-09-11,Completed,Online
2914,544,4,2025-11-28,Completed,In-Store
2915,436,6,2024-09-16,Completed,Online
2916,335,5,2025-10-22,Completed,Phone
2917,667,10,2024-07-08,Completed,Online
2918,369,13,2025-02-24,Completed,Online
2919,379,1,2024-05-11,Completed,Phone
2920,697,14,2025-10-14,Completed,Online
2921,671,6,2025-11-22,Completed,In-Store
2922,24,7,2024-01-20,Completed,In-Store
2923,231,13,2024-09-26,Completed,Online
2924,334,13,2025-01-26,Completed,Online
2925,684,3,2025-07-18,Completed,In-Store
2926,36,5,2025-05-16,Completed,Phone
2927,170,14,2025-06-13,Completed,In-Store
2928,15,10,2025-02-02,Completed,Online
2929,302,7,2024-11-12,Completed,Online
2930,379,8,2025-08-05,Completed,Online
2931,166,13,2024-06-18,Pending,Online
2932,647,10,2024-10-04,Completed,Online
2933,285,3,2025-04-29,Cancelled,Online
2934,268,5,2023-07-12,Completed,Online
2935,676,11,2024-03-09,Pending,Online
2936,519,8,2024-03-24,Completed,In-Store
2937,427,1,2024-08-10,Completed,In-Store
2938,277,1,2024-05-02,Completed,Online
2939,441,12,2025-09-22,Completed,Online
2940,377,7,2023-12-04,Completed,Online
2941,543,15,2025-10-19,Pending,Online
2942,739,7,2025-03-20,Completed,In-Store
2943,589,5,2025-07-13,Completed,In-Store
2944,161,14,2024-03-23,Completed,Online
2945,450,11,2025-02-02,Completed,Online
2946,212,14,2025-10-18,Completed,Online
2947,547,4,2025-08-31,Completed,Online
2948,630,11,2024-01-21,Cancelled,Online
2949,89,14,2025-06-12,Pending,Online
2950,62,5,2025-04-19,Cancelled,Online
2951,657,2,2023-09-17,Completed,Online
2952,39,10,2023-02-07,Completed,Online
2953,168,2,2025-06-29,Completed,Online
2954,182,7,2024-05-03,Completed,In-Store
2955,611,13,2024-03-27,Completed,Online
2956,303,8,2024-06-01,Completed,Online
2957,615,5,2025-03-09,Completed,Online
2958,614,14,2025-01-16,Completed,Online
2959,149,2,2024-10-19,Completed,Online
2960,384,11,2025-04-02,Completed,Online
2961,633,11,2025-08-24,Pending,Online
2962,393,1,2024-08-28,Completed,Phone
2963,160,4,2025-10-19,Completed,Online
2964,781,2,2024-11-11,Completed,Online
2965,452,13,2024-04-18,Completed,Online
2966,187,5,2025-10-17,Completed,Online
2967,172,4,2025-05-10,Completed,Online
2968,88,8,2025-05-30,Completed,In-Store
2969,732,2,2025-04-16,Completed,In-Store
2970,96,2,2025-07-20,Completed,Online
2971,313,7,2025-03-20,Completed,In-Store
2972,732,5,2025-10-26,Pending,Online
2973,488,12,2024-04-11,Completed,Online
2974,92,8,2025-12-01,Completed,In-Store
2975,546,4,2024-02-14,Completed,Online
2976,266,1,2025-11-30,Completed,In-Store
2977,287,4,2025-07-11,Completed,Online
2978,771,9,2025-09-26,Completed,In-Store
2979,410,1,2025-08-10,Pending,Phone
2980,772,8,2025-07-02,Completed,Online
2981,669,2,2023-10-11,Completed,Online
2982,701,1,2024-10-11,Completed,Online
2983,690,6,2024-10-16,Cancelled,In-Store
2984,669,14,2024-11-07,Completed,In-Store
2985,248,2,2024-09-17,Pending,Online
2986,660,1,2024-07-08,Completed,Online
2987,544,5,2025-03-15,Completed,Online
2988,651,15,2025-09-10,Completed,Phone
2989,707,12,2024-07-22,Pending,In-Store
2990,56,7,2025-02-01,Completed,In-Store
2991,618,3,2024-01-13,Completed,In-Store
2992,400,8,2025-02-04,Completed,In-Store
2993,268,2,2025-08-31,Pending,Online
2994,317,12,2025-09-22,Completed,Online
2995,726,10,2025-07-01,Completed,Phone
2996,368,12,2024-02-26,Completed,Online
2997,600,6,2025-03-10,Completed,In-Store
2998,246,6,2025-10-20,Completed,In-Store
2999,337,4,2025-05-06,Completed,Online
3000,175,15,2025-11-28,Completed,Online
3001,362,9,2024-01-14,Cancelled,Online
3002,191,3,2025-05-04,Completed,Online
3003,203,8,2024-10-12,Cancelled,Online
3004,314,14,2025-05-10,Completed,Online
3005,532,3,2024-02-18,Pending,Online
3006,569,13,2025-09-06,Completed,Online
3007,103,6,2024-01-04,Pending,Online
3008,784,15,2025-08-04,Completed,In-Store
3009,605,6,2025-05-30,Completed,Online
3010,478,1,2024-05-29,Completed,Online
3011,530,3,2025-11-22,Completed,Online
3012,131,5,2025-03-26,Completed,Online
3013,337,14,2025-10-02,Completed,Online
3014,746,1,2024-10-27,Completed,In-Store
3015,721,8,2023-02-06,Completed,In-Store
3016,87,15,2023-11-01,Pending,In-Store
3017,511,13,2025-06-13,Completed,In-Store
3018,643,2,2025-06-21,Completed,In-Store
3019,279,7,2025-05-15,Completed,Online
3020,300,12,2025-04-08,Pending,Online
3021,370,7,2025-12-07,Cancelled,Online
3022,198,9,2025-11-25,Completed,Online
3023,110,13,2024-04-11,Completed,In-Store
3024,347,1,2025-03-20,Pending,In-Store
3025,397,15,2025-08-31,Completed,In-Store
3026,167,6,2025-06-18,Completed,Online
3027,290,6,2024-06-12,Completed,In-Store
3028,248,14,2025-03-17,Completed,Phone
3029,735,14,2025-07-15,Pending,Phone
3030,594,3,2024-10-07,Completed,In-Store
3031,429,13,2025-07-22,Completed,Phone
3032,551,8,2025-10-09,Completed,Online
3033,59,12,2024-11-05,Completed,In-Store
3034,544,13,2025-05-18,Completed,Online
3035,752,10,2024-09-29,Pending,Online
3036,489,8,2023-11-09,Cancelled,Online
3037,768,1,2024-08-18,Completed,Phone
3038,636,12,2024-10-26,Completed,Online
3039,765,9,2025-07-13,Completed,Online
3040,342,1,2023-01-21,Pending,Phone
3041,586,6,2024-09-11,Pending,Online
3042,652,3,2024-05-24,Completed,In-Store
3043,293,4,2024-08-23,Completed,Phone
3044,698,9,2025-07-21,Completed,Online
3045,621,2,2025-05-22,Completed,Online
3046,202,4,2024-06-20,Completed,In-Store
3047,443,10,2024-02-09,Completed,In-Store
3048,626,10,2025-10-12,Completed,Online
3049,270,7,2023-11-13,Completed,Online
3050,237,10,2024-04-12,Completed,Online
3051,298,14,2025-08-31,Completed,In-Store
3052,248,5,2024-10-21,Completed,Online
3053,411,3,2025-05-16,Cancelled,Online
3054,285,14,2024-03-06,Completed,In-Store
3055,523,15,2024-09-17,Completed,Online
3056,510,13,2025-01-04,Pending,Online
3057,170,10,2025-05-03,Completed,In-Store
3058,145,1,2025-07-02,Completed,In-Store
3059,795,13,2025-07-06,Pending,Online
3060,103,5,2024-10-28,Completed,Online
3061,65,11,2025-11-03,Pending,In-Store
3062,489,1,2024-08-20,Completed,In-Store
3063,456,4,2025-03-10,Completed,Online
3064,565,10,2024-02-20,Pending,Online
3065,55,3,2023-11-11,Completed,Online
3066,249,15,2025-11-08,Completed,Phone
3067,196,13,2023-12-28,Pending,In-Store
3068,268,13,2025-11-15,Completed,Online
3069,511,13,2025-02-04,Pending,Online
3070,512,11,2024-05-15,Completed,Phone
3071,391,14,2023-08-12,Pending,Online
3072,645,1,2025-01-11,Completed,Online
3073,686,9,2024-09-24,Cancelled,In-Store
3074,421,12,2024-12-15,Completed,Online
3075,688,15,2025-08-09,Completed,In-Store
3076,39,1,2024-05-03,Completed,Online
3077,184,9,2025-07-03,Completed,Online
3078,47,7,2025-03-28,Completed,Online
3079,114,6,2025-09-18,Cancelled,In-Store
3080,705,1,2023-12-17,Completed,Online
3081,753,14,2025-01-08,Pending,Online
3082,133,1,2025-01-09,Completed,In-Store
3083,736,4,2025-03-07,Completed,Online
3084,79,7,2024-08-10,Completed,Online
3085,63,10,2025-09-24,Completed,Online
3086,397,10,2025-07-13,Completed,Online
3087,448,7,2025-06-08,Completed,Online
3088,40,7,2025-07-08,Pending,In-Store
3089,323,12,2024-12-22,Completed,Online
3090,164,14,2025-03-08,Completed,Online
3091,52,15,2024-02-18,Pending,Online
3092,168,6,2025-06-13,Completed,Online
3093,379,15,2025-11-16,Completed,Online
3094,14,12,2025-05-13,Completed,In-Store
3095,731,15,2024-03-28,Completed,In-Store
3096,340,7,2024-12-01,Pending,Online
3097,459,4,2025-01-26,Pending,Online
3098,376,7,2025-08-25,Pending,Online
3099,305,10,2025-10-30,Completed,Online
3100,710,4,2025-10-31,Completed,In-Store
3101,773,9,2024-11-28,Cancelled,Phone
3102,800,4,2025-07-31,Completed,Online
3103,247,14,2025-08-11,Completed,In-Store
3104,333,1,2024-11-05,Completed,Online
3105,794,14,2024-12-29,Completed,Online
3106,476,6,2025-02-21,Completed,Online
3107,60,14,2024-12-22,Completed,Phone
3108,624,13,2023-04-01,Completed,Online
3109,4,10,2025-01-29,Completed,In-Store
3110,558,10,2025-04-26,Completed,In-Store
3111,24,7,2024-12-29,Completed,Online
3112,625,13,2025-03-08,Completed,Online
3113,573,12,2025-12-19,Completed,In-Store
3114,326,9,2025-05-03,Completed,Phone
3115,31,7,2024-08-12,Completed,Online
3116,651,11,2025-06-21,Completed,Online
3117,110,3,2025-04-04,Pending,Online
3118,101,4,2024-10-18,Completed,In-Store
3119,490,11,2025-05-29,Cancelled,Online
3120,461,4,2024-07-23,Completed,In-Store
3121,452,9,2025-07-09,Pending,Online
3122,417,7,2025-09-30,Completed,In-Store
3123,308,3,2025-07-17,Completed,Online
3124,736,7,2025-02-24,Completed,Online
3125,234,9,2025-09-15,Completed,Phone
3126,550,11,2024-06-24,Completed,Online
3127,442,2,2025-11-13,Completed,Online
3128,206,8,2024-09-30,Completed,Online
3129,439,7,2024-02-07,Pending,In-Store
3130,38,10,2023-11-27,Completed,Online
3131,331,5,2025-05-28,Completed,In-Store
3132,276,14,2025-04-17,Completed,In-Store
3133,469,11,2023-10-13,Completed,Online
3134,121,14,2025-02-07,Completed,Phone
3135,417,5,2025-09-08,Cancelled,Phone
3136,198,5,2025-02-04,Completed,In-Store
3137,718,10,2024-01-15,Completed,In-Store
3138,690,6,2024-01-08,Completed,In-Store
3139,747,4,2025-12-06,Completed,In-Store
3140,511,12,2024-10-07,Completed,In-Store
3141,652,11,2024-06-09,Completed,Phone
3142,462,11,2023-12-13,Completed,Online
3143,178,10,2025-01-28,Completed,Online
3144,619,8,2023-07-09,Completed,Phone
3145,542,12,2025-07-18,Completed,Phone
3146,668,4,2025-11-07,Completed,Online
3147,276,14,2025-06-06,Completed,Online
3148,567,9,2024-11-28,Completed,In-Store
3149,661,12,2025-12-06,Completed,Online
3150,343,8,2025-09-21,Cancelled,Online
3151,657,4,2025-03-19,Pending,Online
3152,308,6,2025-07-08,Completed,In-Store
3153,540,3,2025-04-17,Completed,In-Store
3154,592,6,2025-09-14,Pending,Online
3155,793,4,2025-11-07,Completed,In-Store
3156,116,13,2025-12-06,Completed,Online
3157,535,11,2023-11-12,Pending,Online
3158,198,2,2024-11-02,Completed,Phone
3159,395,13,2025-09-01,Completed,Online
3160,778,13,2025-08-21,Completed,In-Store
3161,100,5,2024-02-08,Completed,In-Store
3162,676,5,2025-06-13,Completed,Phone
3163,145,13,2025-02-08,Cancelled,Online
3164,691,2,2023-12-16,Completed,Online
3165,80,10,2025-04-11,Completed,Online
3166,2,13,2025-11-02,Cancelled,Online
3167,789,14,2023-10-18,Completed,Online
3168,309,2,2024-06-09,Completed,Online
3169,437,13,2024-08-12,Completed,In-Store
3170,474,4,2024-03-13,Pending,Online
3171,593,4,2025-11-12,Completed,In-Store
3172,52,7,2025-04-18,Completed,Online
3173,588,11,2024-02-17,Completed,In-Store
3174,473,5,2024-11-01,Pending,In-Store
3175,769,8,2025-01-02,Completed,Online
3176,704,7,2023-03-09,Completed,Online
3177,333,5,2025-02-12,Completed,Phone
3178,222,7,2025-03-11,Completed,In-Store
3179,535,2,2025-07-08,Completed,Phone
3180,624,11,2024-03-22,Pending,In-Store
3181,172,11,2024-04-16,Completed,Online
3182,727,4,2025-04-30,Completed,Online
3183,752,5,2025-07-05,Completed,In-Store
3184,96,14,2024-08-12,Cancelled,In-Store
3185,536,2,2023-12-22,Pending,Online
3186,99,2,2025-02-21,Completed,Online
3187,351,12,2025-01-20,Cancelled,Online
3188,497,12,2024-08-30,Cancelled,Online
3189,533,14,2025-04-07,Completed,Online
3190,271,11,2023-08-06,Completed,Online
3191,414,4,2025-08-17,Cancelled,In-Store
3192,263,9,2024-05-13,Completed,Online
3193,489,7,2024-11-13,Completed,In-Store
3194,255,3,2023-11-29,Completed,Online
3195,328,3,2024-09-02,Completed,Online
3196,358,13,2024-07-03,Pending,In-Store
3197,13,7,2024-08-06,Pending,Online
3198,300,1,2025-02-21,Completed,Online
3199,768,8,2025-12-04,Completed,In-Store
3200,377,6,2025-01-04,Pending,Online
3201,419,8,2025-05-05,Completed,Online
3202,26,13,2025-08-15,Completed,Online
3203,605,10,2025-01-05,Completed,Online
3204,671,13,2024-05-26,Cancelled,In-Store
3205,778,7,2025-07-12,Completed,Online
3206,211,13,2025-07-05,Completed,Online
3207,396,2,2025-08-19,Completed,Online
3208,394,11,2024-02-25,Completed,In-Store
3209,314,12,2025-09-02,Completed,In-Store
3210,774,7,2023-11-16,Completed,Online
3211,630,10,2024-09-08,Pending,In-Store
3212,410,1,2025-07-28,Cancelled,Online
3213,500,3,2024-05-23,Pending,Online
3214,525,15,2025-06-25,Completed,In-Store
3215,613,2,2024-08-02,Completed,Online
3216,317,7,2025-12-16,Completed,In-Store
3217,770,1,2025-06-18,Completed,In-Store
3218,171,1,2025-04-07,Completed,Online
3219,10,10,2025-05-25,Completed,Online
3220,580,11,2023-12-30,Pending,Online
3221,722,4,2024-04-09,Completed,Online
3222,290,6,2025-11-20,Completed,Phone
3223,360,4,2025-07-30,Completed,Online
3224,347,2,2025-08-20,Completed,Online
3225,154,5,2023-06-20,Completed,Online
3226,677,9,2023-08-16,Completed,Online
3227,20,12,2025-12-12,Pending,Online
3228,664,2,2025-07-13,Completed,Phone
3229,736,5,2025-04-25,Completed,In-Store
3230,613,1,2025-09-29,Completed,Online
3231,166,7,2024-04-10,Completed,In-Store
3232,291,4,2024-07-12,Completed,Online
3233,146,15,2025-12-21,Pending,Phone
3234,597,15,2025-03-21,Completed,Online
3235,482,4,2023-06-25,Completed,Phone
3236,209,7,2024-10-20,Completed,In-Store
3237,59,11,2025-01-17,Completed,Online
3238,7,8,2025-06-26,Completed,In-Store
3239,208,11,2024-09-24,Completed,In-Store
3240,379,5,2024-09-04,Completed,Online
3241,782,15,2023-08-26,Completed,Online
3242,492,7,2025-07-19,Completed,Online
3243,60,12,2024-09-03,Completed,Phone
3244,644,6,2024-06-08,Completed,Online
3245,346,14,2024-12-14,Completed,Phone
3246,444,8,2025-08-13,Completed,In-Store
3247,297,1,2025-10-19,Completed,Online
3248,593,8,2025-11-27,Completed,Online
3249,709,15,2024-10-16,Completed,Online
3250,755,7,2025-08-08,Completed,Online
3251,240,5,2025-08-30,Pending,Online
3252,35,15,2025-05-18,Completed,Online
3253,244,7,2024-06-25,Completed,In-Store
3254,78,9,2023-03-17,Completed,Online
3255,112,12,2023-02-08,Completed,Phone
3256,494,15,2024-05-09,Completed,Online
3257,428,14,2025-06-20,Pending,Phone
3258,335,10,2025-09-08,Completed,Online
3259,486,9,2024-07-10,Pending,Online
3260,190,9,2025-01-13,Completed,Online
3261,559,8,2025-08-14,Pending,In-Store
3262,88,4,2025-03-11,Completed,Online
3263,284,10,2025-10-15,Completed,Online
3264,99,4,2024-01-14,Pending,Online
3265,800,9,2025-10-20,Completed,Online
3266,548,4,2025-11-28,Completed,Online
3267,485,13,2025-01-18,Completed,Online
3268,522,2,2025-12-20,Completed,Online
3269,523,11,2025-07-29,Completed,Online
3270,159,13,2025-09-03,Completed,Phone
3271,325,4,2024-03-25,Completed,Online
3272,308,14,2025-01-25,Completed,In-Store
3273,67,11,2024-12-05,Completed,Online
3274,1,5,2025-06-26,Completed,Phone
3275,436,12,2025-11-08,Pending,In-Store
3276,721,7,2023-06-24,Completed,In-Store
3277,715,7,2024-11-20,Completed,Online
3278,538,6,2024-12-15,Completed,Online
3279,715,4,2025-03-20,Completed,In-Store
3280,491,13,2025-01-21,Completed,In-Store
3281,449,12,2025-04-09,Completed,Online
3282,32,5,2025-08-16,Completed,In-Store
3283,537,7,2024-05-26,Completed,In-Store
3284,695,2,2025-08-03,Completed,Online
3285,328,8,2025-06-22,Completed,In-Store
3286,346,6,2025-02-19,Completed,In-Store
3287,82,8,2025-05-02,Completed,In-Store
3288,605,2,2025-01-26,Completed,Online
3289,196,5,2024-05-28,Completed,Online
3290,318,10,2024-08-11,Cancelled,Online
3291,527,8,2024-06-16,Completed,Online
3292,229,5,2025-01-14,Completed,Online
3293,622,4,2024-01-12,Completed,In-Store
3294,203,5,2023-03-29,Completed,Online
3295,774,9,2025-02-14,Cancelled,Online
3296,663,11,2025-05-07,Cancelled,Online
3297,389,8,2024-11-09,Pending,In-Store
3298,432,8,2025-06-14,Completed,Online
3299,343,5,2024-09-13,Pending,Online
3300,603,8,2025-04-14,Completed,Online
3301,9,9,2024-06-07,Completed,Online
3302,286,3,2025-03-06,Completed,Online
3303,63,10,2025-06-01,Completed,In-Store
3304,127,15,2025-07-23,Pending,Online
3305,118,11,2023-12-02,Completed,In-Store
3306,590,11,2024-09-11,Completed,In-Store
3307,490,12,2024-06-01,Completed,In-Store
3308,72,7,2023-12-05,Pending,In-Store
3309,133,5,2024-08-30,Completed,Online
3310,284,10,2025-02-13,Completed,Online
3311,136,2,2024-09-29,Completed,Online
3312,520,3,2025-01-09,Pending,In-Store
3313,409,9,2025-03-29,Completed,Online
3314,468,6,2025-01-23,Completed,In-Store
3315,746,14,2024-12-09,Pending,In-Store
3316,319,15,2025-09-20,Completed,Online
3317,733,13,2025-05-12,Completed,Online
3318,667,15,2023-04-12,Pending,In-Store
3319,371,5,2025-03-27,Completed,In-Store
3320,617,14,2024-06-20,Completed,In-Store
3321,348,15,2024-04-10,Completed,Online
3322,663,1,2025-02-06,Cancelled,Online
3323,280,10,2025-10-29,Pending,Online
3324,788,5,2025-04-05,Completed,Online
3325,358,13,2024-11-21,Completed,Online
3326,783,10,2024-05-19,Completed,In-Store
3327,18,1,2024-11-28,Completed,Phone
3328,701,4,2024-11-30,Pending,Online
3329,638,3,2024-01-11,Completed,In-Store
3330,454,9,2024-08-23,Pending,In-Store
3331,82,9,2025-01-31,Completed,Online
3332,185,12,2024-01-27,Completed,In-Store
3333,603,14,2024-06-06,Completed,Online
3334,215,15,2025-09-19,Completed,Online
3335,33,11,2025-10-04,Completed,In-Store
3336,22,11,2025-04-18,Completed,Online
3337,798,5,2025-12-11,Completed,In-Store
3338,60,13,2025-08-27,Completed,Phone
3339,85,11,2024-05-26,Completed,In-Store
3340,587,4,2025-05-23,Completed,Online
3341,702,15,2023-12-17,Completed,Online
3342,227,3,2025-10-27,Completed,Online
3343,393,15,2025-05-02,Completed,Online
3344,570,14,2024-09-19,Completed,Online
3345,288,8,2025-10-13,Completed,In-Store
3346,465,9,2025-01-10,Completed,Online
3347,623,1,2025-01-31,Completed,In-Store
3348,466,13,2025-05-11,Completed,In-Store
3349,618,2,2024-03-17,Completed,Online
3350,290,9,2024-07-30,Completed,Online
3351,179,1,2024-05-13,Pending,Online
3352,356,4,2024-04-13,Completed,Online
3353,143,6,2025-11-02,Completed,In-Store
3354,398,4,2024-08-29,Pending,Online
3355,312,12,2024-01-11,Completed,Phone
3356,98,14,2024-09-23,Completed,Online
3357,670,8,2025-10-14,Completed,In-Store
3358,438,9,2024-12-10,Completed,Online
3359,642,15,2025-04-27,Completed,Online
3360,696,8,2024-05-03,Pending,Online
3361,624,12,2025-05-25,Completed,In-Store
3362,129,15,2024-06-17,Completed,Online
3363,86,11,2025-01-17,Completed,Online
3364,776,15,2025-07-25,Completed,Online
3365,293,8,2025-06-22,Completed,Online
3366,598,14,2025-05-31,Completed,Online
3367,105,14,2023-10-25,Completed,Online
3368,761,5,2025-07-18,Cancelled,Online
3369,69,8,2025-05-07,Completed,Online
3370,24,6,2024-04-22,Completed,In-Store
3371,184,8,2025-03-23,Completed,In-Store
3372,131,15,2025-07-21,Completed,In-Store
3373,717,14,2025-05-19,Completed,In-Store
3374,103,5,2024-09-09,Completed,Online
3375,321,9,2025-07-24,Completed,In-Store
3376,139,15,2025-03-18,Completed,Online
3377,698,8,2025-07-05,Completed,Phone
3378,775,9,2024-11-19,Completed,Online
3379,633,13,2025-04-25,Completed,Online
3380,330,3,2024-04-02,Completed,Online
3381,539,13,2024-12-25,Completed,In-Store
3382,158,9,2023-07-01,Pending,In-Store
3383,63,14,2025-01-01,Pending,Online
3384,714,2,2023-06-19,Cancelled,Online
3385,680,3,2024-03-19,Completed,Online
3386,206,9,2024-11-29,Pending,In-Store
3387,793,12,2025-08-06,Completed,Online
3388,410,11,2025-08-15,Completed,In-Store
3389,600,10,2024-09-14,Completed,In-Store
3390,800,15,2025-01-28,Completed,In-Store
3391,73,9,2023-08-25,Cancelled,Online
3392,549,12,2025-02-15,Completed,Online
3393,799,9,2023-07-07,Completed,Online
3394,58,9,2024-10-12,Completed,Online
3395,216,13,2024-09-24,Cancelled,Online
3396,720,12,2024-12-28,Completed,Online
3397,114,3,2024-05-22,Completed,Online
3398,667,8,2023-12-02,Completed,Online
3399,295,9,2025-02-19,Completed,Online
3400,472,5,2024-10-22,Completed,Online
3401,220,13,2024-03-27,Cancelled,In-Store
3402,332,7,2024-01-16,Completed,In-Store
3403,318,14,2023-06-27,Completed,Online
3404,657,5,2025-05-27,Completed,Online
3405,467,1,2025-07-02,Completed,In-Store
3406,343,11,2025-10-19,Completed,Online
3407,357,6,2024-12-15,Completed,Online
3408,731,12,2025-05-03,Completed,Online
3409,426,10,2024-06-03,Completed,Phone
3410,714,9,2025-01-08,Completed,Online
3411,540,11,2025-02-18,Completed,Online
3412,711,8,2024-03-12,Completed,In-Store
3413,430,1,2025-05-07,Completed,Online
3414,310,15,2025-05-30,Completed,In-Store
3415,215,2,2024-05-21,Completed,Online
3416,597,12,2025-09-10,Completed,Online
3417,393,3,2024-04-15,Completed,In-Store
3418,57,3,2025-08-21,Completed,In-Store
3419,766,7,2023-07-06,Completed,In-Store
3420,39,13,2025-09-11,Completed,Online
3421,685,7,2023-10-28,Completed,Online
3422,295,11,2025-02-25,Pending,Online
3423,485,6,2024-03-01,Completed,Online
3424,225,6,2025-05-10,Completed,Online
3425,578,13,2025-03-21,Completed,Online
3426,208,15,2025-01-15,Completed,Phone
3427,356,13,2025-06-08,Completed,In-Store
3428,66,10,2025-10-19,Completed,Online
3429,94,14,2025-06-22,Completed,In-Store
3430,338,5,2025-10-01,Completed,Online
3431,135,13,2024-08-13,Completed,Online
3432,676,11,2025-09-17,Completed,Online
3433,619,6,2023-06-27,Completed,Phone
3434,221,7,2025-11-08,Completed,Online
3435,252,15,2023-10-14,Completed,Online
3436,329,13,2024-11-16,Completed,Online
3437,515,3,2025-11-11,Completed,Online
3438,202,9,2024-07-25,Completed,Online
3439,44,15,2024-07-27,Completed,Online
3440,605,3,2025-07-24,Completed,Online
3441,715,11,2025-05-22,Completed,Phone
3442,240,4,2024-07-30,Completed,In-Store
3443,781,1,2024-12-02,Completed,Online
3444,489,3,2025-08-09,Completed,In-Store
3445,72,9,2025-03-23,Pending,Online
3446,772,6,2025-09-12,Completed,Online
3447,372,1,2024-12-21,Completed,Online
3448,724,5,2023-12-22,Completed,Online
3449,661,9,2025-12-02,Completed,Online
3450,310,8,2025-11-27,Completed,In-Store
3451,204,12,2025-09-20,Completed,Online
3452,785,14,2025-08-20,Completed,Online
3453,31,10,2023-11-15,Completed,Online
3454,239,1,2025-02-28,Completed,Online
3455,297,9,2024-06-01,Completed,In-Store
3456,494,5,2024-07-30,Completed,Online
3457,798,12,2025-11-13,Completed,Online
3458,32,5,2024-12-11,Completed,In-Store
3459,282,11,2023-07-14,Completed,In-Store
3460,40,7,2025-04-06,Completed,Online
3461,737,3,2023-10-11,Completed,In-Store
3462,343,2,2025-10-12,Pending,Online
3463,261,12,2024-01-21,Completed,Online
3464,77,3,2025-09-26,Completed,Online
3465,182,5,2023-10-21,Completed,Online
3466,597,12,2024-09-27,Completed,In-Store
3467,640,8,2023-09-20,Completed,In-Store
3468,314,12,2025-11-04,Completed,In-Store
3469,197,5,2024-08-07,Pending,Online
3470,404,14,2025-03-22,Completed,Online
3471,580,11,2024-07-16,Completed,Online
3472,12,8,2025-12-21,Completed,Online
3473,443,7,2025-10-31,Completed,In-Store
3474,604,13,2023-07-16,Completed,In-Store
3475,434,13,2025-10-16,Completed,Phone
3476,489,7,2023-12-12,Completed,Online
3477,659,8,2025-03-28,Pending,Online
3478,50,11,2024-11-07,Completed,Online
3479,360,6,2023-12-24,Pending,Online
3480,130,5,2025-08-18,Completed,Online
3481,599,10,2023-07-12,Completed,Online
3482,318,10,2024-01-15,Completed,Online
3483,96,8,2025-03-18,Completed,Phone
3484,341,6,2025-12-04,Completed,In-Store
3485,204,12,2024-01-19,Completed,Online
3486,404,1,2023-11-26,Cancelled,Online
3487,377,14,2025-08-22,Pending,Phone
3488,27,4,2025-02-09,Completed,Online
3489,515,3,2024-02-28,Completed,Online
3490,411,7,2025-10-31,Completed,In-Store
3491,229,13,2024-11-23,Completed,In-Store
3492,39,3,2024-07-22,Completed,In-Store
3493,544,10,2025-06-12,Completed,In-Store
3494,302,9,2025-03-19,Completed,In-Store
3495,64,9,2025-06-04,Completed,In-Store
3496,262,3,2024-08-05,Completed,Online
3497,115,13,2024-04-11,Completed,In-Store
3498,515,11,2025-09-17,Completed,In-Store
3499,675,5,2024-07-24,Completed,Online
3500,204,12,2025-07-22,Cancelled,Phone
3501,45,3,2024-11-10,Completed,Online
3502,79,6,2024-09-20,Completed,Online
3503,529,7,2023-09-14,Completed,Online
3504,662,12,2025-07-24,Completed,Online
3505,667,8,2024-06-21,Completed,Online
3506,365,14,2024-09-10,Completed,In-Store
3507,195,12,2025-06-11,Pending,In-Store
3508,399,2,2025-07-13,Cancelled,Online
3509,445,12,2025-08-10,Completed,Online
3510,166,12,2025-03-13,Completed,Online
3511,401,1,2025-11-02,Completed,In-Store
3512,336,7,2024-09-07,Pending,Phone
3513,267,1,2025-10-02,Completed,Phone
3514,168,7,2024-04-06,Pending,In-Store
3515,184,8,2025-05-08,Completed,In-Store
3516,523,13,2023-05-03,Completed,In-Store
3517,703,1,2024-02-15,Completed,Online
3518,517,15,2024-08-06,Completed,In-Store
3519,280,14,2025-07-31,Completed,Phone
3520,362,13,2024-08-25,Completed,In-Store
3521,735,4,2024-12-27,Completed,In-Store
3522,788,5,2024-04-03,Completed,Online
3523,730,8,2025-04-17,Pending,In-Store
3524,417,2,2024-03-10,Completed,Online
3525,65,5,2025-12-06,Completed,Online
3526,794,12,2025-10-10,Completed,In-Store
3527,78,9,2025-09-30,Completed,Online
3528,434,8,2025-11-23,Completed,Online
3529,177,4,2023-08-14,Cancelled,Online
3530,777,2,2025-08-11,Completed,Online
3531,775,2,2023-07-25,Completed,Online
3532,120,4,2025-10-24,Pending,Phone
3533,304,3,2025-05-22,Cancelled,In-Store
3534,782,14,2024-06-17,Completed,Online
3535,273,13,2023-10-29,Completed,Online
3536,430,11,2024-02-21,Completed,In-Store
3537,780,4,2024-12-14,Completed,Online
3538,629,14,2025-09-08,Completed,Phone
3539,62,10,2024-12-02,Completed,Online
3540,108,6,2023-12-28,Pending,Phone
3541,644,7,2025-01-24,Cancelled,Online
3542,206,2,2024-04-04,Pending,Online
3543,201,3,2025-10-21,Pending,Online
3544,637,13,2024-09-24,Completed,Online
3545,378,10,2025-06-21,Completed,In-Store
3546,77,7,2024-03-29,Completed,In-Store
3547,647,14,2023-05-22,Completed,In-Store
3548,202,6,2025-08-24,Completed,Phone
3549,443,12,2025-09-10,Completed,Phone
3550,272,7,2025-07-08,Pending,Online
3551,341,15,2024-06-08,Pending,In-Store
3552,660,13,2024-12-02,Completed,In-Store
3553,520,15,2024-03-19,Completed,In-Store
3554,34,13,2025-01-23,Completed,Online
3555,527,13,2025-08-24,Completed,Phone
3556,212,13,2025-11-01,Completed,Phone
3557,194,5,2023-06-21,Completed,Online
3558,35,1,2025-11-26,Completed,In-Store
3559,743,10,2025-07-03,Completed,Online
3560,578,9,2025-03-16,Completed,In-Store
3561,113,2,2025-10-24,Pending,Online
3562,416,12,2025-05-26,Completed,Phone
3563,306,9,2025-10-29,Completed,In-Store
3564,713,1,2025-10-09,Completed,In-Store
3565,562,12,2024-10-04,Cancelled,Online
3566,518,1,2024-06-24,Completed,In-Store
3567,748,10,2024-05-24,Completed,In-Store
3568,157,6,2023-08-25,Completed,Online
3569,359,12,2025-03-05,Pending,Online
3570,435,5,2025-07-27,Completed,Online
3571,687,3,2024-12-12,Completed,Online
3572,529,13,2025-10-16,Cancelled,Online
3573,288,14,2025-11-11,Completed,Online
3574,190,2,2025-07-05,Completed,Online
3575,677,3,2025-03-29,Completed,Online
3576,360,7,2024-09-11,Completed,In-Store
3577,708,7,2024-05-15,Completed,Online
3578,579,7,2025-01-29,Cancelled,Online
3579,496,14,2024-04-15,Completed,Online
3580,242,11,2024-07-28,Completed,In-Store
3581,77,7,2023-05-14,Completed,In-Store
3582,70,13,2025-10-16,Completed,Online
3583,529,7,2025-12-13,Completed,Online
3584,386,12,2024-12-01,Completed,Online
3585,532,11,2025-12-04,Completed,Online
3586,286,1,2025-11-13,Completed,In-Store
3587,54,5,2025-06-17,Completed,In-Store
3588,457,8,2025-07-01,Completed,Phone
3589,533,2,2025-06-12,Completed,In-Store
3590,786,14,2024-10-17,Completed,Online
3591,57,14,2025-06-17,Completed,Online
3592,795,15,2025-07-17,Completed,Online
3593,708,3,2025-07-20,Completed,Online
3594,545,6,2025-03-26,Completed,In-Store
3595,158,1,2025-09-02,Completed,Online
3596,704,2,2024-07-22,Completed,Online
3597,165,2,2024-07-11,Completed,In-Store
3598,280,11,2025-05-20,Completed,Online
3599,422,3,2025-07-28,Completed,In-Store
3600,485,10,2024-05-07,Pending,Online
3601,183,3,2025-11-29,Pending,Phone
3602,170,3,2024-12-17,Completed,Phone
3603,554,12,2025-04-19,Completed,In-Store
3604,228,6,2023-10-27,Completed,Online
3605,645,3,2025-07-16,Completed,In-Store
3606,108,7,2024-07-22,Completed,In-Store
3607,585,8,2025-11-16,Completed,In-Store
3608,626,14,2025-03-29,Completed,In-Store
3609,477,14,2025-11-28,Completed,Online
3610,275,13,2025-06-06,Cancelled,Online
3611,608,1,2023-11-19,Completed,Online
3612,73,13,2025-10-13,Pending,Online
3613,466,3,2024-05-03,Completed,Online
3614,622,3,2023-10-26,Completed,Online
3615,497,3,2025-09-17,Completed,Phone
3616,679,5,2025-11-20,Completed,In-Store
3617,116,6,2024-03-18,Completed,In-Store
3618,379,7,2025-05-31,Completed,Online
3619,160,9,2025-11-27,Pending,Online
3620,484,5,2025-03-13,Completed,In-Store
3621,742,12,2025-02-01,Completed,Online
3622,129,10,2025-07-27,Completed,Online
3623,528,2,2024-05-20,Completed,Online
3624,770,1,2024-11-15,Completed,Online
3625,449,3,2023-03-17,Completed,Online
3626,400,8,2025-08-05,Completed,In-Store
3627,593,4,2024-05-25,Completed,Phone
3628,800,13,2025-11-09,Completed,Online
3629,350,14,2025-03-02,Pending,In-Store
3630,138,11,2025-12-20,Completed,In-Store
3631,338,15,2025-05-11,Completed,Online
3632,349,15,2024-05-13,Cancelled,Online
3633,423,10,2025-03-18,Completed,Online
3634,588,13,2024-04-30,Completed,In-Store
3635,697,5,2023-06-25,Completed,Online
3636,280,3,2025-09-05,Completed,Online
3637,699,10,2025-12-01,Completed,Online
3638,606,15,2025-05-11,Completed,Online
3639,25,5,2025-06-14,Completed,Online
3640,268,8,2024-10-21,Completed,In-Store
3641,34,7,2023-10-28,Completed,Phone
3642,311,6,2025-03-04,Completed,Online
3643,530,7,2025-10-16,Completed,Online
3644,12,6,2025-07-10,Completed,In-Store
3645,428,10,2024-06-21,Pending,Phone
3646,789,8,2025-09-29,Completed,Online
3647,174,10,2025-08-27,Completed,Phone
3648,572,7,2024-08-25,Completed,Online
3649,115,5,2024-08-09,Completed,In-Store
3650,265,3,2025-05-17,Completed,Online
3651,165,9,2024-06-18,Completed,Online
3652,525,4,2023-12-19,Pending,Online
3653,420,4,2025-01-25,Completed,Online
3654,181,9,2025-02-05,Completed,In-Store
3655,674,3,2024-11-09,Completed,Online
3656,718,14,2024-06-04,Completed,Online
3657,34,10,2025-04-16,Pending,Online
3658,21,4,2025-05-09,Pending,Online
3659,101,10,2024-02-23,Completed,Online
3660,157,10,2025-09-22,Completed,Online
3661,754,2,2025-06-21,Completed,In-Store
3662,633,1,2025-07-23,Cancelled,Online
3663,238,4,2025-08-18,Cancelled,In-Store
3664,214,1,2025-10-12,Pending,Online
3665,497,11,2025-02-15,Pending,Phone
3666,44,13,2024-08-11,Pending,Online
3667,18,15,2025-03-24,Completed,Online
3668,651,11,2025-01-18,Completed,In-Store
3669,492,15,2025-12-17,Completed,In-Store
3670,621,11,2024-09-02,Completed,Phone
3671,314,13,2025-12-08,Completed,Online
3672,487,11,2025-05-24,Completed,Online
3673,534,15,2025-05-03,Completed,Online
3674,533,3,2025-03-16,Cancelled,Online
3675,183,12,2025-06-23,Completed,Online
3676,187,1,2025-11-06,Completed,Online
3677,145,1,2025-03-15,Completed,Online
3678,627,1,2025-10-02,Completed,In-Store
3679,708,5,2025-10-19,Completed,In-Store
3680,771,15,2024-11-17,Completed,Online
3681,671,12,2025-08-17,Completed,In-Store
3682,546,10,2024-11-05,Completed,Online
3683,311,6,2024-12-04,Completed,Online
3684,613,15,2024-07-20,Pending,Online
3685,180,6,2023-08-02,Cancelled,In-Store
3686,332,11,2025-02-06,Completed,Online
3687,287,14,2025-05-30,Completed,Online
3688,340,7,2025-02-01,Completed,In-Store
3689,796,5,2024-08-26,Completed,Online
3690,343,3,2025-10-16,Completed,In-Store
3691,138,15,2025-02-09,Completed,Phone
3692,483,11,2025-10-27,Completed,Online
3693,560,6,2025-08-10,Completed,In-Store
3694,69,7,2024-11-23,Completed,Online
3695,710,1,2025-11-10,Completed,In-Store
3696,556,10,2024-07-28,Pending,Online
3697,64,1,2024-02-28,Completed,Online
3698,522,15,2025-06-27,Completed,Online
3699,333,6,2025-11-27,Completed,Online
3700,699,7,2025-10-26,Completed,Online
3701,555,5,2024-05-13,Completed,Online
3702,64,12,2025-04-11,Completed,Online
3703,384,7,2024-12-15,Completed,Online
3704,510,7,2025-10-08,Completed,In-Store
3705,601,12,2024-05-25,Completed,Online
3706,368,10,2024-01-31,Completed,Online
3707,679,12,2024-02-17,Completed,Online
3708,164,4,2025-08-23,Completed,Online
3709,777,13,2025-10-23,Completed,Online
3710,743,2,2025-08-29,Cancelled,Online
3711,56,5,2025-07-05,Completed,In-Store
3712,795,15,2024-05-24,Completed,In-Store
3713,349,10,2024-11-22,Completed,In-Store
3714,128,9,2024-04-28,Completed,Phone
3715,505,11,2025-07-09,Completed,Online
3716,513,3,2024-06-13,Completed,In-Store
3717,295,7,2025-09-08,Completed,Phone
3718,141,2,2024-03-30,Completed,Online
3719,120,13,2024-08-19,Pending,Online
3720,594,6,2025-12-02,Completed,Online
3721,753,10,2025-03-20,Completed,Online
3722,314,3,2024-09-04,Completed,Online
3723,394,6,2025-10-21,Completed,Online
3724,325,3,2024-08-12,Completed,Online
3725,85,8,2023-10-17,Completed,Online
3726,796,8,2024-07-07,Cancelled,Online
3727,781,13,2025-12-24,Completed,Online
3728,185,4,2023-06-22,Pending,Phone
3729,354,4,2024-03-31,Completed,In-Store
3730,350,15,2025-01-11,Cancelled,Online
3731,619,5,2024-04-28,Completed,Online
3732,520,10,2024-08-09,Completed,Phone
3733,574,4,2025-07-02,Pending,Online
3734,672,15,2023-05-26,Completed,In-Store
3735,102,13,2024-11-18,Completed,Online
3736,299,3,2025-07-08,Completed,In-Store
3737,137,5,2024-10-03,Completed,Online
3738,139,2,2023-11-20,Completed,Online
3739,675,3,2025-02-25,Completed,Online
3740,216,2,2025-10-28,Completed,Online
3741,548,1,2025-11-18,Completed,Phone
3742,377,2,2025-12-03,Completed,Online
3743,94,12,2024-08-22,Completed,Phone
3744,80,9,2025-09-18,Completed,Phone
3745,33,12,2024-01-25,Cancelled,In-Store
3746,372,1,2025-04-28,Completed,Online
3747,774,12,2024-09-11,Completed,Online
3748,610,14,2025-11-17,Completed,Online
3749,13,5,2024-04-23,Cancelled,Online
3750,709,1,2025-05-14,Pending,Online
3751,524,10,2025-02-14,Cancelled,Online
3752,380,3,2023-10-20,Completed,In-Store
3753,626,13,2025-11-13,Completed,In-Store
3754,767,6,2023-12-22,Cancelled,In-Store
3755,300,15,2025-09-16,Completed,Phone
3756,689,9,2025-06-05,Pending,In-Store
3757,110,6,2025-01-11,Completed,Online
3758,228,11,2023-11-29,Completed,Online
3759,109,1,2024-01-15,Completed,In-Store
3760,498,6,2025-03-11,Completed,In-Store
3761,647,1,2025-11-11,Completed,Online
3762,505,6,2025-01-10,Completed,Online
3763,255,12,2025-02-15,Completed,Online
3764,488,13,2024-08-17,Completed,Phone
3765,459,6,2024-11-06,Completed,Online
3766,624,15,2024-09-30,Completed,Online
3767,136,6,2024-10-20,Completed,Online
3768,512,1,2024-03-23,Completed,Phone
3769,764,1,2025-10-09,Cancelled,Online
3770,67,1,2024-03-10,Completed,In-Store
3771,154,12,2025-09-22,Completed,Online
3772,160,14,2025-06-06,Pending,In-Store
3773,734,2,2024-03-02,Completed,In-Store
3774,258,11,2024-06-05,Completed,Online
3775,128,14,2024-08-28,Completed,Online
3776,653,3,2025-12-10,Completed,Online
3777,568,1,2025-02-04,Completed,Online
3778,648,3,2023-09-06,Completed,In-Store
3779,264,14,2023-07-07,Completed,In-Store
3780,203,5,2025-09-13,Completed,Online
3781,796,3,2024-04-21,Completed,Online
3782,297,7,2024-08-26,Completed,Online
3783,103,14,2025-06-23,Completed,Online
3784,224,6,2025-04-26,Completed,Online
3785,426,14,2025-05-11,Completed,Online
3786,630,9,2025-12-27,Completed,In-Store
3787,9,2,2023-11-14,Pending,Online
3788,158,4,2025-11-08,Completed,Online
3789,591,13,2025-11-11,Completed,In-Store
3790,64,1,2024-10-06,Pending,Online
3791,769,1,2024-09-06,Completed,Online
3792,649,9,2025-09-09,Pending,Phone
3793,488,2,2025-07-08,Completed,Phone
3794,386,11,2023-03-20,Completed,Online
3795,746,9,2024-01-23,Completed,Online
3796,253,9,2024-05-10,Completed,In-Store
3797,166,11,2025-06-20,Pending,Online
3798,303,1,2024-07-18,Cancelled,Online
3799,410,2,2025-10-17,Pending,Online
3800,451,12,2024-10-28,Completed,Phone
3801,201,10,2025-05-31,Completed,In-Store
3802,368,3,2025-06-16,Completed,In-Store
3803,571,4,2025-04-09,Pending,In-Store
3804,508,15,2024-12-28,Completed,Phone
3805,686,9,2024-09-03,Completed,Online
3806,739,15,2025-02-15,Completed,In-Store
3807,786,3,2025-12-29,Completed,Online
3808,106,6,2025-08-11,Completed,In-Store
3809,363,1,2024-03-26,Completed,Online
3810,293,14,2024-12-08,Completed,In-Store
3811,555,6,2025-06-15,Completed,Online
3812,174,4,2024-08-30,Completed,Online
3813,449,2,2024-10-03,Completed,Online
3814,346,14,2024-09-08,Pending,Online
3815,355,14,2025-10-22,Completed,Online
3816,249,12,2025-03-24,Completed,Online
3817,345,1,2025-03-08,Cancelled,Online
3818,20,9,2023-10-01,Completed,Online
3819,266,2,2025-09-05,Completed,In-Store
3820,6,15,2025-11-09,Completed,Online
3821,98,9,2024-11-21,Pending,Online
3822,9,2,2025-01-25,Cancelled,Online
3823,132,11,2025-01-20,Completed,Online
3824,119,4,2025-06-06,Completed,In-Store
3825,434,11,2025-05-08,Completed,Online
3826,793,6,2025-10-16,Completed,Online
3827,710,4,2025-04-08,Completed,In-Store
3828,662,12,2025-06-26,Completed,Online
3829,501,4,2024-11-02,Completed,Online
3830,224,13,2025-11-11,Completed,Online
3831,225,9,2025-02-10,Completed,Online
3832,713,15,2023-12-06,Completed,Online
3833,457,7,2024-03-10,Completed,In-Store
3834,98,1,2024-02-06,Pending,In-Store
3835,791,13,2025-10-15,Completed,In-Store
3836,748,15,2025-10-02,Cancelled,Online
3837,447,12,2025-05-15,Pending,Online
3838,658,10,2025-02-28,Completed,Phone
3839,718,10,2025-02-20,Completed,In-Store
3840,663,14,2024-11-04,Cancelled,Online
3841,781,8,2024-09-12,Cancelled,Online
3842,325,15,2025-09-29,Completed,Online
3843,98,13,2025-08-10,Completed,In-Store
3844,730,11,2024-06-21,Completed,In-Store
3845,460,7,2025-02-10,Completed,Phone
3846,525,11,2025-08-30,Pending,Online
3847,340,10,2023-10-29,Completed,Phone
3848,462,1,2025-08-15,Completed,Online
3849,210,5,2024-04-07,Completed,Online
3850,676,14,2024-07-12,Cancelled,In-Store
3851,503,11,2024-12-12,Completed,Online
3852,282,10,2025-04-24,Completed,Phone
3853,325,15,2024-08-25,Pending,Online
3854,693,15,2023-07-01,Completed,Online
3855,682,14,2024-06-22,Completed,Online
3856,165,12,2025-07-08,Completed,Online
3857,90,11,2024-06-10,Completed,Online
3858,145,3,2025-05-02,Pending,Online
3859,377,13,2024-02-12,Completed,In-Store
3860,472,6,2025-12-06,Completed,Online
3861,379,12,2024-10-04,Completed,Online
3862,697,9,2025-11-14,Cancelled,Online
3863,541,11,2024-06-16,Completed,In-Store
3864,628,13,2025-08-23,Completed,In-Store
3865,543,3,2025-05-24,Completed,Online
3866,256,6,2025-11-26,Pending,In-Store
3867,536,1,2025-05-03,Completed,Phone
3868,799,10,2024-07-21,Completed,Online
3869,190,9,2025-10-29,Completed,Online
3870,617,8,2025-11-05,Cancelled,Phone
3871,514,13,2024-12-06,Completed,Online
3872,121,1,2024-08-06,Completed,Online
3873,621,2,2024-11-02,Pending,In-Store
3874,244,6,2023-07-02,Completed,Online
3875,144,9,2023-10-17,Completed,In-Store
3876,603,15,2025-01-26,Completed,In-Store
3877,479,12,2025-08-10,Completed,Online
3878,391,14,2025-06-27,Completed,Online
3879,652,8,2025-03-08,Completed,Online
3880,11,3,2025-02-06,Completed,In-Store
3881,327,2,2025-07-23,Completed,Online
3882,39,8,2025-05-26,Completed,Online
3883,583,4,2024-01-31,Pending,Online
3884,447,6,2025-09-04,Completed,Online
3885,458,7,2024-12-15,Completed,Phone
3886,602,15,2025-11-24,Completed,In-Store
3887,66,13,2025-09-29,Pending,Online
3888,544,3,2025-11-08,Completed,Online
3889,77,9,2025-05-15,Completed,In-Store
3890,748,9,2025-05-19,Cancelled,Online
3891,248,9,2023-09-15,Pending,Online
3892,704,6,2025-07-23,Completed,Online
3893,745,1,2024-03-17,Completed,Online
3894,142,14,2023-12-26,Pending,In-Store
3895,384,14,2025-05-03,Pending,In-Store
3896,551,15,2024-12-06,Pending,Online
3897,43,12,2025-08-30,Pending,Online
3898,783,13,2024-01-26,Completed,In-Store
3899,595,1,2025-10-04,Completed,In-Store
3900,566,2,2024-05-19,Cancelled,In-Store
3901,379,3,2025-07-25,Completed,In-Store
3902,756,15,2025-09-05,Completed,In-Store
3903,342,15,2024-12-23,Completed,In-Store
3904,705,12,2024-04-23,Completed,Online
3905,742,15,2025-10-18,Completed,Online
3906,303,5,2025-03-28,Completed,Online
3907,373,7,2024-03-04,Pending,Online
3908,650,11,2025-04-18,Completed,In-Store
3909,235,5,2025-07-05,Completed,Online
3910,395,15,2025-09-17,Completed,Online
3911,202,6,2025-03-26,Pending,Phone
3912,636,15,2024-04-21,Completed,In-Store
3913,355,9,2024-12-29,Completed,Online
3914,463,4,2024-11-06,Completed,In-Store
3915,497,10,2024-12-08,Pending,Online
3916,324,5,2025-06-01,Completed,In-Store
3917,437,14,2024-05-30,Completed,Online
3918,184,1,2025-10-24,Completed,In-Store
3919,79,6,2024-01-09,Completed,Online
3920,658,2,2024-09-25,Completed,Online
3921,794,4,2025-01-01,Pending,Online
3922,744,2,2024-03-02,Completed,Online
3923,554,5,2025-01-11,Pending,In-Store
3924,625,10,2025-11-20,Completed,Online
3925,387,4,2024-08-01,Completed,Phone
3926,437,10,2024-02-14,Completed,In-Store
3927,50,5,2025-03-02,Completed,Online
3928,375,5,2024-11-23,Completed,In-Store
3929,630,10,2025-03-24,Completed,Online
3930,12,12,2025-06-14,Completed,In-Store
3931,623,10,2024-02-17,Completed,Online
3932,42,1,2025-04-08,Completed,In-Store
3933,327,15,2024-12-07,Completed,Phone
3934,611,5,2024-10-26,Completed,Online
3935,342,7,2025-08-23,Completed,Online
3936,74,4,2025-08-09,Completed,In-Store
3937,295,12,2025-01-25,Pending,Online
3938,576,12,2025-10-06,Completed,In-Store
3939,706,4,2023-10-10,Completed,Phone
3940,22,13,2025-03-25,Completed,Online
3941,108,1,2024-12-29,Completed,Online
3942,428,10,2025-01-25,Completed,Online
3943,643,3,2025-04-08,Cancelled,Online
3944,345,11,2025-11-27,Completed,In-Store
3945,81,11,2025-10-08,Completed,In-Store
3946,180,12,2024-08-28,Completed,Online
3947,735,7,2024-04-01,Completed,Online
3948,254,3,2025-08-24,Completed,Online
3949,797,3,2024-10-19,Completed,Online
3950,598,4,2025-12-10,Completed,In-Store
3951,508,10,2023-04-13,Completed,In-Store
3952,662,2,2023-12-31,Completed,Online
3953,779,7,2023-11-29,Pending,Phone
3954,36,3,2025-01-31,Pending,In-Store
3955,764,5,2025-08-17,Completed,Online
3956,87,5,2024-08-14,Completed,Online
3957,210,11,2025-11-16,Completed,Online
3958,562,7,2024-11-06,Completed,Phone
3959,562,7,2025-11-22,Completed,Phone
3960,46,11,2025-07-11,Completed,In-Store
3961,572,6,2025-12-10,Completed,Online
3962,616,12,2025-04-16,Completed,Online
3963,464,3,2025-06-10,Completed,Online
3964,297,3,2025-07-23,Completed,Online
3965,243,15,2024-12-09,Completed,In-Store
3966,170,3,2025-06-19,Cancelled,Online
3967,550,1,2024-11-10,Completed,Online
3968,104,14,2024-03-21,Completed,Online
3969,209,4,2025-02-04,Completed,Online
3970,354,9,2025-03-05,Completed,Online
3971,236,4,2025-08-08,Completed,Phone
3972,279,8,2024-06-10,Pending,Online
3973,672,7,2025-08-26,Completed,In-Store
3974,669,5,2024-08-23,Completed,Online
3975,723,4,2025-06-04,Completed,Online
3976,143,15,2025-06-07,Completed,Online
3977,468,6,2024-12-26,Cancelled,Online
3978,397,5,2025-12-17,Completed,Online
3979,316,5,2023-06-03,Completed,Online
3980,355,3,2025-05-01,Completed,Online
3981,701,6,2023-09-20,Completed,Online
3982,191,7,2024-11-18,Completed,Online
3983,176,11,2023-08-31,Completed,Online
3984,361,2,2025-06-18,Completed,Online
3985,558,5,2024-11-29,Completed,In-Store
3986,321,12,2025-04-14,Completed,Online
3987,378,10,2025-09-11,Pending,Online
3988,45,7,2024-12-11,Completed,In-Store
3989,372,11,2024-12-07,Completed,In-Store
3990,37,8,2025-09-22,Completed,In-Store
3991,554,10,2024-09-07,Completed,In-Store
3992,252,7,2025-12-16,Completed,Online
3993,418,6,2025-10-20,Completed,Online
3994,392,9,2025-11-11,Completed,Phone
3995,52,3,2024-03-04,Completed,Online
3996,663,4,2024-11-27,Cancelled,In-Store
3997,421,4,2023-12-21,Completed,Online
3998,348,1,2024-01-29,Completed,In-Store
3999,585,9,2023-12-31,Cancelled,Online
4000,701,7,2024-04-18,Completed,Online
4001,495,12,2024-09-18,Completed,Online
4002,335,3,2025-05-14,Pending,Online
4003,422,5,2024-05-13,Completed,Online
4004,183,14,2024-11-11,Completed,Online
4005,47,3,2025-08-30,Completed,Online
4006,50,9,2025-10-14,Completed,Online
4007,407,9,2024-11-29,Completed,In-Store
4008,79,14,2024-11-01,Pending,Online
4009,734,5,2025-02-22,Cancelled,Phone
4010,306,14,2025-01-26,Completed,In-Store
4011,779,5,2025-06-17,Completed,Online
4012,17,13,2025-12-05,Completed,Online
4013,373,2,2024-09-16,Completed,Online
4014,5,7,2024-08-12,Completed,In-Store
4015,657,1,2023-10-12,Completed,Online
4016,232,13,2025-07-05,Pending,Online
4017,585,7,2024-02-19,Completed,Online
4018,677,5,2024-11-28,Pending,Phone
4019,400,7,2023-04-27,Completed,Online
4020,737,15,2024-06-24,Completed,In-Store
4021,398,6,2025-04-28,Pending,Online
4022,122,3,2025-11-25,Completed,Online
4023,191,13,2023-09-04,Completed,Online
4024,644,9,2024-10-05,Completed,In-Store
4025,196,13,2025-12-13,Completed,Online
4026,508,9,2025-05-05,Completed,In-Store
4027,49,4,2025-02-11,Pending,Online
4028,754,1,2025-09-24,Completed,Online
4029,58,3,2024-09-01,Completed,In-Store
4030,70,13,2024-11-19,Completed,Online
4031,423,12,2025-08-28,Cancelled,In-Store
4032,698,10,2024-08-08,Cancelled,In-Store
4033,688,11,2025-07-15,Completed,Online
4034,441,3,2025-07-15,Pending,Online
4035,104,4,2023-12-30,Completed,Online
4036,23,2,2025-07-30,Pending,In-Store
4037,18,5,2025-04-24,Completed,Online
4038,514,11,2024-12-09,Completed,Online
4039,255,13,2025-09-06,Completed,In-Store
4040,739,10,2024-11-05,Pending,In-Store
4041,221,12,2024-03-09,Completed,Phone
4042,146,9,2025-12-02,Completed,Phone
4043,76,6,2025-03-29,Pending,In-Store
4044,168,2,2025-03-12,Completed,Online
4045,468,3,2025-12-19,Pending,Online
4046,504,8,2024-11-05,Completed,Online
4047,37,15,2025-02-13,Completed,In-Store
4048,460,10,2025-07-30,Completed,In-Store
4049,111,2,2024-12-25,Completed,Online
4050,490,11,2025-02-14,Completed,Phone
4051,184,8,2025-02-13,Completed,Online
4052,535,11,2025-04-29,Completed,In-Store
4053,180,3,2024-03-31,Completed,Online
4054,88,3,2025-11-11,Pending,In-Store
4055,658,14,2025-02-15,Completed,In-Store
4056,105,8,2025-12-10,Completed,Online
4057,705,6,2025-05-08,Pending,Online
4058,674,15,2024-07-10,Completed,Online
4059,185,3,2024-05-01,Completed,Online
4060,85,12,2025-07-07,Completed,Online
4061,704,11,2025-08-14,Completed,Online
4062,650,4,2025-04-06,Completed,In-Store
4063,657,1,2025-01-15,Completed,Online
4064,110,15,2024-10-03,Completed,In-Store
4065,284,6,2024-12-15,Cancelled,In-Store
4066,56,14,2025-04-05,Pending,Online
4067,275,5,2024-06-14,Completed,Phone
4068,144,11,2023-10-16,Completed,Online
4069,142,1,2025-09-04,Completed,Online
4070,81,4,2025-04-29,Completed,Online
4071,381,2,2024-11-02,Completed,Online
4072,779,14,2025-03-02,Completed,Online
4073,64,14,2024-04-22,Completed,Online
4074,733,7,2023-08-09,Completed,Online
4075,350,10,2023-08-06,Completed,Online
4076,82,3,2025-05-17,Cancelled,Phone
4077,123,5,2025-10-16,Pending,In-Store
4078,749,12,2024-09-30,Completed,In-Store
4079,449,2,2025-10-20,Pending,Online
4080,743,13,2025-03-27,Completed,Phone
4081,192,12,2024-04-25,Completed,In-Store
4082,241,9,2024-05-21,Pending,Phone
4083,796,12,2024-10-13,Completed,Online
4084,120,10,2024-04-02,Completed,In-Store
4085,596,6,2024-05-12,Completed,In-Store
4086,555,10,2025-08-03,Completed,Online
4087,293,8,2024-02-05,Completed,In-Store
4088,754,7,2025-01-23,Completed,Online
4089,245,14,2023-05-03,Completed,In-Store
4090,91,11,2023-07-06,Completed,In-Store
4091,750,12,2025-07-22,Completed,Phone
4092,14,14,2024-08-17,Completed,Phone
4093,247,9,2024-04-14,Completed,Online
4094,748,3,2024-01-24,Completed,Online
4095,432,14,2025-03-22,Completed,In-Store
4096,126,9,2023-12-14,Completed,In-Store
4097,592,2,2025-07-03,Completed,Phone
4098,693,9,2025-11-20,Completed,Online
4099,781,4,2024-07-10,Completed,Phone
4100,108,11,2025-08-26,Completed,Online
4101,413,12,2025-07-06,Completed,Online
4102,433,6,2025-08-29,Completed,Online
4103,663,11,2025-02-18,Completed,In-Store
4104,103,2,2024-04-04,Pending,Online
4105,576,13,2025-08-02,Completed,Online
4106,559,7,2025-08-13,Pending,In-Store
4107,347,13,2025-05-26,Completed,Online
4108,725,9,2024-05-25,Completed,In-Store
4109,743,3,2023-10-02,Pending,In-Store
4110,141,9,2025-11-03,Completed,Online
4111,55,15,2025-02-10,Completed,Online
4112,542,1,2025-12-07,Completed,In-Store
4113,96,12,2024-04-02,Completed,In-Store
4114,595,3,2025-03-01,Completed,Online
4115,331,7,2025-11-05,Completed,In-Store
4116,317,8,2024-01-04,Cancelled,In-Store
4117,690,10,2024-06-20,Pending,In-Store
4118,385,6,2025-04-01,Completed,Online
4119,588,14,2024-12-12,Completed,In-Store
4120,386,6,2025-03-08,Pending,Online
4121,476,8,2025-03-24,Completed,In-Store
4122,255,13,2025-02-22,Pending,Online
4123,681,12,2025-09-08,Completed,Online
4124,774,6,2025-09-20,Cancelled,Phone
4125,169,12,2024-05-27,Cancelled,Online
4126,450,10,2024-07-14,Completed,In-Store
4127,640,2,2024-12-15,Completed,In-Store
4128,115,12,2025-03-20,Completed,Online
4129,742,14,2025-11-21,Completed,Online
4130,104,6,2024-01-19,Completed,Online
4131,476,2,2025-12-16,Pending,In-Store
4132,623,9,2023-10-06,Cancelled,Online
4133,408,1,2025-06-14,Completed,Online
4134,93,8,2023-12-10,Completed,Online
4135,212,15,2023-05-16,Completed,Online
4136,422,12,2025-06-18,Completed,Online
4137,2,2,2023-05-24,Completed,Online
4138,641,13,2024-09-05,Completed,In-Store
4139,790,10,2025-11-11,Pending,Online
4140,616,12,2025-07-20,Completed,Online
4141,797,5,2023-06-06,Completed,Online
4142,393,14,2025-08-18,Completed,In-Store
4143,131,6,2024-11-29,Completed,In-Store
4144,301,10,2024-07-02,Completed,In-Store
4145,119,7,2025-02-08,Completed,Online
4146,88,2,2025-02-24,Completed,Phone
4147,579,2,2025-07-25,Completed,Online
4148,280,12,2023-10-15,Pending,Online
4149,93,13,2024-03-18,Completed,Online
4150,100,7,2025-08-28,Completed,Online
4151,714,15,2024-09-22,Completed,In-Store
4152,142,5,2025-09-18,Completed,Online
4153,489,6,2024-11-05,Completed,Online
4154,396,12,2025-06-09,Completed,Online
4155,285,12,2025-05-05,Completed,Online
4156,271,8,2025-10-01,Completed,Online
4157,107,12,2025-03-28,Completed,Online
4158,628,14,2025-07-02,Pending,Online
4159,702,11,2025-08-01,Completed,Online
4160,49,9,2025-09-08,Completed,In-Store
4161,148,4,2024-10-15,Completed,Online
4162,798,10,2025-10-04,Pending,Online
4163,172,3,2025-02-19,Completed,In-Store
4164,217,3,2025-03-26,Completed,Online
4165,480,8,2024-10-09,Completed,Online
4166,301,7,2025-12-10,Completed,Phone
4167,662,14,2025-01-26,Pending,Phone
4168,707,5,2024-12-03,Pending,Online
4169,738,8,2025-07-26,Completed,Online
4170,716,3,2023-05-10,Cancelled,In-Store
4171,189,13,2024-03-31,Pending,In-Store
4172,86,12,2024-10-07,Completed,Online
4173,482,3,2025-08-23,Completed,Online
4174,431,4,2024-04-06,Completed,In-Store
4175,113,2,2025-05-26,Completed,Phone
4176,347,10,2025-07-20,Completed,Online
4177,121,8,2025-08-21,Completed,Online
4178,783,12,2025-12-27,Completed,Online
4179,752,6,2025-11-02,Completed,In-Store
4180,461,10,2025-10-15,Completed,Online
4181,210,1,2023-06-22,Completed,Online
4182,554,2,2024-11-12,Completed,Online
4183,589,10,2025-12-02,Cancelled,Online
4184,379,2,2025-12-07,Pending,Online
4185,742,8,2025-06-30,Completed,In-Store
4186,579,4,2025-07-21,Completed,Online
4187,385,12,2024-10-22,Completed,Online
4188,476,12,2025-03-31,Completed,In-Store
4189,120,3,2024-07-08,Completed,Online
4190,270,7,2025-02-27,Pending,In-Store
4191,354,10,2025-03-17,Completed,Online
4192,309,13,2023-05-15,Completed,Phone
4193,69,14,2024-09-23,Completed,In-Store
4194,175,11,2024-07-01,Completed,In-Store
4195,759,4,2024-05-05,Cancelled,In-Store
4196,247,2,2024-03-11,Completed,Online
4197,135,5,2025-05-08,Completed,Online
4198,50,14,2025-10-20,Completed,Online
4199,622,11,2025-08-07,Completed,Online
4200,427,6,2025-05-31,Completed,In-Store
4201,267,3,2024-03-28,Pending,In-Store
4202,794,14,2025-10-03,Completed,Online
4203,741,7,2025-02-25,Completed,In-Store
4204,80,6,2025-04-14,Completed,Online
4205,114,6,2025-09-23,Completed,Phone
4206,215,12,2025-11-21,Cancelled,Online
4207,86,14,2024-08-14,Pending,In-Store
4208,107,9,2024-12-29,Cancelled,In-Store
4209,608,15,2025-06-20,Cancelled,In-Store
4210,353,4,2025-04-09,Pending,Online
4211,376,12,2023-07-03,Completed,Online
4212,395,5,2025-08-07,Completed,In-Store
4213,629,3,2025-03-18,Pending,In-Store
4214,252,2,2025-11-25,Completed,In-Store
4215,340,3,2024-10-03,Completed,Online
4216,649,3,2025-10-02,Completed,In-Store
4217,9,3,2025-05-27,Completed,Online
4218,447,6,2025-03-03,Pending,Online
4219,568,10,2025-10-22,Completed,In-Store
4220,465,5,2024-11-30,Completed,In-Store
4221,272,11,2024-04-21,Completed,Phone
4222,297,5,2025-03-09,Pending,In-Store
4223,318,5,2023-07-06,Completed,Online
4224,601,2,2025-07-21,Completed,Online
4225,240,15,2025-01-07,Completed,In-Store
4226,344,12,2024-12-09,Completed,Online
4227,452,11,2024-02-09,Completed,Phone
4228,90,13,2024-09-23,Completed,Phone
4229,216,15,2023-11-06,Completed,Online
4230,522,2,2025-05-24,Completed,Online
4231,650,7,2025-09-17,Completed,Phone
4232,420,14,2024-03-27,Completed,In-Store
4233,4,2,2025-10-08,Completed,Online
4234,367,15,2024-11-09,Completed,Online
4235,730,1,2025-09-14,Cancelled,Online
4236,607,8,2025-11-21,Pending,In-Store
4237,460,5,2025-11-13,Cancelled,In-Store
4238,190,6,2024-09-17,Completed,Online
4239,204,7,2024-07-17,Completed,Online
4240,645,2,2025-07-14,Completed,Online
4241,356,6,2025-06-10,Completed,Online
4242,536,14,2025-08-19,Completed,Online
4243,591,4,2023-08-03,Completed,In-Store
4244,788,15,2023-12-30,Completed,Online
4245,654,3,2025-02-06,Completed,Online
4246,666,10,2025-06-27,Pending,In-Store
4247,86,1,2023-10-12,Completed,Online
4248,107,5,2025-12-17,Completed,In-Store
4249,165,3,2024-11-22,Cancelled,Online
4250,316,12,2025-02-20,Completed,Online
4251,318,8,2024-05-28,Completed,Online
4252,456,5,2023-11-07,Completed,In-Store
4253,70,11,2023-05-21,Completed,Phone
4254,323,7,2024-10-12,Completed,In-Store
4255,28,3,2024-09-24,Pending,Online
4256,792,2,2025-07-12,Completed,Online
4257,479,5,2024-08-15,Completed,Online
4258,798,9,2025-11-15,Completed,Online
4259,26,12,2025-02-05,Completed,Online
4260,282,3,2024-09-06,Completed,Online
4261,678,5,2025-04-18,Completed,In-Store
4262,521,15,2025-04-10,Completed,Online
4263,610,9,2025-11-21,Completed,Online
4264,709,3,2024-09-23,Completed,Phone
4265,654,1,2024-03-13,Completed,In-Store
4266,9,7,2024-10-12,Completed,Online
4267,175,2,2025-10-06,Completed,Online
4268,793,15,2025-09-09,Pending,Online
4269,60,9,2025-08-16,Completed,In-Store
4270,555,11,2025-09-13,Completed,Online
4271,114,4,2024-10-08,Completed,In-Store
4272,458,3,2025-09-21,Completed,Online
4273,653,10,2023-04-14,Pending,In-Store
4274,464,4,2025-11-29,Completed,Online
4275,54,7,2024-09-23,Pending,In-Store
4276,446,12,2024-09-18,Completed,Online
4277,753,6,2025-02-27,Completed,Online
4278,470,7,2024-06-11,Cancelled,Online
4279,673,3,2024-06-20,Completed,Online
4280,24,2,2025-10-15,Completed,Online
4281,709,10,2024-05-11,Pending,Online
4282,500,11,2025-02-09,Pending,In-Store
4283,139,4,2024-09-09,Completed,Phone
4284,547,8,2024-04-22,Completed,Online
4285,11,4,2024-06-23,Completed,Online
4286,751,9,2025-10-17,Completed,Online
4287,493,9,2025-11-25,Completed,Phone
4288,592,2,2024-10-20,Completed,Online
4289,628,9,2024-06-25,Pending,In-Store
4290,360,2,2025-11-23,Completed,In-Store
4291,517,12,2025-11-21,Completed,Online
4292,185,8,2024-08-24,Pending,Online
4293,240,9,2025-09-18,Completed,In-Store
4294,720,15,2025-06-22,Completed,In-Store
4295,238,5,2024-08-24,Completed,Online
4296,163,10,2025-10-07,Completed,Online
4297,14,1,2025-11-29,Pending,Online
4298,161,12,2025-04-11,Completed,Online
4299,91,10,2025-08-25,Completed,Online
4300,291,13,2025-07-04,Completed,Online
4301,747,11,2025-03-05,Pending,Online
4302,790,10,2024-06-29,Completed,Online
4303,135,6,2023-06-15,Completed,In-Store
4304,569,2,2025-05-11,Completed,Online
4305,513,5,2025-12-01,Pending,In-Store
4306,554,3,2025-02-03,Completed,Online
4307,212,1,2025-08-29,Completed,Online
4308,265,9,2025-10-15,Completed,Online
4309,335,2,2024-10-25,Completed,In-Store
4310,526,6,2025-10-27,Completed,Online
4311,179,9,2025-03-10,Pending,In-Store
4312,179,6,2024-10-31,Pending,In-Store
4313,13,4,2024-09-02,Completed,Online
4314,451,3,2025-08-01,Completed,In-Store
4315,5,7,2025-03-30,Completed,Online
4316,410,2,2025-07-02,Completed,Online
4317,627,6,2025-04-29,Completed,In-Store
4318,731,7,2025-11-28,Completed,In-Store
4319,500,13,2025-06-23,Cancelled,Online
4320,402,1,2025-02-22,Completed,In-Store
4321,384,10,2025-08-30,Completed,Online
4322,432,6,2025-11-19,Completed,In-Store
4323,489,9,2023-10-08,Pending,Online
4324,769,15,2025-01-28,Completed,In-Store
4325,489,15,2024-09-02,Completed,Online
4326,238,15,2025-09-13,Completed,Online
4327,373,3,2025-02-24,Completed,Online
4328,553,1,2024-04-01,Completed,Phone
4329,737,13,2024-06-02,Cancelled,Phone
4330,206,14,2025-09-17,Completed,Online
4331,367,14,2025-07-02,Completed,Online
4332,404,7,2025-03-23,Completed,Online
4333,1,1,2025-12-06,Pending,In-Store
4334,263,5,2024-08-21,Pending,Online
4335,797,7,2025-05-24,Completed,In-Store
4336,208,8,2025-06-05,Completed,In-Store
4337,46,2,2025-03-21,Completed,Phone
4338,120,8,2024-07-02,Completed,Online
4339,74,11,2025-11-30,Completed,In-Store
4340,394,9,2024-08-29,Completed,Phone
4341,664,3,2025-03-16,Completed,Online
4342,18,2,2025-09-28,Completed,In-Store
4343,196,15,2023-12-08,Completed,Online
4344,748,8,2025-11-15,Pending,In-Store
4345,582,2,2025-07-19,Completed,Phone
4346,559,11,2025-02-21,Completed,Online
4347,35,5,2025-04-12,Completed,Online
4348,565,7,2025-06-14,Completed,In-Store
4349,765,11,2025-06-09,Completed,In-Store
4350,635,4,2024-08-17,Pending,Online
4351,505,3,2024-07-31,Completed,Online
4352,143,1,2025-06-20,Completed,Online
4353,352,4,2024-12-29,Completed,In-Store
4354,781,13,2025-09-16,Completed,Online
4355,263,7,2025-02-16,Pending,Phone
4356,758,5,2023-12-10,Completed,Online
4357,45,14,2023-12-06,Completed,Online
4358,261,1,2024-09-19,Pending,In-Store
4359,414,9,2025-06-28,Completed,Online
4360,361,8,2025-05-31,Completed,In-Store
4361,625,5,2025-09-30,Completed,In-Store
4362,364,3,2025-08-30,Pending,Phone
4363,228,11,2025-06-11,Pending,Online
4364,252,9,2025-04-29,Cancelled,Online
4365,480,11,2025-03-26,Completed,In-Store
4366,693,11,2024-01-10,Completed,Online
4367,329,9,2023-10-12,Pending,In-Store
4368,22,8,2025-06-14,Completed,Online
4369,107,2,2025-05-06,Completed,Online
4370,747,3,2024-01-07,Completed,In-Store
4371,655,15,2023-06-13,Completed,Online
4372,129,12,2023-09-27,Completed,In-Store
4373,710,3,2024-09-16,Completed,In-Store
4374,463,6,2024-10-25,Completed,Phone
4375,307,9,2024-11-03,Completed,In-Store
4376,81,12,2025-11-15,Completed,In-Store
4377,668,2,2024-12-13,Completed,Phone
4378,303,6,2024-10-29,Completed,Online
4379,461,15,2024-02-18,Completed,In-Store
4380,134,11,2024-11-25,Completed,Online
4381,240,13,2024-11-01,Completed,Online
4382,356,11,2023-04-08,Completed,Online
4383,388,11,2025-12-18,Completed,Phone
4384,748,14,2025-07-03,Pending,Online
4385,742,5,2025-06-26,Pending,Online
4386,745,6,2023-02-24,Completed,Online
4387,341,14,2024-02-27,Pending,Online
4388,667,7,2024-10-11,Completed,Online
4389,10,6,2025-01-13,Completed,In-Store
4390,684,3,2023-06-07,Pending,Online
4391,49,4,2025-08-09,Pending,Online
4392,216,6,2024-03-14,Pending,Online
4393,774,4,2025-04-12,Completed,Online
4394,711,2,2024-03-09,Completed,In-Store
4395,166,10,2025-04-24,Completed,Online
4396,404,2,2025-04-19,Completed,Online
4397,476,8,2025-12-18,Completed,Phone
4398,98,3,2023-10-18,Completed,In-Store
4399,424,3,2024-04-02,Completed,Online
4400,219,14,2025-11-18,Pending,Online
4401,782,7,2025-10-31,Completed,Phone
4402,210,9,2024-11-25,Completed,Online
4403,668,11,2025-09-18,Completed,Phone
4404,528,7,2025-03-14,Completed,In-Store
4405,100,7,2024-10-31,Completed,Online
4406,733,13,2025-02-28,Completed,Online
4407,22,6,2024-06-23,Completed,Online
4408,400,2,2025-06-16,Completed,Online
4409,171,9,2024-09-04,Pending,In-Store
4410,700,5,2025-08-10,Completed,Online
4411,184,5,2025-04-16,Pending,Online
4412,103,11,2025-05-31,Completed,Online
4413,704,8,2024-11-16,Cancelled,Online
4414,546,9,2023-11-20,Completed,In-Store
4415,531,12,2023-10-10,Completed,Online
4416,617,15,2024-10-08,Completed,Online
4417,215,7,2025-10-28,Completed,Phone
4418,166,14,2024-10-28,Completed,In-Store
4419,646,6,2025-04-14,Completed,Online
4420,618,6,2025-08-06,Completed,In-Store
4421,750,1,2025-07-26,Completed,Phone
4422,758,4,2024-02-02,Completed,Online
4423,558,1,2025-03-08,Cancelled,In-Store
4424,215,7,2025-08-27,Completed,In-Store
4425,144,15,2025-09-08,Pending,Phone
4426,741,1,2023-11-12,Completed,Online
4427,726,12,2025-05-23,Completed,Online
4428,25,2,2025-08-03,Completed,In-Store
4429,742,15,2025-02-24,Completed,In-Store
4430,444,9,2025-08-10,Completed,Online
4431,241,15,2025-03-24,Completed,In-Store
4432,661,2,2025-12-12,Completed,In-Store
4433,593,3,2025-09-15,Completed,In-Store
4434,595,4,2024-10-07,Completed,Online
4435,689,15,2024-04-07,Completed,In-Store
4436,549,4,2025-06-18,Cancelled,Online
4437,514,6,2024-12-27,Completed,Online
4438,195,2,2025-11-16,Completed,Online
4439,757,10,2025-03-16,Completed,In-Store
4440,58,15,2025-05-03,Completed,In-Store
4441,480,13,2025-03-25,Completed,Online
4442,129,12,2024-01-28,Completed,In-Store
4443,65,1,2024-07-23,Completed,Phone
4444,424,9,2025-09-17,Pending,In-Store
4445,26,14,2025-05-11,Completed,Online
4446,51,13,2025-07-04,Completed,Online
4447,165,3,2024-01-23,Completed,Online
4448,668,1,2024-02-07,Completed,Online
4449,220,6,2025-01-01,Completed,In-Store
4450,544,4,2025-09-13,Cancelled,In-Store
4451,287,4,2024-04-18,Completed,Phone
4452,303,12,2025-08-04,Cancelled,Online
4453,4,14,2024-01-21,Completed,Online
4454,210,12,2025-01-11,Completed,In-Store
4455,654,9,2025-12-07,Completed,In-Store
4456,78,9,2025-08-31,Completed,Phone
4457,118,12,2025-07-15,Completed,Online
4458,704,11,2025-04-02,Completed,In-Store
4459,744,10,2025-03-27,Completed,Online
4460,329,4,2025-10-21,Cancelled,Online
4461,546,4,2025-05-25,Completed,Online
4462,500,12,2025-01-21,Completed,Online
4463,39,12,2024-03-16,Pending,Online
4464,727,9,2025-06-25,Completed,Online
4465,688,14,2024-04-04,Completed,Online
4466,258,14,2025-05-18,Completed,In-Store
4467,569,2,2025-05-13,Completed,Phone
4468,646,15,2025-12-12,Completed,Online
4469,8,4,2024-11-08,Completed,In-Store
4470,551,13,2025-03-22,Completed,Online
4471,295,4,2023-09-25,Completed,Online
4472,364,1,2024-05-07,Completed,Online
4473,404,2,2025-08-04,Completed,Online
4474,313,7,2024-04-10,Pending,Online
4475,245,15,2024-01-08,Completed,In-Store
4476,632,3,2025-07-17,Completed,Online
4477,517,6,2024-10-03,Completed,In-Store
4478,593,1,2024-11-26,Completed,Online
4479,484,1,2025-09-12,Completed,Online
4480,466,11,2025-10-16,Completed,In-Store
4481,525,13,2024-03-03,Completed,Phone
4482,596,11,2024-06-21,Completed,Online
4483,793,4,2025-05-05,Cancelled,Online
4484,62,11,2024-02-04,Completed,Online
4485,553,15,2023-12-27,Completed,Online
4486,510,5,2025-02-20,Completed,In-Store
4487,306,1,2025-09-13,Pending,Online
4488,401,5,2025-02-22,Pending,Phone
4489,154,12,2024-04-25,Completed,Online
4490,67,10,2025-10-26,Completed,Online
4491,25,13,2025-07-06,Completed,Online
4492,477,10,2025-01-10,Cancelled,Online
4493,513,8,2024-06-19,Completed,Online
4494,106,12,2025-04-28,Completed,Phone
4495,703,13,2024-04-13,Completed,Online
4496,632,11,2025-07-18,Completed,In-Store
4497,102,7,2024-02-17,Pending,Phone
4498,663,13,2024-01-07,Completed,Online
4499,464,6,2025-05-09,Completed,In-Store
4500,513,10,2025-11-19,Completed,Online
4501,658,8,2024-11-17,Cancelled,Online
4502,179,6,2025-04-07,Completed,Online
4503,575,1,2025-09-26,Pending,Online
4504,369,9,2025-03-25,Completed,Online
4505,773,10,2025-09-08,Cancelled,In-Store
4506,80,8,2025-04-13,Completed,Online
4507,57,11,2024-09-01,Pending,Online
4508,146,10,2023-08-30,Completed,Online
4509,80,12,2025-03-27,Completed,Online
4510,256,12,2024-08-15,Completed,Online
4511,170,5,2023-07-02,Completed,Online
4512,663,14,2025-12-02,Completed,Online
4513,338,12,2025-06-14,Completed,Online
4514,614,11,2024-01-18,Completed,Online
4515,744,4,2024-08-03,Completed,In-Store
4516,22,7,2024-11-16,Completed,Online
4517,61,8,2025-10-24,Completed,In-Store
4518,395,12,2025-01-09,Completed,Online
4519,496,10,2024-05-13,Completed,Phone
4520,218,12,2024-06-13,Cancelled,Phone
4521,208,4,2023-09-16,Completed,Online
4522,211,14,2025-09-28,Completed,In-Store
4523,537,2,2024-11-01,Completed,Online
4524,480,6,2024-02-12,Completed,Online
4525,89,3,2025-07-06,Completed,In-Store
4526,474,5,2025-11-20,Completed,In-Store
4527,579,14,2023-11-30,Pending,Online
4528,6,15,2024-02-18,Completed,Online
4529,149,2,2024-06-08,Completed,Online
4530,664,9,2025-04-10,Completed,Online
4531,193,13,2025-07-09,Completed,Online
4532,41,11,2023-09-13,Completed,Online
4533,793,3,2024-01-06,Completed,In-Store
4534,484,12,2024-12-23,Completed,Online
4535,134,10,2025-09-25,Completed,In-Store
4536,645,11,2025-06-07,Completed,Online
4537,554,9,2024-01-02,Completed,In-Store
4538,312,13,2025-07-06,Completed,Online
4539,540,10,2024-10-30,Completed,Online
4540,594,4,2025-08-20,Cancelled,In-Store
4541,315,2,2024-08-10,Completed,In-Store
4542,720,6,2025-01-19,Completed,In-Store
4543,763,14,2024-06-10,Pending,Online
4544,694,5,2024-06-17,Completed,Online
4545,502,4,2025-12-09,Completed,In-Store
4546,291,5,2023-10-26,Completed,Online
4547,410,2,2025-07-10,Completed,Online
4548,164,9,2023-06-15,Completed,Online
4549,791,11,2025-08-24,Completed,In-Store
4550,417,9,2024-03-10,Completed,In-Store
4551,644,12,2025-09-15,Completed,Online
4552,398,5,2025-09-19,Completed,Online
4553,585,7,2024-02-22,Completed,Phone
4554,665,2,2025-07-27,Completed,Phone
4555,376,12,2024-08-13,Completed,In-Store
4556,755,10,2025-10-25,Completed,Online
4557,487,7,2025-11-20,Completed,Online
4558,427,6,2025-05-04,Completed,In-Store
4559,737,1,2025-03-21,Completed,In-Store
4560,230,8,2025-02-24,Completed,In-Store
4561,552,11,2025-02-10,Completed,Phone
4562,473,8,2024-11-07,Completed,Online
4563,193,3,2025-06-08,Completed,Online
4564,325,2,2023-10-14,Completed,Online
4565,476,13,2025-02-16,Completed,Phone
4566,504,1,2025-04-17,Completed,In-Store
4567,397,12,2025-09-30,Completed,Online
4568,319,6,2024-12-30,Completed,Online
4569,90,12,2024-05-05,Completed,Online
4570,657,5,2025-08-18,Completed,In-Store
4571,159,6,2024-03-26,Completed,Online
4572,684,12,2025-09-04,Pending,Online
4573,97,14,2024-08-01,Completed,Phone
4574,655,14,2024-05-30,Completed,Online
4575,477,9,2024-06-27,Completed,Online
4576,419,15,2025-12-21,Cancelled,Online
4577,428,1,2024-06-11,Completed,Online
4578,613,8,2024-07-15,Completed,Phone
4579,487,5,2024-01-19,Completed,Online
4580,232,12,2024-12-20,Completed,In-Store
4581,363,6,2023-09-06,Pending,In-Store
4582,543,2,2025-05-25,Completed,Online
4583,493,14,2023-07-25,Completed,In-Store
4584,592,8,2025-04-22,Completed,In-Store
4585,691,15,2025-02-16,Cancelled,Online
4586,353,2,2025-10-29,Completed,Online
4587,52,3,2025-10-12,Completed,In-Store
4588,517,12,2024-03-16,Cancelled,Online
4589,596,9,2023-09-10,Completed,In-Store
4590,162,7,2025-03-06,Cancelled,Phone
4591,634,14,2023-09-07,Completed,In-Store
4592,500,11,2025-10-18,Completed,Online
4593,522,15,2025-04-17,Pending,Online
4594,54,1,2024-06-03,Pending,Online
4595,216,15,2025-07-02,Completed,In-Store
4596,501,10,2025-04-25,Completed,Phone
4597,407,13,2025-05-11,Completed,Online
4598,720,3,2025-09-13,Cancelled,Phone
4599,242,10,2024-12-07,Completed,Online
4600,7,13,2024-09-11,Completed,Online
4601,479,14,2025-05-08,Completed,Online
4602,118,15,2024-09-07,Pending,Online
4603,724,1,2023-06-26,Completed,Online
4604,549,4,2023-10-14,Completed,Online
4605,85,10,2023-09-19,Completed,Online
4606,111,3,2025-01-26,Pending,In-Store
4607,729,3,2025-09-17,Completed,Online
4608,395,12,2024-09-08,Pending,Online
4609,225,3,2024-04-22,Pending,In-Store
4610,353,2,2025-01-25,Completed,In-Store
4611,349,4,2023-08-02,Completed,Online
4612,708,6,2025-03-02,Completed,Online
4613,491,14,2024-09-28,Completed,In-Store
4614,449,3,2023-11-14,Completed,Online
4615,95,7,2023-11-19,Completed,In-Store
4616,170,7,2025-09-16,Completed,Online
4617,232,11,2025-10-09,Completed,Online
4618,236,1,2025-02-17,Completed,Online
4619,75,4,2023-11-13,Cancelled,Online
4620,517,15,2025-12-04,Completed,Online
4621,787,10,2024-10-30,Completed,Phone
4622,257,9,2024-09-10,Completed,In-Store
4623,669,9,2023-08-21,Pending,Phone
4624,106,8,2025-10-24,Completed,Online
4625,767,10,2025-03-24,Completed,Online
4626,347,5,2025-02-04,Completed,Online
4627,763,8,2024-05-06,Completed,Online
4628,734,2,2025-12-12,Pending,Phone
4629,207,2,2025-04-04,Completed,In-Store
4630,296,14,2024-12-05,Completed,In-Store
4631,279,13,2025-01-21,Cancelled,Phone
4632,476,2,2024-11-15,Completed,In-Store
4633,741,14,2023-01-24,Pending,Phone
4634,419,12,2024-11-17,Pending,Online
4635,365,2,2025-04-04,Completed,Online
4636,162,13,2025-11-17,Completed,Online
4637,756,7,2024-07-21,Completed,Online
4638,273,15,2024-03-04,Completed,Online
4639,117,11,2025-08-31,Completed,Online
4640,363,7,2024-10-22,Completed,In-Store
4641,418,12,2025-11-20,Completed,Online
4642,554,1,2024-05-20,Completed,Phone
4643,242,13,2025-10-10,Pending,Online
4644,417,14,2023-10-28,Completed,Phone
4645,510,11,2024-12-07,Completed,In-Store
4646,72,4,2025-12-02,Completed,Online
4647,657,9,2025-10-29,Completed,In-Store
4648,262,8,2024-12-04,Pending,Phone
4649,281,6,2025-01-30,Completed,Online
4650,415,13,2024-01-08,Completed,Phone
4651,124,15,2025-10-07,Completed,In-Store
4652,92,3,2024-11-25,Completed,Online
4653,462,1,2025-02-08,Completed,In-Store
4654,721,6,2025-11-02,Completed,Phone
4655,315,13,2023-11-27,Completed,Online
4656,305,1,2025-11-15,Cancelled,Phone
4657,387,12,2024-08-14,Completed,Online
4658,47,2,2024-06-19,Completed,Online
4659,27,8,2025-03-26,Completed,In-Store
4660,140,13,2025-09-02,Completed,Online
4661,87,11,2024-11-15,Completed,Online
4662,232,6,2025-02-08,Completed,Online
4663,527,15,2024-02-29,Completed,In-Store
4664,299,4,2025-04-02,Completed,Online
4665,749,1,2025-03-30,Completed,Online
4666,335,6,2023-08-13,Completed,Online
4667,724,11,2024-10-06,Cancelled,In-Store
4668,64,10,2024-12-24,Cancelled,Online
4669,539,4,2025-07-08,Cancelled,Online
4670,604,6,2025-12-06,Completed,Online
4671,106,2,2025-12-01,Completed,In-Store
4672,594,4,2025-12-05,Completed,In-Store
4673,368,6,2024-10-13,Completed,Phone
4674,569,2,2025-10-12,Cancelled,Online
4675,35,8,2024-07-04,Pending,Online
4676,395,7,2025-01-27,Completed,Phone
4677,301,10,2024-06-29,Completed,Phone
4678,287,7,2023-07-28,Completed,Online
4679,499,3,2023-06-05,Completed,Online
4680,37,3,2025-12-13,Pending,In-Store
4681,707,6,2025-05-12,Completed,Online
4682,142,5,2025-06-19,Completed,Online
4683,283,10,2025-10-20,Pending,In-Store
4684,347,12,2025-08-15,Completed,In-Store
4685,560,9,2024-11-08,Completed,Online
4686,399,7,2023-04-16,Completed,In-Store
4687,319,9,2025-07-01,Completed,Phone
4688,647,3,2025-11-04,Completed,Online
4689,646,7,2025-01-15,Completed,Online
4690,463,15,2024-11-19,Completed,Online
4691,166,12,2025-07-10,Completed,Online
4692,314,15,2025-06-19,Pending,In-Store
4693,73,13,2025-05-06,Pending,In-Store
4694,178,4,2025-09-24,Cancelled,Online
4695,331,12,2025-07-16,Completed,Online
4696,89,13,2024-09-28,Pending,Online
4697,300,2,2025-07-07,Cancelled,Online
4698,126,8,2024-06-14,Completed,In-Store
4699,520,8,2025-04-22,Completed,Online
4700,450,3,2024-05-18,Completed,Online
4701,692,3,2024-11-08,Cancelled,In-Store
4702,724,13,2025-06-12,Completed,In-Store
4703,280,13,2025-09-18,Pending,In-Store
4704,757,10,2024-08-19,Completed,Online
4705,444,8,2025-11-20,Completed,In-Store
4706,571,15,2024-03-22,Completed,Online
4707,717,2,2024-09-16,Cancelled,Online
4708,548,8,2025-08-25,Completed,Online
4709,586,6,2025-06-29,Completed,Online
4710,473,2,2023-07-21,Pending,In-Store
4711,68,11,2025-09-26,Completed,In-Store
4712,53,5,2025-12-22,Completed,In-Store
4713,165,3,2025-05-21,Cancelled,In-Store
4714,456,3,2025-03-20,Completed,Phone
4715,592,8,2025-08-16,Completed,Online
4716,5,12,2025-04-17,Pending,Online
4717,306,3,2025-03-15,Completed,Online
4718,536,13,2023-09-24,Completed,In-Store
4719,219,10,2025-03-18,Pending,In-Store
4720,40,14,2025-11-08,Completed,In-Store
4721,588,4,2024-04-15,Completed,In-Store
4722,125,9,2025-11-13,Completed,Online
4723,506,11,2025-05-16,Pending,Online
4724,672,8,2025-07-20,Pending,Online
4725,170,14,2025-05-31,Completed,Online
4726,306,15,2025-11-17,Cancelled,Online
4727,72,7,2024-09-14,Pending,Online
4728,758,2,2025-12-04,Cancelled,Online
4729,749,1,2025-09-19,Completed,Online
4730,305,1,2024-09-18,Pending,In-Store
4731,778,8,2023-11-26,Completed,Online
4732,38,7,2023-11-13,Completed,Online
4733,363,8,2025-11-06,Completed,In-Store
4734,572,13,2025-11-04,Completed,Online
4735,228,14,2024-12-15,Completed,Online
4736,131,6,2024-08-20,Pending,In-Store
4737,586,6,2024-04-01,Completed,Online
4738,513,1,2024-03-08,Completed,Phone
4739,489,10,2025-07-10,Completed,In-Store
4740,262,10,2024-08-01,Completed,In-Store
4741,286,15,2025-12-12,Completed,In-Store
4742,362,4,2024-08-13,Pending,Online
4743,575,4,2025-04-01,Completed,Online
4744,210,10,2025-03-07,Completed,Online
4745,37,15,2024-11-23,Completed,Phone
4746,115,4,2023-11-20,Cancelled,Online
4747,3,4,2023-04-16,Completed,In-Store
4748,275,2,2024-11-08,Completed,Online
4749,786,1,2025-08-22,Completed,In-Store
4750,73,15,2025-07-01,Cancelled,In-Store
4751,559,2,2024-01-19,Completed,Phone
4752,389,2,2025-10-12,Completed,Online
4753,264,6,2025-11-24,Completed,Online
4754,798,2,2023-07-07,Pending,Online
4755,620,2,2023-08-05,Pending,In-Store
4756,567,5,2024-11-18,Completed,Phone
4757,207,14,2024-08-29,Completed,Online
4758,396,6,2025-01-07,Completed,Online
4759,385,2,2025-09-28,Pending,In-Store
4760,131,10,2025-07-25,Completed,Online
4761,775,10,2024-07-05,Completed,In-Store
4762,82,3,2025-10-31,Completed,In-Store
4763,525,14,2024-06-29,Completed,In-Store
4764,20,7,2025-07-05,Completed,Online
4765,134,4,2023-12-25,Completed,Online
4766,637,7,2025-12-02,Completed,In-Store
4767,141,10,2025-06-26,Pending,In-Store
4768,680,2,2024-10-02,Pending,Online
4769,529,2,2024-04-04,Completed,In-Store
4770,134,8,2025-02-07,Completed,In-Store
4771,409,5,2025-06-16,Completed,Online
4772,318,1,2024-07-12,Completed,Online
4773,525,14,2024-12-29,Completed,Online
4774,180,15,2025-01-01,Pending,Online
4775,489,15,2025-06-19,Pending,Phone
4776,44,12,2025-09-15,Pending,In-Store
4777,377,9,2025-10-11,Completed,In-Store
4778,699,7,2024-10-16,Completed,Online
4779,178,4,2024-04-03,Completed,Online
4780,600,13,2024-12-25,Completed,In-Store
4781,191,10,2025-01-31,Completed,In-Store
4782,439,12,2025-08-15,Completed,Online
4783,363,6,2024-01-18,Completed,Online
4784,424,3,2025-11-08,Completed,Online
4785,424,7,2025-07-29,Pending,Online
4786,21,6,2025-08-08,Completed,Online
4787,752,2,2025-03-15,Completed,In-Store
4788,781,6,2024-02-01,Cancelled,Online
4789,265,6,2025-12-09,Cancelled,Online
4790,485,11,2023-03-22,Completed,In-Store
4791,333,14,2024-02-29,Completed,Online
4792,668,15,2025-08-07,Completed,Online
4793,211,5,2025-06-05,Completed,In-Store
4794,223,8,2024-02-13,Completed,Online
4795,62,12,2025-04-03,Completed,Online
4796,301,12,2025-07-06,Completed,Online
4797,197,6,2025-08-09,Completed,In-Store
4798,142,7,2024-07-14,Completed,In-Store
4799,744,11,2023-08-30,Completed,Online
4800,523,11,2024-02-27,Completed,Phone
4801,664,13,2023-06-16,Completed,Online
4802,667,12,2025-11-12,Pending,In-Store
4803,318,11,2025-04-27,Completed,In-Store
4804,69,1,2025-01-26,Pending,In-Store
4805,275,5,2024-08-17,Completed,Online
4806,582,5,2025-05-13,Completed,In-Store
4807,445,3,2024-09-03,Pending,In-Store
4808,483,11,2025-04-02,Completed,Online
4809,378,6,2023-09-18,Completed,Online
4810,206,3,2025-03-03,Pending,Phone
4811,466,11,2025-06-11,Pending,Online
4812,589,5,2025-11-25,Completed,Online
4813,107,9,2023-07-12,Completed,In-Store
4814,326,9,2024-09-24,Completed,Online
4815,256,3,2024-03-08,Pending,Online
4816,508,14,2025-10-06,Completed,Online
4817,758,14,2023-12-09,Completed,In-Store
4818,272,3,2025-04-19,Completed,In-Store
4819,677,7,2023-02-26,Completed,Online
4820,759,4,2025-08-31,Completed,Online
4821,307,12,2025-01-09,Completed,Online
4822,702,13,2024-06-16,Completed,Phone
4823,734,12,2024-06-23,Completed,Online
4824,452,10,2025-12-09,Cancelled,In-Store
4825,41,7,2024-04-24,Completed,Online
4826,520,9,2025-12-12,Pending,Online
4827,323,15,2024-02-08,Completed,In-Store
4828,114,3,2025-03-19,Completed,Phone
4829,441,9,2025-07-31,Completed,In-Store
4830,266,8,2025-11-03,Completed,In-Store
4831,37,5,2024-09-03,Cancelled,In-Store
4832,83,15,2025-01-04,Completed,Online
4833,29,14,2025-11-12,Completed,In-Store
4834,439,7,2024-05-29,Completed,Online
4835,59,4,2024-04-11,Completed,In-Store
4836,734,7,2024-01-18,Cancelled,Phone
4837,700,7,2025-11-25,Completed,Online
4838,707,15,2024-10-19,Completed,Online
4839,280,12,2025-12-17,Completed,Online
4840,24,15,2024-11-20,Pending,Phone
4841,522,6,2023-02-18,Pending,Online
4842,438,2,2024-04-20,Completed,Online
4843,714,14,2024-03-21,Completed,In-Store
4844,217,12,2024-01-28,Completed,Online
4845,212,1,2024-11-14,Pending,Online
4846,777,14,2023-12-03,Completed,Online
4847,532,7,2025-09-06,Completed,In-Store
4848,675,14,2024-11-20,Completed,Online
4849,205,11,2025-05-25,Completed,In-Store
4850,191,11,2024-05-31,Completed,Online
4851,149,13,2024-03-24,Completed,In-Store
4852,475,7,2025-01-02,Completed,In-Store
4853,773,2,2025-05-31,Completed,Online
4854,278,9,2024-02-23,Pending,Phone
4855,427,4,2025-08-14,Completed,Online
4856,89,12,2025-06-29,Completed,Online
4857,482,2,2025-11-20,Completed,Online
4858,220,14,2024-10-10,Pending,Phone
4859,602,13,2024-04-25,Completed,Online
4860,295,9,2024-09-24,Completed,Online
4861,219,13,2025-03-24,Completed,Online
4862,240,11,2024-05-15,Completed,Online
4863,200,5,2023-10-08,Completed,In-Store
4864,712,11,2024-04-01,Completed,In-Store
4865,365,4,2024-06-30,Completed,Online
4866,533,14,2024-08-09,Pending,Online
4867,19,12,2024-08-18,Completed,Online
4868,263,2,2024-12-26,Completed,Online
4869,225,5,2025-08-18,Completed,Online
4870,202,6,2023-04-15,Completed,Online
4871,460,5,2023-09-23,Completed,Online
4872,132,4,2025-08-30,Completed,Online
4873,782,3,2024-03-21,Completed,Online
4874,554,9,2023-12-03,Completed,Online
4875,34,7,2025-07-29,Pending,Online
4876,154,2,2024-04-22,Cancelled,In-Store
4877,71,11,2024-12-09,Completed,Phone
4878,732,14,2024-12-12,Completed,Phone
4879,776,4,2025-04-14,Completed,Online
4880,259,15,2025-06-09,Completed,Online
4881,295,9,2024-01-22,Pending,In-Store
4882,230,5,2024-05-01,Completed,Online
4883,756,13,2024-12-08,Completed,Online
4884,155,1,2025-02-15,Completed,In-Store
4885,173,11,2023-10-31,Completed,Online
4886,152,10,2024-04-02,Completed,In-Store
4887,8,1,2024-08-26,Completed,Online
4888,607,2,2025-08-12,Completed,In-Store
4889,57,5,2025-10-10,Completed,Online
4890,230,11,2024-08-03,Completed,In-Store
4891,772,13,2025-10-10,Completed,In-Store
4892,520,15,2025-10-10,Cancelled,Online
4893,402,14,2025-10-26,Completed,Online
4894,679,13,2025-09-06,Pending,Phone
4895,312,12,2024-08-09,Completed,Online
4896,215,12,2025-10-14,Completed,Online
4897,309,11,2023-06-10,Pending,Online
4898,181,12,2025-02-07,Completed,Online
4899,130,1,2024-07-02,Completed,Online
4900,74,15,2023-06-02,Completed,In-Store
4901,646,10,2025-03-09,Completed,In-Store
4902,484,9,2024-03-09,Pending,Online
4903,673,5,2025-06-10,Completed,Online
4904,19,7,2025-12-11,Completed,In-Store
4905,680,12,2025-03-24,Completed,Online
4906,410,10,2025-01-24,Completed,Online
4907,214,1,2024-11-05,Completed,In-Store
4908,52,9,2025-05-27,Completed,In-Store
4909,551,13,2025-05-16,Completed,In-Store
4910,36,5,2023-04-28,Completed,In-Store
4911,187,13,2025-01-14,Completed,Online
4912,189,14,2025-01-24,Completed,In-Store
4913,615,14,2023-11-15,Completed,Online
4914,582,13,2024-01-26,Cancelled,Online
4915,345,12,2024-03-13,Completed,Online
4916,746,15,2025-07-04,Completed,Phone
4917,406,14,2025-06-26,Completed,In-Store
4918,746,15,2025-03-17,Completed,In-Store
4919,403,13,2025-06-13,Completed,Online
4920,58,7,2024-12-09,Completed,Online
4921,319,5,2025-08-24,Completed,Online
4922,229,12,2025-07-26,Completed,Online
4923,490,7,2024-05-31,Completed,Online
4924,680,11,2025-05-13,Completed,In-Store
4925,309,9,2024-05-12,Completed,Online
4926,385,15,2024-01-12,Completed,In-Store
4927,101,15,2024-10-27,Completed,Online
4928,446,7,2025-03-07,Cancelled,Online
4929,481,11,2025-10-12,Completed,In-Store
4930,131,14,2025-08-27,Pending,Online
4931,706,5,2024-11-19,Completed,Online
4932,610,15,2023-11-02,Pending,Online
4933,360,7,2024-06-09,Cancelled,Online
4934,42,9,2024-05-21,Completed,Online
4935,561,10,2025-05-12,Completed,Online
4936,603,8,2024-01-19,Completed,Online
4937,692,2,2025-08-24,Completed,Online
4938,91,11,2024-04-18,Pending,Phone
4939,7,6,2024-03-02,Completed,Online
4940,221,9,2024-11-15,Completed,Online
4941,351,14,2024-07-11,Pending,Online
4942,136,7,2025-11-05,Completed,Online
4943,114,3,2025-01-21,Completed,Online
4944,204,14,2024-12-18,Completed,Online
4945,41,12,2024-07-17,Pending,In-Store
4946,182,4,2024-07-19,Completed,Online
4947,91,13,2024-05-03,Completed,Phone
4948,517,3,2025-01-10,Completed,Online
4949,123,11,2024-03-05,Completed,In-Store
4950,234,11,2023-11-21,Cancelled,Online
4951,73,7,2024-08-14,Completed,In-Store
4952,185,4,2025-12-05,Pending,Online
4953,44,4,2025-05-26,Completed,In-Store
4954,539,12,2024-12-19,Completed,Online
4955,271,7,2025-05-02,Pending,Online
4956,298,14,2025-03-25,Cancelled,Online
4957,260,3,2024-12-19,Completed,Online
4958,605,9,2025-08-05,Pending,Online
4959,721,12,2024-11-23,Pending,In-Store
4960,41,10,2025-01-23,Completed,Online
4961,455,13,2023-11-12,Completed,Phone
4962,682,13,2023-05-22,Completed,In-Store
4963,560,1,2024-12-19,Completed,Online
4964,730,1,2025-05-23,Pending,Online
4965,394,6,2024-07-12,Completed,Online
4966,31,6,2025-04-16,Completed,Online
4967,239,6,2025-02-18,Completed,Online
4968,626,10,2023-08-14,Pending,Online
4969,613,10,2025-04-09,Completed,Online
4970,12,3,2025-08-26,Completed,Online
4971,188,3,2025-07-10,Completed,In-Store
4972,122,5,2024-09-13,Cancelled,Online
4973,754,15,2025-03-02,Completed,In-Store
4974,169,9,2025-08-06,Completed,In-Store
4975,581,8,2025-07-04,Completed,Online
4976,626,13,2025-05-13,Completed,In-Store
4977,420,7,2024-12-17,Completed,Phone
4978,99,10,2024-10-14,Completed,Online
4979,722,5,2024-08-04,Pending,Online
4980,771,6,2025-09-22,Cancelled,In-Store
4981,741,15,2025-11-26,Completed,Online
4982,50,8,2025-11-21,Pending,Online
4983,470,2,2023-06-20,Completed,In-Store
4984,574,8,2024-04-26,Pending,Online
4985,646,15,2025-03-27,Completed,Online
4986,412,14,2024-01-14,Completed,Online
4987,72,13,2024-12-09,Completed,Online
4988,455,15,2025-12-20,Completed,Online
4989,457,11,2025-03-31,Pending,Online
4990,640,3,2025-04-15,Completed,In-Store
4991,733,9,2024-04-05,Completed,Online
4992,557,6,2025-08-29,Completed,Online
4993,458,9,2023-11-06,Pending,Online
4994,623,9,2025-02-04,Completed,Online
4995,231,10,2025-09-04,Completed,Online
4996,28,13,2023-10-21,Completed,Online
4997,42,13,2025-02-21,Pending,Online
4998,101,8,2024-04-06,Completed,Online
4999,321,13,2023-05-03,Completed,In-Store
5000,213,3,2023-12-04,Pending,In-Store
