item_id,order_id,product_id,quantity,unit_price,discount
1,1,33,2,249.99,0.00
2,1,19,1,159.99,0.00
3,2,29,3,59.99,0.15
4,3,13,2,69.99,0.20
5,3,19,1,159.99,0.20
6,4,11,2,29.99,0.00
7,5,4,2,1299.99,0.05
8,5,41,2,199.99,0.05
9,6,5,3,999.99,0.00
10,7,22,1,9.99,0.10
11,7,24,2,79.99,0.20
12,7,19,3,159.99,0.20
13,8,40,10,549.99,0.05
14,8,16,1,599.99,0.15
15,9,24,3,79.99,0.00
16,9,33,1,249.99,0.15
17,10,35,2,89.99,0.10
18,10,1,5,899.99,0.00
19,10,41,1,199.99,0.05
20,10,5,3,999.99,0.20
21,10,14,3,39.99,0.05
22,11,5,1,999.99,0.10
23,12,41,2,199.99,0.00
24,12,26,2,199.99,0.05
25,13,5,1,999.99,0.10
26,13,23,1,19.99,0.00
27,13,33,3,249.99,0.00
28,14,26,3,199.99,0.10
29,15,24,5,79.99,0.00
30,15,1,1,899.99,0.05
31,15,36,1,109.99,0.05
32,16,33,1,249.99,0.00
33,17,4,2,1299.99,0.05
34,17,36,1,109.99,0.00
35,18,16,1,599.99,0.05
36,19,10,3,49.99,0.20
37,19,37,1,299.99,0.00
38,19,24,3,79.99,0.10
39,20,31,2,599.99,0.10
40,20,30,2,99.99,0.00
41,21,13,3,69.99,0.15
42,21,17,3,449.99,0.05
43,21,41,3,199.99,0.05
44,21,5,3,999.99,0.00
45,22,10,1,49.99,0.10
46,22,24,3,79.99,0.00
47,22,26,2,199.99,0.05
48,23,40,1,549.99,0.00
49,23,11,2,29.99,0.05
50,23,33,5,249.99,0.00
51,24,17,1,449.99,0.00
52,25,3,1,1199.00,0.20
53,25,21,2,12.99,0.00
54,26,38,2,14.99,0.00
55,26,5,5,999.99,0.05
56,27,33,2,249.99,0.00
57,27,9,2,799.99,0.00
58,28,27,2,129.99,0.00
59,28,22,1,9.99,0.00
60,28,8,3,699.00,0.00
61,29,37,1,299.99,0.00
62,30,19,5,159.99,0.00
63,31,38,2,14.99,0.05
64,31,12,1,89.99,0.05
65,32,13,2,69.99,0.15
66,33,39,3,399.99,0.00
67,33,3,2,1199.00,0.15
68,33,35,2,89.99,0.00
69,33,33,5,249.99,0.05
70,34,31,1,599.99,0.10
71,34,25,5,349.99,0.10
72,35,6,2,999.00,0.00
73,35,19,3,159.99,0.10
74,35,39,2,399.99,0.00
75,35,35,1,89.99,0.05
76,36,17,2,449.99,0.05
77,36,35,10,89.99,0.00
78,36,28,1,149.99,0.05
79,37,37,3,299.99,0.00
80,37,23,2,19.99,0.00
81,37,26,1,199.99,0.00
82,37,9,1,799.99,0.05
83,37,8,2,699.00,0.10
84,38,39,2,399.99,0.00
85,39,40,5,549.99,0.10
86,39,34,2,34.99,0.00
87,39,19,1,159.99,0.05
88,39,39,3,399.99,0.00
89,39,4,1,1299.99,0.05
90,40,1,10,899.99,0.00
91,41,1,3,899.99,0.00
92,42,18,2,189.99,0.00
93,42,15,5,129.99,0.05
94,43,8,3,699.00,0.20
95,44,31,3,599.99,0.20
96,44,16,2,599.99,0.00
97,45,15,2,129.99,0.00
98,45,21,2,12.99,0.10
99,46,36,2,109.99,0.00
100,46,12,5,89.99,0.00
101,47,16,5,599.99,0.00
102,48,6,2,999.00,0.05
103,49,40,2,549.99,0.20
104,49,21,5,12.99,0.15
105,50,37,1,299.99,0.05
106,51,12,2,89.99,0.05
107,51,30,1,99.99,0.00
108,51,8,2,699.00,0.00
109,51,34,2,34.99,0.00
110,52,32,1,179.99,0.10
111,52,28,1,149.99,0.15
112,53,7,3,849.99,0.10
113,54,31,2,599.99,0.00
114,54,1,5,899.99,0.05
115,54,12,2,89.99,0.00
116,55,11,1,29.99,0.10
117,56,36,1,109.99,0.00
118,56,17,1,449.99,0.05
119,57,19,3,159.99,0.00
120,57,23,1,19.99,0.05
121,57,21,2,12.99,0.20
122,57,33,5,249.99,0.05
123,57,32,5,179.99,0.00
124,58,21,3,12.99,0.05
125,58,19,1,159.99,0.15
126,59,11,5,29.99,0.00
127,59,12,1,89.99,0.00
128,60,31,2,599.99,0.00
129,61,25,1,349.99,0.00
130,62,23,5,19.99,0.00
131,63,35,2,89.99,0.00
132,63,12,3,89.99,0.15
133,64,15,2,129.99,0.00
134,64,6,1,999.00,0.00
135,65,1,5,899.99,0.00
136,65,32,1,179.99,0.00
137,66,36,1,109.99,0.00
138,66,28,3,149.99,0.00
139,67,40,2,549.99,0.05
140,67,18,1,189.99,0.00
141,67,19,1,159.99,0.00
142,68,21,1,12.99,0.20
143,68,2,1,1349.99,0.20
144,69,1,2,899.99,0.00
145,70,22,1,9.99,0.10
146,70,6,1,999.00,0.00
147,70,10,1,49.99,0.10
148,71,29,3,59.99,0.00
149,71,16,2,599.99,0.10
150,72,21,2,12.99,0.00
151,72,11,5,29.99,0.05
152,73,14,2,39.99,0.00
153,73,8,3,699.00,0.05
154,73,16,1,599.99,0.00
155,73,41,10,199.99,0.05
156,74,32,1,179.99,0.05
157,75,7,2,849.99,0.00
158,75,9,2,799.99,0.05
159,76,9,5,799.99,0.00
160,76,17,2,449.99,0.00
161,77,18,1,189.99,0.05
162,77,39,2,399.99,0.10
163,77,36,2,109.99,0.00
164,78,24,1,79.99,0.10
165,78,40,2,549.99,0.05
166,79,21,2,12.99,0.00
167,79,27,2,129.99,0.00
168,80,37,2,299.99,0.00
169,81,5,1,999.99,0.15
170,82,24,3,79.99,0.15
171,82,36,3,109.99,0.10
172,83,5,1,999.99,0.10
173,83,14,2,39.99,0.00
174,83,34,2,34.99,0.00
175,84,37,3,299.99,0.00
176,84,23,1,19.99,0.10
177,84,30,2,99.99,0.05
178,85,36,3,109.99,0.00
179,85,21,3,12.99,0.05
180,85,24,2,79.99,0.00
181,85,27,3,129.99,0.15
182,86,19,2,159.99,0.20
183,86,39,1,399.99,0.00
184,86,2,1,1349.99,0.15
185,87,36,5,109.99,0.00
186,87,37,1,299.99,0.00
187,88,6,2,999.00,0.00
188,88,37,1,299.99,0.00
189,88,26,2,199.99,0.00
190,89,37,1,299.99,0.00
191,89,25,3,349.99,0.00
192,90,39,3,399.99,0.00
193,90,1,1,899.99,0.00
194,90,41,2,199.99,0.00
195,91,29,2,59.99,0.00
196,91,39,2,399.99,0.10
197,92,17,1,449.99,0.00
198,92,6,2,999.00,0.10
199,93,34,1,34.99,0.00
200,93,16,2,599.99,0.05
201,94,23,2,19.99,0.00
202,95,10,1,49.99,0.10
203,95,29,1,59.99,0.00
204,96,10,2,49.99,0.00
205,96,19,2,159.99,0.00
206,96,1,1,899.99,0.05
207,96,22,1,9.99,0.05
208,97,2,5,1349.99,0.05
209,97,25,1,349.99,0.00
210,97,38,1,14.99,0.05
211,98,24,1,79.99,0.15
212,98,7,1,849.99,0.20
213,98,2,2,1349.99,0.10
214,99,30,5,99.99,0.00
215,99,36,1,109.99,0.05
216,100,41,1,199.99,0.20
217,100,20,2,49.99,0.10
218,101,36,5,109.99,0.00
219,102,40,2,549.99,0.00
220,102,41,2,199.99,0.00
221,103,38,5,14.99,0.00
222,103,35,3,89.99,0.05
223,103,13,1,69.99,0.20
224,104,35,5,89.99,0.00
225,105,27,5,129.99,0.00
226,105,20,3,49.99,0.00
227,105,29,1,59.99,0.10
228,105,41,2,199.99,0.00
229,106,31,2,599.99,0.05
230,106,9,3,799.99,0.00
231,107,1,10,899.99,0.00
232,107,18,2,189.99,0.00
233,108,21,5,12.99,0.00
234,108,30,3,99.99,0.05
235,109,34,2,34.99,0.00
236,109,3,3,1199.00,0.00
237,110,41,1,199.99,0.00
238,110,4,5,1299.99,0.10
239,111,10,1,49.99,0.05
240,111,30,1,99.99,0.05
241,111,29,5,59.99,0.05
242,112,13,1,69.99,0.05
243,112,30,3,99.99,0.00
244,112,6,3,999.00,0.00
245,112,17,3,449.99,0.05
246,113,11,2,29.99,0.00
247,113,25,1,349.99,0.00
248,114,27,1,129.99,0.00
249,114,20,5,49.99,0.20
250,114,29,1,59.99,0.10
251,115,32,1,179.99,0.05
252,115,16,2,599.99,0.00
253,116,14,1,39.99,0.00
254,116,4,1,1299.99,0.00
255,117,7,2,849.99,0.00
256,118,12,1,89.99,0.00
257,118,30,3,99.99,0.00
258,118,38,5,14.99,0.10
259,119,18,1,189.99,0.00
260,120,34,2,34.99,0.10
261,120,6,1,999.00,0.05
262,120,31,2,599.99,0.15
263,120,39,2,399.99,0.00
264,120,19,3,159.99,0.00
265,121,2,2,1349.99,0.10
266,122,23,2,19.99,0.05
267,123,33,1,249.99,0.00
268,123,36,2,109.99,0.00
269,124,22,5,9.99,0.10
270,124,31,2,599.99,0.00
271,125,27,1,129.99,0.10
272,125,4,1,1299.99,0.05
273,125,34,1,34.99,0.05
274,126,41,1,199.99,0.05
275,126,35,5,89.99,0.10
276,126,11,3,29.99,0.00
277,126,37,1,299.99,0.00
278,126,39,2,399.99,0.00
279,127,3,3,1199.00,0.15
280,128,31,3,599.99,0.05
281,129,9,1,799.99,0.15
282,129,14,1,39.99,0.00
283,129,3,1,1199.00,0.10
284,129,30,5,99.99,0.00
285,130,20,5,49.99,0.00
286,130,41,1,199.99,0.00
287,131,1,10,899.99,0.05
288,132,19,1,159.99,0.05
289,132,37,1,299.99,0.00
290,132,16,1,599.99,0.00
291,132,11,2,29.99,0.00
292,133,29,1,59.99,0.00
293,133,40,1,549.99,0.10
294,134,30,1,99.99,0.00
295,135,40,1,549.99,0.00
296,136,32,1,179.99,0.00
297,136,2,2,1349.99,0.10
298,137,7,2,849.99,0.00
299,137,21,1,12.99,0.00
300,138,5,1,999.99,0.05
301,138,22,2,9.99,0.20
302,139,37,2,299.99,0.00
303,139,32,2,179.99,0.10
304,139,8,1,699.00,0.20
305,140,32,1,179.99,0.10
306,140,4,5,1299.99,0.15
307,141,25,2,349.99,0.00
308,141,40,2,549.99,0.00
309,142,23,2,19.99,0.05
310,142,6,2,999.00,0.10
311,143,23,5,19.99,0.00
312,143,8,3,699.00,0.00
313,143,19,1,159.99,0.00
314,144,25,3,349.99,0.00
315,145,2,1,1349.99,0.15
316,146,30,2,99.99,0.00
317,146,39,2,399.99,0.10
318,146,28,1,149.99,0.00
319,147,18,2,189.99,0.00
320,147,27,1,129.99,0.00
321,147,35,1,89.99,0.05
322,148,18,1,189.99,0.00
323,148,30,3,99.99,0.20
324,148,34,1,34.99,0.05
325,148,6,3,999.00,0.00
326,148,40,1,549.99,0.00
327,149,27,1,129.99,0.00
328,149,23,5,19.99,0.10
329,149,19,3,159.99,0.05
330,150,40,1,549.99,0.00
331,150,2,3,1349.99,0.00
332,150,19,2,159.99,0.00
333,150,32,1,179.99,0.10
334,150,6,2,999.00,0.15
335,151,16,3,599.99,0.15
336,151,32,1,179.99,0.00
337,151,12,1,89.99,0.15
338,152,29,3,59.99,0.00
339,153,4,1,1299.99,0.00
340,153,11,3,29.99,0.10
341,153,30,2,99.99,0.00
342,154,29,1,59.99,0.00
343,155,28,5,149.99,0.15
344,155,40,1,549.99,0.00
345,156,38,1,14.99,0.05
346,156,13,1,69.99,0.05
347,156,34,2,34.99,0.10
348,157,19,1,159.99,0.00
349,158,39,2,399.99,0.10
350,159,37,1,299.99,0.05
351,159,12,1,89.99,0.00
352,159,8,10,699.00,0.10
353,159,17,2,449.99,0.05
354,160,25,1,349.99,0.00
355,161,12,1,89.99,0.05
356,161,32,2,179.99,0.05
357,162,17,3,449.99,0.00
358,163,10,5,49.99,0.05
359,163,22,2,9.99,0.15
360,164,35,1,89.99,0.05
361,164,15,3,129.99,0.00
362,164,1,2,899.99,0.20
363,165,24,5,79.99,0.00
364,165,35,3,89.99,0.10
365,166,20,2,49.99,0.00
366,166,25,1,349.99,0.05
367,166,7,3,849.99,0.00
368,167,35,2,89.99,0.00
369,168,8,1,699.00,0.05
370,169,15,3,129.99,0.00
371,169,5,1,999.99,0.15
372,169,3,2,1199.00,0.00
373,170,7,1,849.99,0.05
374,170,30,3,99.99,0.00
375,170,40,2,549.99,0.10
376,171,26,1,199.99,0.10
377,171,21,3,12.99,0.10
378,171,8,2,699.00,0.00
379,171,37,1,299.99,0.00
380,171,35,2,89.99,0.05
381,172,41,2,199.99,0.10
382,173,38,5,14.99,0.00
383,174,27,5,129.99,0.05
384,174,16,1,599.99,0.00
385,175,1,1,899.99,0.00
386,175,36,2,109.99,0.00
387,176,14,1,39.99,0.10
388,176,18,2,189.99,0.20
389,176,4,2,1299.99,0.00
390,177,22,3,9.99,0.10
391,177,40,1,549.99,0.10
392,178,16,3,599.99,0.05
393,179,21,1,12.99,0.00
394,179,15,1,129.99,0.15
395,179,7,1,849.99,0.05
396,180,24,1,79.99,0.10
397,181,4,1,1299.99,0.00
398,181,18,2,189.99,0.10
399,181,9,1,799.99,0.00
400,182,36,1,109.99,0.15
401,182,15,2,129.99,0.20
402,183,16,2,599.99,0.15
403,183,21,2,12.99,0.00
404,183,28,2,149.99,0.00
405,184,26,3,199.99,0.05
406,184,31,1,599.99,0.00
407,185,23,1,19.99,0.05
408,186,38,5,14.99,0.00
409,186,2,3,1349.99,0.00
410,186,30,2,99.99,0.05
411,186,9,5,799.99,0.00
412,187,40,3,549.99,0.10
413,187,35,1,89.99,0.15
414,187,37,3,299.99,0.00
415,188,24,2,79.99,0.10
416,188,12,2,89.99,0.10
417,189,38,1,14.99,0.00
418,189,14,2,39.99,0.00
419,189,15,1,129.99,0.00
420,189,21,2,12.99,0.05
421,190,40,1,549.99,0.05
422,191,6,10,999.00,0.00
423,191,26,1,199.99,0.00
424,191,12,1,89.99,0.00
425,191,19,1,159.99,0.20
426,192,27,3,129.99,0.00
427,192,29,1,59.99,0.00
428,193,21,2,12.99,0.05
429,193,32,3,179.99,0.00
430,194,31,1,599.99,0.00
431,195,35,1,89.99,0.00
432,195,19,10,159.99,0.05
433,195,12,2,89.99,0.00
434,195,10,1,49.99,0.10
435,196,35,5,89.99,0.10
436,196,20,5,49.99,0.15
437,196,8,1,699.00,0.20
438,196,2,2,1349.99,0.05
439,196,26,2,199.99,0.00
440,197,29,2,59.99,0.10
441,197,22,5,9.99,0.00
442,198,6,1,999.00,0.05
443,198,21,2,12.99,0.00
444,199,6,1,999.00,0.00
445,199,33,2,249.99,0.15
446,199,26,5,199.99,0.00
447,200,23,1,19.99,0.00
448,201,29,1,59.99,0.10
449,201,19,5,159.99,0.10
450,202,34,1,34.99,0.20
451,202,22,3,9.99,0.00
452,203,9,3,799.99,0.00
453,203,13,2,69.99,0.10
454,203,12,1,89.99,0.05
455,204,20,10,49.99,0.10
456,205,16,1,599.99,0.00
457,205,2,10,1349.99,0.00
458,206,31,1,599.99,0.10
459,206,8,1,699.00,0.00
460,207,4,1,1299.99,0.05
461,207,18,10,189.99,0.00
462,208,7,3,849.99,0.05
463,208,39,5,399.99,0.10
464,209,38,1,14.99,0.00
465,210,11,2,29.99,0.10
466,210,7,3,849.99,0.05
467,210,14,2,39.99,0.20
468,210,10,3,49.99,0.10
469,211,9,5,799.99,0.00
470,212,22,3,9.99,0.00
471,212,12,3,89.99,0.00
472,213,28,3,149.99,0.00
473,213,8,1,699.00,0.10
474,213,5,2,999.99,0.00
475,213,2,1,1349.99,0.00
476,213,31,1,599.99,0.05
477,214,12,1,89.99,0.10
478,214,23,1,19.99,0.05
479,214,2,1,1349.99,0.15
480,214,6,3,999.00,0.05
481,215,13,1,69.99,0.10
482,215,19,1,159.99,0.10
483,216,29,1,59.99,0.00
484,216,7,1,849.99,0.00
485,217,9,2,799.99,0.00
486,218,30,3,99.99,0.05
487,218,39,3,399.99,0.00
488,219,31,10,599.99,0.00
489,219,24,1,79.99,0.00
490,219,12,2,89.99,0.00
491,219,1,1,899.99,0.00
492,220,13,1,69.99,0.10
493,220,22,2,9.99,0.00
494,221,26,2,199.99,0.05
495,221,23,2,19.99,0.00
496,222,41,1,199.99,0.10
497,222,9,3,799.99,0.00
498,223,7,2,849.99,0.05
499,223,5,2,999.99,0.00
500,224,35,10,89.99,0.15
501,224,2,1,1349.99,0.00
502,224,3,5,1199.00,0.00
503,225,11,1,29.99,0.00
504,225,32,3,179.99,0.05
505,225,28,2,149.99,0.05
506,225,9,2,799.99,0.00
507,226,25,2,349.99,0.10
508,226,40,1,549.99,0.00
509,227,41,1,199.99,0.00
510,227,22,10,9.99,0.00
511,228,5,5,999.99,0.00
512,229,33,1,249.99,0.05
513,229,27,2,129.99,0.20
514,230,14,1,39.99,0.05
515,231,32,3,179.99,0.10
516,231,41,3,199.99,0.05
517,232,6,3,999.00,0.05
518,233,23,2,19.99,0.00
519,233,5,3,999.99,0.00
520,234,36,5,109.99,0.05
521,234,12,2,89.99,0.00
522,235,41,2,199.99,0.05
523,236,24,1,79.99,0.00
524,236,30,2,99.99,0.00
525,237,27,1,129.99,0.00
526,238,2,1,1349.99,0.10
527,239,11,1,29.99,0.00
528,240,2,1,1349.99,0.00
529,240,4,1,1299.99,0.20
530,240,6,5,999.00,0.05
531,241,33,5,249.99,0.05
532,242,8,3,699.00,0.00
533,243,10,1,49.99,0.20
534,243,7,2,849.99,0.00
535,244,28,2,149.99,0.20
536,244,31,5,599.99,0.15
537,245,39,2,399.99,0.00
538,245,3,10,1199.00,0.00
539,245,4,3,1299.99,0.00
540,245,16,5,599.99,0.15
541,245,17,1,449.99,0.15
542,246,16,5,599.99,0.00
543,246,20,2,49.99,0.00
544,246,14,3,39.99,0.05
545,247,27,3,129.99,0.15
546,247,22,3,9.99,0.10
547,248,21,3,12.99,0.05
548,248,30,1,99.99,0.00
549,248,2,2,1349.99,0.00
550,249,9,3,799.99,0.05
551,250,21,1,12.99,0.00
552,250,19,1,159.99,0.00
553,250,13,3,69.99,0.05
554,251,30,1,99.99,0.05
555,251,13,2,69.99,0.00
556,251,17,10,449.99,0.00
557,251,11,2,29.99,0.00
558,252,15,1,129.99,0.15
559,252,14,3,39.99,0.00
560,253,19,1,159.99,0.20
561,253,13,1,69.99,0.00
562,253,27,1,129.99,0.05
563,253,12,2,89.99,0.00
564,253,10,2,49.99,0.15
565,254,17,2,449.99,0.00
566,254,5,5,999.99,0.00
567,254,7,1,849.99,0.05
568,255,40,1,549.99,0.20
569,256,11,2,29.99,0.15
570,257,21,1,12.99,0.00
571,258,17,2,449.99,0.00
572,259,41,1,199.99,0.00
573,259,29,1,59.99,0.00
574,260,3,2,1199.00,0.00
575,260,29,3,59.99,0.15
576,260,23,1,19.99,0.00
577,260,36,5,109.99,0.00
578,261,38,2,14.99,0.05
579,261,1,2,899.99,0.00
580,262,8,2,699.00,0.20
581,262,26,3,199.99,0.00
582,262,24,1,79.99,0.10
583,263,3,2,1199.00,0.20
584,264,4,3,1299.99,0.00
585,265,12,10,89.99,0.15
586,265,16,1,599.99,0.15
587,266,8,3,699.00,0.10
588,266,20,5,49.99,0.15
589,266,32,2,179.99,0.00
590,267,18,2,189.99,0.00
591,267,37,2,299.99,0.00
592,268,15,2,129.99,0.00
593,268,10,2,49.99,0.00
594,268,32,3,179.99,0.00
595,268,34,10,34.99,0.05
596,268,41,1,199.99,0.00
597,269,33,2,249.99,0.00
598,269,28,3,149.99,0.10
599,270,30,1,99.99,0.00
600,270,12,3,89.99,0.00
601,270,26,3,199.99,0.10
602,271,14,3,39.99,0.05
603,271,12,5,89.99,0.00
604,271,6,2,999.00,0.00
605,272,39,3,399.99,0.05
606,272,32,2,179.99,0.20
607,272,20,2,49.99,0.10
608,272,40,1,549.99,0.00
609,273,31,2,599.99,0.05
610,274,30,2,99.99,0.00
611,274,10,1,49.99,0.00
612,275,13,2,69.99,0.10
613,275,19,1,159.99,0.00
614,276,39,1,399.99,0.00
615,276,36,2,109.99,0.10
616,276,19,5,159.99,0.15
617,277,5,5,999.99,0.00
618,277,18,2,189.99,0.00
619,278,31,1,599.99,0.00
620,278,23,5,19.99,0.00
621,278,29,2,59.99,0.10
622,279,24,1,79.99,0.10
623,279,31,2,599.99,0.00
624,279,11,1,29.99,0.05
625,279,40,1,549.99,0.00
626,279,14,10,39.99,0.00
627,280,11,3,29.99,0.15
628,280,12,1,89.99,0.00
629,281,22,3,9.99,0.10
630,282,39,3,399.99,0.20
631,282,7,3,849.99,0.20
632,282,4,3,1299.99,0.05
633,282,29,5,59.99,0.00
634,283,24,1,79.99,0.00
635,284,22,1,9.99,0.00
636,284,9,10,799.99,0.10
637,285,18,1,189.99,0.10
638,286,15,3,129.99,0.00
639,286,9,2,799.99,0.00
640,287,34,1,34.99,0.00
641,287,5,3,999.99,0.00
642,287,6,1,999.00,0.00
643,288,34,2,34.99,0.05
644,288,19,2,159.99,0.00
645,288,27,3,129.99,0.15
646,289,29,2,59.99,0.05
647,289,14,2,39.99,0.00
648,289,35,3,89.99,0.05
649,290,9,10,799.99,0.00
650,290,34,1,34.99,0.05
651,291,38,3,14.99,0.00
652,291,17,2,449.99,0.05
653,291,16,3,599.99,0.10
654,292,29,2,59.99,0.20
655,292,20,3,49.99,0.20
656,292,37,2,299.99,0.15
657,292,1,2,899.99,0.05
658,293,9,3,799.99,0.00
659,293,25,2,349.99,0.00
660,293,34,3,34.99,0.00
661,294,9,1,799.99,0.00
662,294,31,2,599.99,0.00
663,295,29,3,59.99,0.00
664,295,32,1,179.99,0.05
665,296,14,2,39.99,0.10
666,296,30,5,99.99,0.00
667,297,34,1,34.99,0.00
668,298,27,5,129.99,0.00
669,298,4,3,1299.99,0.00
670,298,20,1,49.99,0.00
671,299,25,3,349.99,0.10
672,299,31,1,599.99,0.00
673,300,6,1,999.00,0.15
674,300,40,1,549.99,0.00
675,300,27,2,129.99,0.00
676,301,20,2,49.99,0.05
677,301,36,1,109.99,0.20
678,302,33,2,249.99,0.05
679,302,2,10,1349.99,0.00
680,302,8,1,699.00,0.10
681,303,32,1,179.99,0.00
682,303,2,1,1349.99,0.05
683,304,12,1,89.99,0.00
684,305,4,1,1299.99,0.00
685,306,4,2,1299.99,0.00
686,306,13,3,69.99,0.00
687,306,16,1,599.99,0.00
688,306,39,2,399.99,0.00
689,307,38,2,14.99,0.00
690,308,41,2,199.99,0.10
691,309,36,10,109.99,0.05
692,309,29,2,59.99,0.00
693,309,3,1,1199.00,0.15
694,309,1,1,899.99,0.00
695,309,30,2,99.99,0.20
696,310,37,1,299.99,0.05
697,310,5,3,999.99,0.10
698,310,20,10,49.99,0.15
699,311,41,1,199.99,0.20
700,311,17,1,449.99,0.00
701,311,29,2,59.99,0.00
702,311,18,2,189.99,0.05
703,312,32,2,179.99,0.10
704,312,26,2,199.99,0.00
705,313,25,1,349.99,0.00
706,313,39,3,399.99,0.05
707,314,2,3,1349.99,0.05
708,315,15,1,129.99,0.00
709,315,32,3,179.99,0.05
710,315,24,1,79.99,0.20
711,316,13,2,69.99,0.05
712,317,17,5,449.99,0.15
713,318,35,1,89.99,0.00
714,318,40,2,549.99,0.05
715,318,17,5,449.99,0.00
716,318,36,3,109.99,0.00
717,318,30,1,99.99,0.05
718,319,27,2,129.99,0.00
719,320,15,1,129.99,0.00
720,320,28,2,149.99,0.00
721,320,5,2,999.99,0.10
722,320,16,2,599.99,0.05
723,320,13,1,69.99,0.00
724,321,16,3,599.99,0.05
725,321,5,3,999.99,0.05
726,322,5,1,999.99,0.10
727,322,9,1,799.99,0.05
728,323,26,3,199.99,0.00
729,323,7,2,849.99,0.05
730,323,40,1,549.99,0.00
731,324,2,1,1349.99,0.00
732,324,30,1,99.99,0.05
733,324,34,1,34.99,0.10
734,325,40,1,549.99,0.00
735,325,29,1,59.99,0.00
736,326,35,1,89.99,0.00
737,326,10,1,49.99,0.00
738,327,36,2,109.99,0.00
739,327,4,1,1299.99,0.15
740,328,22,2,9.99,0.00
741,328,38,1,14.99,0.00
742,329,41,1,199.99,0.00
743,329,15,3,129.99,0.10
744,329,30,3,99.99,0.00
745,329,40,2,549.99,0.10
746,330,29,1,59.99,0.05
747,331,17,3,449.99,0.00
748,332,2,1,1349.99,0.00
749,332,9,2,799.99,0.00
750,332,25,1,349.99,0.00
751,332,8,2,699.00,0.10
752,333,9,2,799.99,0.00
753,333,13,2,69.99,0.05
754,333,35,5,89.99,0.10
755,333,25,2,349.99,0.15
756,334,9,5,799.99,0.20
757,335,11,1,29.99,0.15
758,335,33,3,249.99,0.00
759,336,32,1,179.99,0.00
760,336,31,5,599.99,0.05
761,337,20,5,49.99,0.05
762,337,28,5,149.99,0.00
763,338,38,2,14.99,0.05
764,338,3,2,1199.00,0.00
765,339,15,1,129.99,0.00
766,340,15,1,129.99,0.00
767,340,7,1,849.99,0.00
768,340,8,1,699.00,0.00
769,341,35,5,89.99,0.00
770,342,38,2,14.99,0.05
771,342,1,3,899.99,0.00
772,343,36,3,109.99,0.00
773,343,30,3,99.99,0.00
774,344,36,1,109.99,0.05
775,344,2,1,1349.99,0.15
776,345,26,1,199.99,0.05
777,345,35,2,89.99,0.00
778,346,39,10,399.99,0.00
779,346,37,1,299.99,0.05
780,346,26,1,199.99,0.00
781,347,12,2,89.99,0.00
782,347,3,1,1199.00,0.20
783,347,39,1,399.99,0.00
784,348,27,1,129.99,0.20
785,349,14,3,39.99,0.05
786,349,9,1,799.99,0.05
787,349,20,1,49.99,0.00
788,349,28,3,149.99,0.00
789,350,16,1,599.99,0.05
790,350,34,2,34.99,0.00
791,351,20,2,49.99,0.10
792,351,26,1,199.99,0.00
793,352,7,1,849.99,0.15
794,352,26,1,199.99,0.05
795,352,3,1,1199.00,0.15
796,353,36,2,109.99,0.10
797,353,8,2,699.00,0.00
798,353,24,1,79.99,0.00
799,353,5,1,999.99,0.05
800,353,7,2,849.99,0.00
801,354,9,1,799.99,0.10
802,355,9,2,799.99,0.00
803,355,31,1,599.99,0.10
804,355,18,1,189.99,0.05
805,355,11,1,29.99,0.00
806,355,2,2,1349.99,0.00
807,356,41,3,199.99,0.05
808,357,1,1,899.99,0.00
809,358,2,10,1349.99,0.00
810,359,11,2,29.99,0.10
811,359,3,1,1199.00,0.05
812,359,27,2,129.99,0.15
813,360,26,2,199.99,0.00
814,361,3,5,1199.00,0.00
815,361,5,3,999.99,0.00
816,362,7,2,849.99,0.20
817,363,41,10,199.99,0.05
818,363,21,1,12.99,0.00
819,364,1,1,899.99,0.10
820,364,15,1,129.99,0.00
821,365,13,1,69.99,0.05
822,365,10,1,49.99,0.10
823,366,3,2,1199.00,0.00
824,366,34,1,34.99,0.10
825,366,27,1,129.99,0.00
826,367,15,2,129.99,0.00
827,367,39,2,399.99,0.00
828,367,25,2,349.99,0.20
829,368,36,3,109.99,0.15
830,369,16,2,599.99,0.00
831,369,28,2,149.99,0.20
832,369,12,1,89.99,0.15
833,370,28,2,149.99,0.00
834,370,33,1,249.99,0.20
835,371,20,2,49.99,0.00
836,371,39,1,399.99,0.00
837,371,35,1,89.99,0.05
838,371,10,2,49.99,0.00
839,372,24,5,79.99,0.20
840,372,32,1,179.99,0.00
841,372,26,2,199.99,0.05
842,372,27,2,129.99,0.00
843,373,23,2,19.99,0.05
844,373,33,5,249.99,0.10
845,373,32,1,179.99,0.00
846,373,41,3,199.99,0.05
847,373,24,2,79.99,0.05
848,374,39,2,399.99,0.05
849,375,38,2,14.99,0.00
850,375,6,2,999.00,0.10
851,376,20,3,49.99,0.15
852,376,27,5,129.99,0.00
853,377,26,2,199.99,0.00
854,378,27,3,129.99,0.00
855,378,19,1,159.99,0.10
856,379,12,3,89.99,0.10
857,379,13,1,69.99,0.20
858,379,4,5,1299.99,0.00
859,380,18,1,189.99,0.05
860,380,5,2,999.99,0.05
861,381,3,1,1199.00,0.10
862,381,7,1,849.99,0.05
863,382,24,10,79.99,0.10
864,382,22,5,9.99,0.05
865,383,30,5,99.99,0.00
866,384,16,2,599.99,0.05
867,384,24,2,79.99,0.00
868,384,29,1,59.99,0.20
869,385,29,2,59.99,0.10
870,385,15,3,129.99,0.00
871,385,39,5,399.99,0.15
872,386,13,3,69.99,0.15
873,387,20,1,49.99,0.00
874,387,36,1,109.99,0.05
875,387,30,1,99.99,0.00
876,388,21,5,12.99,0.10
877,389,9,5,799.99,0.05
878,390,39,2,399.99,0.00
879,390,5,3,999.99,0.10
880,391,15,1,129.99,0.00
881,391,17,1,449.99,0.05
882,391,8,1,699.00,0.15
883,392,20,2,49.99,0.10
884,392,4,10,1299.99,0.00
885,392,38,1,14.99,0.05
886,393,30,1,99.99,0.10
887,394,3,2,1199.00,0.00
888,395,14,1,39.99,0.20
889,395,32,1,179.99,0.10
890,396,4,5,1299.99,0.10
891,397,2,1,1349.99,0.05
892,397,36,10,109.99,0.10
893,397,26,1,199.99,0.05
894,398,9,3,799.99,0.05
895,398,21,3,12.99,0.10
896,399,19,1,159.99,0.10
897,399,10,3,49.99,0.00
898,399,14,3,39.99,0.05
899,400,11,1,29.99,0.20
900,400,4,1,1299.99,0.00
901,401,16,1,599.99,0.00
902,401,3,2,1199.00,0.20
903,401,8,2,699.00,0.00
904,402,25,2,349.99,0.00
905,402,18,1,189.99,0.00
906,402,41,2,199.99,0.05
907,403,7,3,849.99,0.00
908,404,35,2,89.99,0.10
909,404,12,1,89.99,0.10
910,405,8,5,699.00,0.05
911,405,14,1,39.99,0.00
912,405,12,1,89.99,0.00
913,406,6,1,999.00,0.20
914,406,8,1,699.00,0.20
915,406,33,2,249.99,0.00
916,407,32,2,179.99,0.05
917,408,16,1,599.99,0.15
918,408,3,1,1199.00,0.00
919,408,13,2,69.99,0.05
920,409,11,2,29.99,0.00
921,410,18,10,189.99,0.05
922,411,27,1,129.99,0.10
923,411,10,1,49.99,0.20
924,412,22,1,9.99,0.15
925,412,41,3,199.99,0.00
926,413,7,1,849.99,0.10
927,413,8,1,699.00,0.10
928,414,39,5,399.99,0.00
929,414,7,5,849.99,0.00
930,415,26,2,199.99,0.00
931,415,31,2,599.99,0.10
932,416,41,2,199.99,0.00
933,416,24,2,79.99,0.00
934,416,16,2,599.99,0.00
935,416,39,10,399.99,0.05
936,417,20,2,49.99,0.00
937,418,4,1,1299.99,0.00
938,419,9,2,799.99,0.05
939,419,31,2,599.99,0.05
940,420,28,3,149.99,0.10
941,421,39,2,399.99,0.15
942,421,3,2,1199.00,0.00
943,421,29,1,59.99,0.10
944,421,11,2,29.99,0.20
945,422,16,1,599.99,0.00
946,422,35,1,89.99,0.10
947,422,8,2,699.00,0.00
948,422,19,1,159.99,0.15
949,423,32,1,179.99,0.05
950,423,4,1,1299.99,0.00
951,424,32,1,179.99,0.05
952,425,15,1,129.99,0.00
953,425,31,5,599.99,0.05
954,425,26,1,199.99,0.20
955,426,13,1,69.99,0.00
956,427,31,2,599.99,0.05
957,427,18,3,189.99,0.10
958,427,8,1,699.00,0.10
959,428,7,3,849.99,0.00
960,429,28,2,149.99,0.00
961,429,39,2,399.99,0.10
962,429,1,1,899.99,0.00
963,430,16,3,599.99,0.05
964,430,28,1,149.99,0.20
965,430,13,2,69.99,0.05
966,430,31,1,599.99,0.00
967,430,7,1,849.99,0.20
968,431,34,3,34.99,0.20
969,431,20,1,49.99,0.00
970,432,23,1,19.99,0.15
971,432,27,1,129.99,0.00
972,433,28,1,149.99,0.00
973,433,12,1,89.99,0.00
974,434,24,2,79.99,0.00
975,434,38,2,14.99,0.00
976,435,38,10,14.99,0.15
977,436,22,3,9.99,0.20
978,436,20,1,49.99,0.10
979,437,36,2,109.99,0.00
980,437,23,2,19.99,0.00
981,437,24,2,79.99,0.20
982,437,29,3,59.99,0.00
983,438,13,3,69.99,0.00
984,439,25,2,349.99,0.00
985,439,36,1,109.99,0.05
986,439,26,2,199.99,0.00
987,440,19,1,159.99,0.00
988,440,18,1,189.99,0.00
989,440,36,1,109.99,0.15
990,440,8,5,699.00,0.00
991,441,23,2,19.99,0.20
992,442,40,1,549.99,0.20
993,443,17,10,449.99,0.05
994,444,17,1,449.99,0.00
995,444,41,1,199.99,0.00
996,444,39,2,399.99,0.15
997,444,36,1,109.99,0.00
998,445,30,3,99.99,0.00
999,445,12,2,89.99,0.15
1000,446,39,1,399.99,0.00
1001,446,13,2,69.99,0.05
1002,446,5,2,999.99,0.10
1003,447,8,3,699.00,0.05
1004,447,1,1,899.99,0.00
1005,448,7,1,849.99,0.10
1006,448,35,5,89.99,0.10
1007,448,22,1,9.99,0.00
1008,448,6,1,999.00,0.05
1009,448,13,1,69.99,0.05
1010,449,27,1,129.99,0.00
1011,449,10,1,49.99,0.05
1012,449,1,1,899.99,0.15
1013,449,15,1,129.99,0.15
1014,450,23,1,19.99,0.15
1015,450,5,1,999.99,0.00
1016,450,40,1,549.99,0.00
1017,450,22,1,9.99,0.00
1018,450,8,2,699.00,0.15
1019,451,32,2,179.99,0.15
1020,452,10,1,49.99,0.00
1021,453,18,1,189.99,0.20
1022,453,10,1,49.99,0.00
1023,454,22,1,9.99,0.05
1024,454,9,2,799.99,0.00
1025,454,16,2,599.99,0.00
1026,455,15,1,129.99,0.00
1027,455,6,5,999.00,0.00
1028,455,16,2,599.99,0.00
1029,456,9,1,799.99,0.15
1030,456,19,10,159.99,0.15
1031,456,30,1,99.99,0.10
1032,457,2,1,1349.99,0.10
1033,457,28,2,149.99,0.00
1034,458,1,2,899.99,0.10
1035,459,20,3,49.99,0.00
1036,459,31,2,599.99,0.00
1037,459,27,1,129.99,0.00
1038,460,28,2,149.99,0.10
1039,460,30,5,99.99,0.05
1040,461,9,2,799.99,0.00
1041,461,14,1,39.99,0.10
1042,462,26,1,199.99,0.10
1043,462,25,2,349.99,0.00
1044,463,19,1,159.99,0.00
1045,464,3,1,1199.00,0.00
1046,465,6,5,999.00,0.00
1047,466,23,1,19.99,0.15
1048,466,9,2,799.99,0.05
1049,466,7,3,849.99,0.00
1050,467,30,1,99.99,0.05
1051,468,11,10,29.99,0.05
1052,468,33,2,249.99,0.10
1053,468,34,2,34.99,0.00
1054,469,25,10,349.99,0.05
1055,469,16,10,599.99,0.05
1056,469,14,10,39.99,0.00
1057,470,6,2,999.00,0.00
1058,470,32,1,179.99,0.00
1059,470,7,2,849.99,0.00
1060,471,29,1,59.99,0.15
1061,471,9,2,799.99,0.15
1062,471,8,5,699.00,0.00
1063,471,37,1,299.99,0.10
1064,471,32,10,179.99,0.00
1065,472,40,2,549.99,0.05
1066,472,4,1,1299.99,0.00
1067,472,16,1,599.99,0.05
1068,473,35,1,89.99,0.00
1069,473,30,1,99.99,0.20
1070,474,39,1,399.99,0.10
1071,474,32,1,179.99,0.00
1072,475,39,1,399.99,0.10
1073,475,25,3,349.99,0.20
1074,476,17,1,449.99,0.00
1075,476,41,1,199.99,0.00
1076,477,4,1,1299.99,0.15
1077,478,35,10,89.99,0.00
1078,478,11,5,29.99,0.05
1079,479,40,2,549.99,0.10
1080,479,10,3,49.99,0.10
1081,479,21,3,12.99,0.00
1082,480,27,5,129.99,0.15
1083,480,17,2,449.99,0.05
1084,480,34,2,34.99,0.00
1085,480,1,3,899.99,0.00
1086,480,29,2,59.99,0.10
1087,481,1,1,899.99,0.00
1088,481,24,3,79.99,0.00
1089,481,2,2,1349.99,0.20
1090,482,22,1,9.99,0.05
1091,482,8,1,699.00,0.00
1092,482,12,1,89.99,0.05
1093,482,30,2,99.99,0.05
1094,482,28,3,149.99,0.15
1095,483,27,2,129.99,0.10
1096,483,7,5,849.99,0.00
1097,484,15,2,129.99,0.00
1098,484,30,5,99.99,0.20
1099,485,26,3,199.99,0.05
1100,485,1,1,899.99,0.05
1101,485,24,1,79.99,0.15
1102,486,10,3,49.99,0.10
1103,487,28,2,149.99,0.00
1104,487,16,2,599.99,0.00
1105,488,12,5,89.99,0.05
1106,488,26,2,199.99,0.00
1107,489,17,5,449.99,0.00
1108,489,36,1,109.99,0.00
1109,489,11,2,29.99,0.05
1110,490,9,2,799.99,0.10
1111,490,30,1,99.99,0.05
1112,491,25,1,349.99,0.15
1113,491,17,2,449.99,0.05
1114,491,4,2,1299.99,0.00
1115,492,6,5,999.00,0.00
1116,492,5,1,999.99,0.10
1117,492,32,2,179.99,0.00
1118,492,24,2,79.99,0.00
1119,493,20,1,49.99,0.00
1120,494,31,1,599.99,0.10
1121,494,40,5,549.99,0.00
1122,494,39,1,399.99,0.00
1123,494,35,2,89.99,0.00
1124,494,1,5,899.99,0.00
1125,495,18,1,189.99,0.05
1126,495,31,1,599.99,0.10
1127,495,13,2,69.99,0.05
1128,495,6,1,999.00,0.00
1129,496,38,1,14.99,0.00
1130,496,20,3,49.99,0.00
1131,497,25,2,349.99,0.05
1132,498,33,1,249.99,0.00
1133,499,8,3,699.00,0.00
1134,499,12,1,89.99,0.00
1135,500,1,3,899.99,0.00
1136,501,14,2,39.99,0.00
1137,502,27,2,129.99,0.00
1138,503,27,1,129.99,0.00
1139,503,8,2,699.00,0.00
1140,503,29,2,59.99,0.15
1141,503,11,10,29.99,0.15
1142,503,39,1,399.99,0.10
1143,504,5,1,999.99,0.10
1144,504,31,3,599.99,0.00
1145,505,26,2,199.99,0.00
1146,505,20,3,49.99,0.20
1147,506,1,1,899.99,0.20
1148,507,24,1,79.99,0.10
1149,507,35,1,89.99,0.15
1150,507,1,1,899.99,0.00
1151,507,4,2,1299.99,0.10
1152,508,10,3,49.99,0.15
1153,509,32,1,179.99,0.10
1154,509,18,1,189.99,0.00
1155,510,14,1,39.99,0.00
1156,510,5,1,999.99,0.10
1157,510,32,1,179.99,0.00
1158,511,20,3,49.99,0.00
1159,511,30,1,99.99,0.15
1160,511,10,1,49.99,0.00
1161,512,20,2,49.99,0.00
1162,512,37,5,299.99,0.10
1163,513,29,1,59.99,0.05
1164,513,23,1,19.99,0.00
1165,513,17,1,449.99,0.00
1166,514,28,1,149.99,0.00
1167,514,13,2,69.99,0.05
1168,515,15,1,129.99,0.00
1169,515,8,1,699.00,0.00
1170,515,4,2,1299.99,0.10
1171,515,3,1,1199.00,0.00
1172,515,37,3,299.99,0.15
1173,516,39,1,399.99,0.00
1174,517,16,1,599.99,0.00
1175,517,11,2,29.99,0.20
1176,517,21,2,12.99,0.00
1177,517,5,1,999.99,0.20
1178,518,38,1,14.99,0.10
1179,518,1,2,899.99,0.20
1180,518,32,3,179.99,0.05
1181,518,16,1,599.99,0.00
1182,518,31,1,599.99,0.00
1183,519,32,1,179.99,0.00
1184,520,39,2,399.99,0.10
1185,520,31,1,599.99,0.20
1186,520,8,5,699.00,0.05
1187,520,18,1,189.99,0.00
1188,521,13,1,69.99,0.00
1189,521,25,2,349.99,0.05
1190,521,41,5,199.99,0.20
1191,522,27,1,129.99,0.00
1192,522,18,2,189.99,0.00
1193,523,19,2,159.99,0.05
1194,523,8,2,699.00,0.00
1195,523,1,10,899.99,0.05
1196,524,3,1,1199.00,0.10
1197,525,4,1,1299.99,0.00
1198,525,17,5,449.99,0.05
1199,525,9,3,799.99,0.00
1200,526,6,1,999.00,0.00
1201,526,19,1,159.99,0.10
1202,527,20,2,49.99,0.00
1203,528,17,2,449.99,0.00
1204,528,9,1,799.99,0.05
1205,528,27,2,129.99,0.05
1206,529,21,5,12.99,0.10
1207,529,33,2,249.99,0.00
1208,530,6,5,999.00,0.10
1209,530,9,2,799.99,0.00
1210,530,40,2,549.99,0.15
1211,531,34,2,34.99,0.00
1212,532,19,2,159.99,0.05
1213,533,14,2,39.99,0.05
1214,534,20,3,49.99,0.05
1215,534,1,1,899.99,0.00
1216,535,2,3,1349.99,0.00
1217,536,35,2,89.99,0.15
1218,536,17,2,449.99,0.00
1219,536,40,2,549.99,0.00
1220,537,31,1,599.99,0.05
1221,538,30,1,99.99,0.00
1222,538,27,1,129.99,0.00
1223,538,28,2,149.99,0.00
1224,539,9,5,799.99,0.00
1225,539,30,1,99.99,0.00
1226,540,33,1,249.99,0.00
1227,540,5,2,999.99,0.05
1228,541,26,1,199.99,0.00
1229,541,5,2,999.99,0.05
1230,541,31,5,599.99,0.10
1231,542,40,1,549.99,0.00
1232,542,26,3,199.99,0.00
1233,543,16,1,599.99,0.15
1234,544,17,1,449.99,0.10
1235,545,21,1,12.99,0.05
1236,545,7,2,849.99,0.00
1237,545,29,2,59.99,0.05
1238,545,25,1,349.99,0.10
1239,546,7,1,849.99,0.10
1240,547,34,1,34.99,0.00
1241,547,32,3,179.99,0.05
1242,548,41,5,199.99,0.05
1243,548,25,1,349.99,0.05
1244,549,19,5,159.99,0.00
1245,550,37,1,299.99,0.05
1246,551,38,1,14.99,0.00
1247,551,31,1,599.99,0.15
1248,551,17,1,449.99,0.00
1249,551,2,3,1349.99,0.00
1250,552,37,1,299.99,0.00
1251,552,40,2,549.99,0.10
1252,552,3,5,1199.00,0.15
1253,553,23,2,19.99,0.10
1254,553,28,5,149.99,0.00
1255,554,2,1,1349.99,0.00
1256,554,36,1,109.99,0.10
1257,554,31,2,599.99,0.00
1258,554,4,1,1299.99,0.05
1259,555,38,1,14.99,0.00
1260,556,16,1,599.99,0.00
1261,556,4,1,1299.99,0.00
1262,556,5,2,999.99,0.15
1263,557,17,5,449.99,0.00
1264,558,20,3,49.99,0.00
1265,558,24,2,79.99,0.05
1266,559,40,1,549.99,0.00
1267,559,32,10,179.99,0.00
1268,559,18,3,189.99,0.00
1269,559,6,1,999.00,0.10
1270,560,8,2,699.00,0.00
1271,560,2,1,1349.99,0.00
1272,561,25,1,349.99,0.00
1273,561,29,2,59.99,0.00
1274,561,3,1,1199.00,0.05
1275,561,15,1,129.99,0.00
1276,562,38,1,14.99,0.10
1277,562,14,2,39.99,0.00
1278,562,2,3,1349.99,0.10
1279,563,35,2,89.99,0.05
1280,563,30,2,99.99,0.00
1281,563,28,1,149.99,0.10
1282,564,16,3,599.99,0.00
1283,565,39,1,399.99,0.00
1284,566,1,2,899.99,0.20
1285,567,18,10,189.99,0.00
1286,567,40,1,549.99,0.10
1287,567,36,1,109.99,0.00
1288,567,21,1,12.99,0.00
1289,568,29,1,59.99,0.10
1290,568,38,1,14.99,0.10
1291,568,21,1,12.99,0.00
1292,569,23,1,19.99,0.00
1293,569,7,2,849.99,0.00
1294,570,19,1,159.99,0.05
1295,570,10,1,49.99,0.20
1296,571,3,1,1199.00,0.00
1297,572,33,5,249.99,0.00
1298,572,38,2,14.99,0.05
1299,572,23,1,19.99,0.10
1300,573,37,2,299.99,0.00
1301,573,41,3,199.99,0.10
1302,574,18,3,189.99,0.00
1303,574,13,1,69.99,0.00
1304,575,29,1,59.99,0.05
1305,575,27,1,129.99,0.00
1306,575,24,2,79.99,0.00
1307,576,27,2,129.99,0.05
1308,576,38,3,14.99,0.00
1309,577,13,5,69.99,0.00
1310,577,12,1,89.99,0.00
1311,578,28,1,149.99,0.00
1312,579,9,2,799.99,0.00
1313,579,26,1,199.99,0.00
1314,580,23,5,19.99,0.15
1315,581,12,1,89.99,0.15
1316,581,38,2,14.99,0.00
1317,581,33,2,249.99,0.00
1318,582,20,2,49.99,0.00
1319,583,25,1,349.99,0.00
1320,584,34,1,34.99,0.15
1321,585,15,1,129.99,0.15
1322,585,11,10,29.99,0.10
1323,586,11,2,29.99,0.00
1324,586,2,5,1349.99,0.05
1325,587,37,2,299.99,0.00
1326,588,8,1,699.00,0.15
1327,588,29,10,59.99,0.10
1328,588,28,1,149.99,0.00
1329,588,32,1,179.99,0.10
1330,589,33,3,249.99,0.00
1331,589,5,5,999.99,0.00
1332,590,41,1,199.99,0.05
1333,590,3,5,1199.00,0.00
1334,590,1,1,899.99,0.00
1335,591,6,5,999.00,0.10
1336,591,34,1,34.99,0.00
1337,592,25,2,349.99,0.00
1338,593,19,1,159.99,0.00
1339,593,32,2,179.99,0.00
1340,593,41,1,199.99,0.15
1341,594,8,10,699.00,0.05
1342,594,12,1,89.99,0.00
1343,594,30,1,99.99,0.15
1344,595,27,2,129.99,0.00
1345,595,4,2,1299.99,0.00
1346,596,22,1,9.99,0.00
1347,596,41,2,199.99,0.00
1348,596,3,1,1199.00,0.05
1349,597,25,5,349.99,0.10
1350,597,6,2,999.00,0.05
1351,597,22,2,9.99,0.00
1352,598,11,5,29.99,0.00
1353,599,34,1,34.99,0.00
1354,600,16,3,599.99,0.10
1355,600,3,1,1199.00,0.00
1356,600,18,3,189.99,0.15
1357,601,1,2,899.99,0.00
1358,601,35,3,89.99,0.10
1359,602,2,1,1349.99,0.00
1360,602,20,1,49.99,0.05
1361,603,31,5,599.99,0.05
1362,603,19,1,159.99,0.00
1363,604,15,2,129.99,0.00
1364,605,10,10,49.99,0.00
1365,605,41,1,199.99,0.15
1366,606,37,1,299.99,0.00
1367,606,15,2,129.99,0.10
1368,607,14,3,39.99,0.10
1369,608,33,5,249.99,0.00
1370,608,36,1,109.99,0.00
1371,608,6,1,999.00,0.05
1372,609,32,2,179.99,0.10
1373,609,11,2,29.99,0.00
1374,609,41,1,199.99,0.00
1375,609,34,1,34.99,0.15
1376,610,10,2,49.99,0.10
1377,610,19,10,159.99,0.00
1378,610,34,2,34.99,0.00
1379,611,11,1,29.99,0.00
1380,611,34,2,34.99,0.20
1381,611,31,1,599.99,0.10
1382,611,1,1,899.99,0.00
1383,612,41,2,199.99,0.00
1384,613,38,3,14.99,0.15
1385,613,20,2,49.99,0.05
1386,613,24,1,79.99,0.05
1387,613,40,1,549.99,0.00
1388,614,25,2,349.99,0.15
1389,614,22,2,9.99,0.20
1390,615,15,10,129.99,0.00
1391,616,4,1,1299.99,0.10
1392,617,26,1,199.99,0.00
1393,618,14,3,39.99,0.10
1394,618,11,2,29.99,0.00
1395,618,41,3,199.99,0.05
1396,618,18,2,189.99,0.00
1397,619,28,2,149.99,0.20
1398,619,14,5,39.99,0.00
1399,619,40,1,549.99,0.10
1400,620,7,5,849.99,0.05
1401,620,24,1,79.99,0.00
1402,621,18,10,189.99,0.10
1403,621,41,5,199.99,0.15
1404,621,4,10,1299.99,0.05
1405,622,3,2,1199.00,0.10
1406,622,24,3,79.99,0.00
1407,622,2,5,1349.99,0.00
1408,623,18,1,189.99,0.05
1409,623,13,5,69.99,0.15
1410,623,40,1,549.99,0.20
1411,623,2,3,1349.99,0.00
1412,624,33,1,249.99,0.00
1413,625,41,1,199.99,0.05
1414,625,1,1,899.99,0.00
1415,626,6,1,999.00,0.05
1416,627,16,3,599.99,0.05
1417,627,20,5,49.99,0.00
1418,628,9,2,799.99,0.00
1419,629,17,1,449.99,0.00
1420,629,6,3,999.00,0.05
1421,629,32,3,179.99,0.05
1422,630,28,2,149.99,0.05
1423,630,23,1,19.99,0.00
1424,631,17,1,449.99,0.15
1425,631,14,2,39.99,0.05
1426,631,30,2,99.99,0.00
1427,632,7,1,849.99,0.15
1428,632,41,1,199.99,0.00
1429,633,35,1,89.99,0.00
1430,634,16,3,599.99,0.05
1431,634,17,2,449.99,0.00
1432,635,27,3,129.99,0.20
1433,635,28,2,149.99,0.00
1434,636,13,3,69.99,0.00
1435,636,37,1,299.99,0.10
1436,636,9,1,799.99,0.00
1437,636,22,1,9.99,0.00
1438,637,14,2,39.99,0.10
1439,638,7,2,849.99,0.05
1440,639,7,1,849.99,0.15
1441,639,25,1,349.99,0.00
1442,639,9,1,799.99,0.05
1443,640,38,5,14.99,0.00
1444,640,2,1,1349.99,0.00
1445,640,15,2,129.99,0.00
1446,641,3,1,1199.00,0.00
1447,641,14,1,39.99,0.00
1448,642,27,1,129.99,0.00
1449,643,26,1,199.99,0.05
1450,643,1,1,899.99,0.00
1451,643,11,2,29.99,0.20
1452,644,39,2,399.99,0.10
1453,644,29,3,59.99,0.10
1454,645,6,1,999.00,0.15
1455,645,10,3,49.99,0.00
1456,646,3,5,1199.00,0.00
1457,646,8,1,699.00,0.05
1458,647,18,1,189.99,0.00
1459,648,3,3,1199.00,0.00
1460,648,35,1,89.99,0.00
1461,649,40,1,549.99,0.00
1462,649,16,1,599.99,0.05
1463,649,34,3,34.99,0.10
1464,649,37,1,299.99,0.05
1465,649,30,3,99.99,0.00
1466,650,6,3,999.00,0.05
1467,650,28,10,149.99,0.05
1468,650,8,2,699.00,0.10
1469,651,18,2,189.99,0.15
1470,651,12,2,89.99,0.00
1471,651,33,2,249.99,0.00
1472,651,3,2,1199.00,0.00
1473,652,2,3,1349.99,0.00
1474,653,39,2,399.99,0.00
1475,653,22,2,9.99,0.00
1476,654,35,2,89.99,0.00
1477,654,11,1,29.99,0.15
1478,655,34,1,34.99,0.00
1479,655,24,2,79.99,0.00
1480,655,20,2,49.99,0.00
1481,656,36,1,109.99,0.05
1482,656,32,3,179.99,0.00
1483,656,16,1,599.99,0.20
1484,656,25,2,349.99,0.00
1485,656,35,1,89.99,0.10
1486,657,18,1,189.99,0.15
1487,657,21,10,12.99,0.10
1488,657,24,1,79.99,0.05
1489,657,41,1,199.99,0.15
1490,658,12,2,89.99,0.00
1491,658,26,2,199.99,0.00
1492,658,19,5,159.99,0.00
1493,658,1,2,899.99,0.20
1494,659,6,2,999.00,0.00
1495,659,39,1,399.99,0.05
1496,660,39,5,399.99,0.05
1497,661,16,2,599.99,0.10
1498,661,12,1,89.99,0.00
1499,662,29,10,59.99,0.05
1500,662,16,1,599.99,0.05
1501,662,12,1,89.99,0.15
1502,663,27,5,129.99,0.20
1503,664,39,3,399.99,0.00
1504,664,35,3,89.99,0.00
1505,665,33,2,249.99,0.00
1506,665,41,1,199.99,0.00
1507,665,29,3,59.99,0.10
1508,666,31,1,599.99,0.05
1509,666,14,2,39.99,0.10
1510,666,17,3,449.99,0.10
1511,666,7,1,849.99,0.05
1512,667,9,1,799.99,0.00
1513,668,11,2,29.99,0.00
1514,668,37,1,299.99,0.10
1515,668,41,2,199.99,0.00
1516,668,20,1,49.99,0.00
1517,669,17,3,449.99,0.10
1518,669,24,10,79.99,0.00
1519,670,21,5,12.99,0.00
1520,670,34,1,34.99,0.05
1521,670,24,1,79.99,0.15
1522,670,25,1,349.99,0.15
1523,671,8,2,699.00,0.05
1524,671,13,2,69.99,0.00
1525,671,23,3,19.99,0.10
1526,672,7,2,849.99,0.00
1527,672,22,10,9.99,0.10
1528,673,16,3,599.99,0.00
1529,673,17,5,449.99,0.15
1530,674,18,1,189.99,0.00
1531,675,38,3,14.99,0.00
1532,676,31,1,599.99,0.00
1533,677,38,5,14.99,0.00
1534,677,28,5,149.99,0.10
1535,678,27,2,129.99,0.00
1536,679,35,1,89.99,0.00
1537,680,32,2,179.99,0.00
1538,680,1,1,899.99,0.00
1539,680,21,1,12.99,0.15
1540,680,33,2,249.99,0.05
1541,681,33,1,249.99,0.10
1542,682,21,3,12.99,0.10
1543,682,11,5,29.99,0.05
1544,682,13,1,69.99,0.20
1545,683,17,2,449.99,0.15
1546,684,29,2,59.99,0.10
1547,684,20,1,49.99,0.15
1548,684,28,1,149.99,0.00
1549,685,13,1,69.99,0.00
1550,685,14,1,39.99,0.10
1551,685,17,1,449.99,0.05
1552,686,16,1,599.99,0.10
1553,687,32,10,179.99,0.05
1554,687,16,1,599.99,0.00
1555,687,18,1,189.99,0.05
1556,688,27,3,129.99,0.15
1557,689,35,2,89.99,0.10
1558,689,17,2,449.99,0.00
1559,690,24,2,79.99,0.00
1560,690,29,1,59.99,0.05
1561,690,14,3,39.99,0.00
1562,690,12,3,89.99,0.00
1563,690,21,1,12.99,0.00
1564,691,33,2,249.99,0.00
1565,691,24,2,79.99,0.10
1566,691,2,3,1349.99,0.00
1567,691,37,2,299.99,0.05
1568,692,33,2,249.99,0.00
1569,692,6,2,999.00,0.00
1570,693,10,2,49.99,0.00
1571,693,22,2,9.99,0.05
1572,693,5,3,999.99,0.00
1573,693,12,1,89.99,0.05
1574,694,17,2,449.99,0.10
1575,694,15,2,129.99,0.05
1576,695,37,3,299.99,0.00
1577,695,10,1,49.99,0.00
1578,695,13,2,69.99,0.10
1579,696,15,1,129.99,0.00
1580,696,14,10,39.99,0.00
1581,697,25,2,349.99,0.10
1582,697,2,3,1349.99,0.00
1583,698,6,5,999.00,0.10
1584,698,12,1,89.99,0.10
1585,698,33,1,249.99,0.00
1586,699,33,5,249.99,0.00
1587,699,24,1,79.99,0.00
1588,699,31,10,599.99,0.00
1589,699,17,1,449.99,0.00
1590,699,8,1,699.00,0.15
1591,700,31,3,599.99,0.15
1592,700,2,1,1349.99,0.10
1593,700,18,1,189.99,0.00
1594,701,14,1,39.99,0.00
1595,701,19,1,159.99,0.00
1596,702,8,1,699.00,0.00
1597,702,11,1,29.99,0.10
1598,702,2,2,1349.99,0.00
1599,702,32,1,179.99,0.00
1600,703,39,1,399.99,0.00
1601,703,34,1,34.99,0.00
1602,704,35,3,89.99,0.00
1603,704,29,2,59.99,0.15
1604,704,9,1,799.99,0.00
1605,704,39,2,399.99,0.20
1606,705,9,2,799.99,0.10
1607,705,15,1,129.99,0.05
1608,706,17,1,449.99,0.05
1609,707,18,1,189.99,0.00
1610,707,9,1,799.99,0.10
1611,708,12,1,89.99,0.05
1612,709,13,2,69.99,0.00
1613,709,41,2,199.99,0.05
1614,709,37,1,299.99,0.00
1615,709,26,3,199.99,0.15
1616,710,30,3,99.99,0.00
1617,710,7,3,849.99,0.00
1618,710,22,1,9.99,0.05
1619,711,9,2,799.99,0.05
1620,711,23,5,19.99,0.20
1621,711,20,10,49.99,0.00
1622,712,23,2,19.99,0.10
1623,713,34,1,34.99,0.00
1624,713,11,1,29.99,0.05
1625,714,40,1,549.99,0.20
1626,714,28,2,149.99,0.00
1627,714,13,2,69.99,0.00
1628,714,18,2,189.99,0.00
1629,715,40,10,549.99,0.00
1630,715,39,2,399.99,0.00
1631,716,11,1,29.99,0.00
1632,716,27,3,129.99,0.00
1633,717,10,3,49.99,0.00
1634,717,14,1,39.99,0.00
1635,717,29,1,59.99,0.05
1636,717,18,2,189.99,0.05
1637,718,22,5,9.99,0.15
1638,719,11,3,29.99,0.00
1639,719,32,1,179.99,0.20
1640,720,28,1,149.99,0.00
1641,720,27,3,129.99,0.10
1642,721,17,1,449.99,0.10
1643,721,23,2,19.99,0.05
1644,721,6,1,999.00,0.00
1645,722,37,2,299.99,0.15
1646,722,25,2,349.99,0.00
1647,723,16,1,599.99,0.05
1648,724,29,2,59.99,0.05
1649,724,30,5,99.99,0.10
1650,725,2,5,1349.99,0.00
1651,725,41,5,199.99,0.10
1652,726,16,2,599.99,0.00
1653,726,18,2,189.99,0.20
1654,727,21,3,12.99,0.10
1655,727,26,1,199.99,0.00
1656,728,21,2,12.99,0.05
1657,728,20,2,49.99,0.10
1658,728,7,1,849.99,0.15
1659,728,6,2,999.00,0.00
1660,728,41,2,199.99,0.00
1661,729,36,1,109.99,0.05
1662,729,19,1,159.99,0.00
1663,729,35,2,89.99,0.15
1664,729,12,2,89.99,0.00
1665,730,19,2,159.99,0.20
1666,731,18,1,189.99,0.05
1667,731,2,1,1349.99,0.15
1668,731,32,2,179.99,0.10
1669,732,29,2,59.99,0.20
1670,732,27,1,129.99,0.00
1671,733,17,3,449.99,0.00
1672,733,24,1,79.99,0.15
1673,734,16,2,599.99,0.00
1674,734,35,5,89.99,0.20
1675,735,23,3,19.99,0.05
1676,736,40,2,549.99,0.05
1677,737,31,1,599.99,0.10
1678,737,10,2,49.99,0.15
1679,737,5,3,999.99,0.10
1680,737,23,2,19.99,0.10
1681,738,22,3,9.99,0.05
1682,738,15,2,129.99,0.10
1683,738,37,10,299.99,0.05
1684,739,5,2,999.99,0.00
1685,739,40,1,549.99,0.20
1686,739,34,3,34.99,0.20
1687,740,26,2,199.99,0.15
1688,741,7,1,849.99,0.10
1689,741,20,5,49.99,0.00
1690,742,22,3,9.99,0.05
1691,742,29,1,59.99,0.05
1692,743,1,3,899.99,0.05
1693,743,21,1,12.99,0.00
1694,743,25,1,349.99,0.05
1695,743,20,2,49.99,0.05
1696,743,2,10,1349.99,0.00
1697,744,12,1,89.99,0.10
1698,744,33,1,249.99,0.00
1699,745,19,1,159.99,0.00
1700,745,7,2,849.99,0.15
1701,746,36,2,109.99,0.00
1702,746,25,1,349.99,0.00
1703,746,29,10,59.99,0.00
1704,746,8,3,699.00,0.00
1705,747,38,1,14.99,0.05
1706,747,7,5,849.99,0.05
1707,747,34,3,34.99,0.05
1708,748,19,2,159.99,0.00
1709,748,41,2,199.99,0.00
1710,748,28,1,149.99,0.00
1711,749,4,1,1299.99,0.00
1712,749,34,5,34.99,0.10
1713,749,3,2,1199.00,0.00
1714,750,23,1,19.99,0.10
1715,750,35,5,89.99,0.10
1716,751,7,3,849.99,0.00
1717,751,30,1,99.99,0.00
1718,751,12,2,89.99,0.00
1719,751,15,5,129.99,0.00
1720,752,22,3,9.99,0.00
1721,752,12,3,89.99,0.00
1722,752,25,1,349.99,0.00
1723,753,41,2,199.99,0.00
1724,753,20,3,49.99,0.00
1725,753,14,3,39.99,0.00
1726,753,18,3,189.99,0.00
1727,754,15,1,129.99,0.00
1728,755,17,10,449.99,0.10
1729,756,8,1,699.00,0.15
1730,757,31,3,599.99,0.00
1731,757,7,3,849.99,0.10
1732,757,8,1,699.00,0.05
1733,757,15,2,129.99,0.00
1734,757,3,2,1199.00,0.00
1735,758,1,5,899.99,0.00
1736,759,25,1,349.99,0.00
1737,760,29,3,59.99,0.05
1738,760,5,1,999.99,0.00
1739,761,40,3,549.99,0.00
1740,761,11,1,29.99,0.15
1741,762,37,5,299.99,0.10
1742,762,8,1,699.00,0.05
1743,763,40,2,549.99,0.10
1744,763,25,2,349.99,0.05
1745,764,24,1,79.99,0.05
1746,764,15,1,129.99,0.20
1747,765,3,2,1199.00,0.10
1748,766,26,5,199.99,0.00
1749,766,27,2,129.99,0.20
1750,767,16,3,599.99,0.05
1751,767,14,5,39.99,0.10
1752,768,20,1,49.99,0.00
1753,768,14,2,39.99,0.00
1754,769,11,5,29.99,0.00
1755,769,25,5,349.99,0.00
1756,770,10,3,49.99,0.00
1757,770,26,2,199.99,0.00
1758,770,37,5,299.99,0.00
1759,771,3,3,1199.00,0.00
1760,771,7,1,849.99,0.15
1761,772,10,10,49.99,0.00
1762,773,22,1,9.99,0.00
1763,773,12,2,89.99,0.15
1764,774,36,2,109.99,0.05
1765,775,29,5,59.99,0.00
1766,775,7,2,849.99,0.10
1767,775,3,2,1199.00,0.20
1768,775,9,1,799.99,0.00
1769,776,23,5,19.99,0.00
1770,776,22,1,9.99,0.00
1771,776,6,1,999.00,0.00
1772,777,6,1,999.00,0.15
1773,777,23,2,19.99,0.00
1774,777,39,5,399.99,0.00
1775,777,32,1,179.99,0.05
1776,778,17,1,449.99,0.00
1777,778,29,10,59.99,0.05
1778,778,28,2,149.99,0.00
1779,779,20,1,49.99,0.00
1780,779,25,1,349.99,0.05
1781,780,28,3,149.99,0.05
1782,780,27,2,129.99,0.00
1783,780,22,5,9.99,0.15
1784,780,9,1,799.99,0.05
1785,780,23,1,19.99,0.05
1786,781,24,1,79.99,0.05
1787,782,22,1,9.99,0.05
1788,782,40,5,549.99,0.00
1789,782,5,5,999.99,0.10
1790,783,6,2,999.00,0.05
1791,783,12,1,89.99,0.10
1792,783,1,1,899.99,0.05
1793,784,31,5,599.99,0.00
1794,784,19,1,159.99,0.00
1795,784,38,1,14.99,0.00
1796,785,5,3,999.99,0.10
1797,785,13,1,69.99,0.00
1798,785,12,3,89.99,0.00
1799,786,16,1,599.99,0.15
1800,786,34,2,34.99,0.00
1801,787,28,1,149.99,0.10
1802,788,24,2,79.99,0.00
1803,788,39,1,399.99,0.10
1804,789,21,1,12.99,0.00
1805,789,35,2,89.99,0.00
1806,789,13,5,69.99,0.00
1807,790,25,5,349.99,0.10
1808,790,27,1,129.99,0.15
1809,790,2,1,1349.99,0.00
1810,791,14,2,39.99,0.00
1811,791,7,1,849.99,0.00
1812,791,2,1,1349.99,0.10
1813,791,26,5,199.99,0.00
1814,792,32,1,179.99,0.00
1815,792,4,2,1299.99,0.00
1816,792,23,1,19.99,0.15
1817,792,7,3,849.99,0.00
1818,793,40,2,549.99,0.05
1819,793,8,1,699.00,0.00
1820,794,24,2,79.99,0.00
1821,795,31,2,599.99,0.00
1822,795,18,1,189.99,0.00
1823,795,36,1,109.99,0.05
1824,795,22,10,9.99,0.00
1825,796,2,2,1349.99,0.00
1826,796,21,3,12.99,0.05
1827,797,18,3,189.99,0.00
1828,797,5,1,999.99,0.10
1829,797,29,1,59.99,0.00
1830,797,25,2,349.99,0.00
1831,797,13,3,69.99,0.00
1832,798,35,3,89.99,0.05
1833,798,13,10,69.99,0.05
1834,799,19,2,159.99,0.10
1835,799,16,1,599.99,0.00
1836,799,25,1,349.99,0.00
1837,800,10,2,49.99,0.05
1838,800,29,3,59.99,0.00
1839,800,41,1,199.99,0.00
1840,800,25,3,349.99,0.00
1841,801,36,1,109.99,0.10
1842,801,31,2,599.99,0.05
1843,801,24,2,79.99,0.00
1844,801,10,1,49.99,0.10
1845,802,4,5,1299.99,0.00
1846,802,9,1,799.99,0.00
1847,802,32,3,179.99,0.00
1848,802,5,1,999.99,0.00
1849,803,27,2,129.99,0.00
1850,804,17,1,449.99,0.00
1851,805,3,3,1199.00,0.15
1852,805,15,10,129.99,0.00
1853,806,19,1,159.99,0.10
1854,806,32,2,179.99,0.00
1855,807,6,5,999.00,0.05
1856,807,38,3,14.99,0.00
1857,808,24,2,79.99,0.00
1858,809,8,2,699.00,0.00
1859,810,8,1,699.00,0.10
1860,811,14,1,39.99,0.00
1861,811,38,2,14.99,0.05
1862,811,20,5,49.99,0.00
1863,812,32,3,179.99,0.00
1864,812,25,1,349.99,0.10
1865,813,16,5,599.99,0.15
1866,813,5,2,999.99,0.15
1867,813,40,5,549.99,0.15
1868,813,7,1,849.99,0.00
1869,814,24,1,79.99,0.00
1870,814,5,1,999.99,0.00
1871,814,18,2,189.99,0.15
1872,814,27,10,129.99,0.15
1873,814,2,1,1349.99,0.05
1874,815,6,3,999.00,0.00
1875,816,10,1,49.99,0.05
1876,816,14,1,39.99,0.00
1877,817,18,1,189.99,0.00
1878,817,19,2,159.99,0.20
1879,817,31,1,599.99,0.05
1880,818,32,3,179.99,0.10
1881,818,15,1,129.99,0.00
1882,819,36,3,109.99,0.00
1883,819,35,1,89.99,0.00
1884,819,10,2,49.99,0.00
1885,819,21,1,12.99,0.10
1886,820,39,5,399.99,0.00
1887,820,17,1,449.99,0.00
1888,821,41,2,199.99,0.05
1889,821,10,3,49.99,0.00
1890,822,27,10,129.99,0.05
1891,822,8,2,699.00,0.05
1892,823,22,1,9.99,0.10
1893,823,32,1,179.99,0.15
1894,823,8,2,699.00,0.10
1895,824,41,2,199.99,0.00
1896,825,7,1,849.99,0.00
1897,825,32,3,179.99,0.05
1898,825,10,1,49.99,0.10
1899,825,5,1,999.99,0.00
1900,825,20,1,49.99,0.00
1901,826,23,1,19.99,0.05
1902,826,26,1,199.99,0.00
1903,827,32,2,179.99,0.00
1904,827,3,1,1199.00,0.00
1905,828,23,10,19.99,0.00
1906,828,32,10,179.99,0.10
1907,829,41,1,199.99,0.00
1908,829,7,2,849.99,0.00
1909,829,30,1,99.99,0.05
1910,830,38,2,14.99,0.05
1911,830,2,2,1349.99,0.05
1912,830,33,1,249.99,0.15
1913,831,29,5,59.99,0.00
1914,831,19,2,159.99,0.00
1915,832,25,3,349.99,0.10
1916,833,38,3,14.99,0.15
1917,833,32,1,179.99,0.00
1918,833,15,1,129.99,0.20
1919,833,29,2,59.99,0.00
1920,834,24,2,79.99,0.00
1921,834,41,2,199.99,0.10
1922,834,35,1,89.99,0.00
1923,834,7,5,849.99,0.05
1924,835,2,1,1349.99,0.05
1925,836,5,10,999.99,0.05
1926,837,26,1,199.99,0.05
1927,837,1,1,899.99,0.05
1928,838,16,3,599.99,0.00
1929,838,31,2,599.99,0.00
1930,839,10,1,49.99,0.10
1931,839,9,2,799.99,0.20
1932,839,33,1,249.99,0.00
1933,840,27,1,129.99,0.00
1934,840,4,1,1299.99,0.00
1935,840,28,3,149.99,0.00
1936,841,33,2,249.99,0.10
1937,841,27,1,129.99,0.05
1938,842,6,3,999.00,0.10
1939,843,22,2,9.99,0.15
1940,843,20,5,49.99,0.00
1941,843,35,2,89.99,0.10
1942,844,37,1,299.99,0.05
1943,844,9,10,799.99,0.05
1944,844,31,2,599.99,0.00
1945,845,21,5,12.99,0.05
1946,846,39,2,399.99,0.05
1947,847,24,3,79.99,0.05
1948,848,19,1,159.99,0.10
1949,848,41,3,199.99,0.00
1950,848,16,2,599.99,0.00
1951,849,10,2,49.99,0.00
1952,849,17,10,449.99,0.10
1953,850,36,3,109.99,0.05
1954,850,38,2,14.99,0.00
1955,851,8,1,699.00,0.00
1956,851,9,3,799.99,0.00
1957,852,28,1,149.99,0.15
1958,853,28,1,149.99,0.00
1959,854,2,2,1349.99,0.00
1960,855,11,2,29.99,0.05
1961,855,6,10,999.00,0.10
1962,856,12,1,89.99,0.00
1963,856,15,2,129.99,0.00
1964,857,29,2,59.99,0.10
1965,858,32,2,179.99,0.15
1966,859,14,1,39.99,0.00
1967,859,24,3,79.99,0.05
1968,860,19,5,159.99,0.00
1969,861,2,1,1349.99,0.00
1970,862,17,1,449.99,0.00
1971,863,34,3,34.99,0.20
1972,863,13,1,69.99,0.10
1973,864,6,2,999.00,0.00
1974,865,27,1,129.99,0.05
1975,866,12,2,89.99,0.00
1976,866,19,1,159.99,0.00
1977,866,36,10,109.99,0.05
1978,867,30,3,99.99,0.10
1979,867,36,1,109.99,0.15
1980,868,2,2,1349.99,0.00
1981,868,33,1,249.99,0.00
1982,869,18,1,189.99,0.00
1983,869,30,1,99.99,0.00
1984,870,30,2,99.99,0.00
1985,871,34,3,34.99,0.05
1986,871,23,3,19.99,0.00
1987,872,3,1,1199.00,0.05
1988,873,24,1,79.99,0.00
1989,873,2,1,1349.99,0.00
1990,874,20,1,49.99,0.15
1991,874,26,5,199.99,0.00
1992,874,16,1,599.99,0.10
1993,875,10,5,49.99,0.15
1994,876,28,1,149.99,0.10
1995,876,5,2,999.99,0.00
1996,876,39,10,399.99,0.10
1997,877,7,1,849.99,0.10
1998,878,26,1,199.99,0.05
1999,879,29,2,59.99,0.05
2000,879,32,2,179.99,0.05
2001,880,22,1,9.99,0.00
2002,880,29,5,59.99,0.00
2003,880,41,1,199.99,0.00
2004,881,27,2,129.99,0.05
2005,881,10,10,49.99,0.00
2006,882,30,5,99.99,0.00
2007,883,24,10,79.99,0.00
2008,883,31,2,599.99,0.15
2009,884,38,3,14.99,0.10
2010,884,34,1,34.99,0.10
2011,884,18,2,189.99,0.00
2012,885,20,1,49.99,0.10
2013,885,17,5,449.99,0.00
2014,885,7,5,849.99,0.15
2015,885,10,2,49.99,0.05
2016,885,36,2,109.99,0.00
2017,886,5,2,999.99,0.00
2018,886,21,2,12.99,0.20
2019,886,4,1,1299.99,0.00
2020,886,28,1,149.99,0.00
2021,887,19,3,159.99,0.00
2022,887,16,2,599.99,0.05
2023,887,40,5,549.99,0.00
2024,888,10,1,49.99,0.00
2025,888,4,10,1299.99,0.00
2026,888,1,2,899.99,0.10
2027,888,31,1,599.99,0.05
2028,889,3,1,1199.00,0.15
2029,889,40,3,549.99,0.15
2030,890,40,1,549.99,0.00
2031,891,39,1,399.99,0.00
2032,892,33,1,249.99,0.10
2033,892,20,2,49.99,0.10
2034,893,10,3,49.99,0.00
2035,894,5,1,999.99,0.00
2036,895,36,5,109.99,0.05
2037,895,38,1,14.99,0.00
2038,895,20,1,49.99,0.00
2039,895,14,3,39.99,0.10
2040,896,21,3,12.99,0.10
2041,896,29,3,59.99,0.05
2042,896,9,10,799.99,0.10
2043,897,32,1,179.99,0.15
2044,897,22,1,9.99,0.05
2045,898,24,3,79.99,0.10
2046,899,14,1,39.99,0.05
2047,899,10,3,49.99,0.05
2048,900,28,2,149.99,0.10
2049,900,3,2,1199.00,0.05
2050,901,5,3,999.99,0.00
2051,901,31,2,599.99,0.15
2052,902,3,3,1199.00,0.05
2053,903,29,1,59.99,0.00
2054,904,27,2,129.99,0.20
2055,904,2,3,1349.99,0.05
2056,905,36,1,109.99,0.00
2057,906,13,2,69.99,0.00
2058,906,1,2,899.99,0.15
2059,907,17,5,449.99,0.00
2060,907,27,1,129.99,0.00
2061,907,11,5,29.99,0.00
2062,908,1,10,899.99,0.00
2063,908,16,2,599.99,0.00
2064,908,5,3,999.99,0.10
2065,908,18,2,189.99,0.00
2066,909,25,2,349.99,0.00
2067,909,13,1,69.99,0.15
2068,910,35,2,89.99,0.15
2069,910,13,2,69.99,0.00
2070,911,14,2,39.99,0.00
2071,911,11,2,29.99,0.05
2072,911,13,10,69.99,0.10
2073,912,24,5,79.99,0.00
2074,912,13,1,69.99,0.05
2075,913,21,1,12.99,0.00
2076,913,30,2,99.99,0.10
2077,913,6,2,999.00,0.00
2078,914,41,1,199.99,0.00
2079,915,9,10,799.99,0.00
2080,915,17,3,449.99,0.20
2081,915,25,10,349.99,0.00
2082,916,12,3,89.99,0.15
2083,917,22,1,9.99,0.10
2084,917,21,1,12.99,0.00
2085,917,8,3,699.00,0.05
2086,917,12,2,89.99,0.15
2087,917,37,3,299.99,0.05
2088,918,26,3,199.99,0.00
2089,919,38,1,14.99,0.15
2090,920,36,5,109.99,0.00
2091,921,2,2,1349.99,0.10
2092,922,27,1,129.99,0.05
2093,923,4,1,1299.99,0.05
2094,923,28,1,149.99,0.05
2095,924,16,2,599.99,0.15
2096,925,38,1,14.99,0.00
2097,926,9,10,799.99,0.10
2098,926,3,3,1199.00,0.05
2099,926,15,1,129.99,0.00
2100,927,27,1,129.99,0.00
2101,927,7,3,849.99,0.10
2102,927,22,5,9.99,0.00
2103,928,41,1,199.99,0.00
2104,929,18,1,189.99,0.00
2105,929,28,2,149.99,0.00
2106,930,10,2,49.99,0.00
2107,930,19,3,159.99,0.05
2108,930,18,2,189.99,0.00
2109,930,12,2,89.99,0.00
2110,931,15,2,129.99,0.00
2111,932,10,1,49.99,0.00
2112,932,8,1,699.00,0.00
2113,933,7,5,849.99,0.00
2114,933,16,1,599.99,0.20
2115,934,32,10,179.99,0.00
2116,935,31,1,599.99,0.10
2117,935,13,3,69.99,0.00
2118,936,39,1,399.99,0.00
2119,936,37,1,299.99,0.00
2120,936,23,1,19.99,0.00
2121,937,2,1,1349.99,0.15
2122,937,5,1,999.99,0.00
2123,937,7,10,849.99,0.00
2124,937,37,2,299.99,0.20
2125,937,9,2,799.99,0.00
2126,938,27,5,129.99,0.15
2127,938,8,1,699.00,0.15
2128,938,18,2,189.99,0.00
2129,938,38,1,14.99,0.05
2130,939,11,2,29.99,0.05
2131,940,22,1,9.99,0.05
2132,940,7,5,849.99,0.00
2133,941,2,2,1349.99,0.05
2134,941,7,1,849.99,0.10
2135,941,41,1,199.99,0.00
2136,942,29,1,59.99,0.00
2137,943,20,3,49.99,0.00
2138,943,28,1,149.99,0.00
2139,943,10,1,49.99,0.00
2140,943,5,3,999.99,0.00
2141,944,11,3,29.99,0.10
2142,944,18,5,189.99,0.05
2143,945,39,2,399.99,0.00
2144,945,35,2,89.99,0.00
2145,946,2,1,1349.99,0.10
2146,946,13,2,69.99,0.00
2147,946,26,2,199.99,0.10
2148,947,36,3,109.99,0.10
2149,947,31,1,599.99,0.00
2150,947,26,5,199.99,0.10
2151,947,38,1,14.99,0.00
2152,948,35,1,89.99,0.00
2153,948,6,1,999.00,0.00
2154,949,41,1,199.99,0.00
2155,950,30,10,99.99,0.00
2156,950,11,1,29.99,0.00
2157,950,18,1,189.99,0.05
2158,951,41,1,199.99,0.00
2159,951,38,10,14.99,0.00
2160,951,6,3,999.00,0.05
2161,952,23,2,19.99,0.10
2162,952,21,2,12.99,0.00
2163,952,25,1,349.99,0.00
2164,953,34,5,34.99,0.00
2165,954,31,2,599.99,0.00
2166,954,3,1,1199.00,0.00
2167,955,34,1,34.99,0.00
2168,956,21,2,12.99,0.00
2169,956,24,3,79.99,0.10
2170,957,14,1,39.99,0.05
2171,958,41,1,199.99,0.00
2172,958,34,3,34.99,0.15
2173,958,12,5,89.99,0.00
2174,959,17,10,449.99,0.05
2175,960,13,2,69.99,0.00
2176,960,34,1,34.99,0.05
2177,961,20,1,49.99,0.00
2178,961,27,5,129.99,0.10
2179,962,17,1,449.99,0.15
2180,963,24,2,79.99,0.00
2181,963,19,2,159.99,0.00
2182,963,3,2,1199.00,0.00
2183,963,12,10,89.99,0.15
2184,964,19,2,159.99,0.20
2185,965,16,2,599.99,0.05
2186,966,4,1,1299.99,0.05
2187,966,22,1,9.99,0.15
2188,967,34,2,34.99,0.15
2189,967,17,1,449.99,0.10
2190,968,8,1,699.00,0.20
2191,968,35,1,89.99,0.00
2192,969,3,3,1199.00,0.00
2193,969,27,10,129.99,0.20
2194,969,5,1,999.99,0.20
2195,969,6,5,999.00,0.10
2196,969,40,3,549.99,0.05
2197,970,38,3,14.99,0.00
2198,970,7,1,849.99,0.05
2199,970,22,5,9.99,0.00
2200,971,39,1,399.99,0.10
2201,972,23,5,19.99,0.00
2202,972,9,2,799.99,0.10
2203,973,26,2,199.99,0.00
2204,974,11,2,29.99,0.00
2205,974,14,1,39.99,0.00
2206,974,39,1,399.99,0.00
2207,975,35,2,89.99,0.10
2208,976,28,1,149.99,0.00
2209,976,3,3,1199.00,0.00
2210,976,34,1,34.99,0.00
2211,976,7,10,849.99,0.05
2212,977,2,1,1349.99,0.15
2213,977,25,1,349.99,0.20
2214,977,10,3,49.99,0.00
2215,977,30,1,99.99,0.00
2216,978,32,3,179.99,0.05
2217,978,28,1,149.99,0.00
2218,979,36,1,109.99,0.05
2219,980,36,2,109.99,0.00
2220,980,34,2,34.99,0.05
2221,980,9,1,799.99,0.00
2222,981,37,3,299.99,0.10
2223,981,38,1,14.99,0.00
2224,982,39,3,399.99,0.05
2225,983,19,3,159.99,0.10
2226,983,36,2,109.99,0.10
2227,983,39,5,399.99,0.00
2228,984,37,1,299.99,0.05
2229,984,16,1,599.99,0.10
2230,985,13,1,69.99,0.10
2231,986,4,2,1299.99,0.00
2232,986,27,2,129.99,0.00
2233,987,12,1,89.99,0.15
2234,987,14,3,39.99,0.05
2235,988,34,1,34.99,0.15
2236,989,27,2,129.99,0.00
2237,989,8,2,699.00,0.10
2238,989,10,1,49.99,0.05
2239,989,37,1,299.99,0.05
2240,990,27,1,129.99,0.10
2241,990,41,1,199.99,0.00
2242,991,34,1,34.99,0.00
2243,992,16,3,599.99,0.00
2244,992,38,2,14.99,0.05
2245,993,1,2,899.99,0.05
2246,994,25,2,349.99,0.00
2247,995,4,1,1299.99,0.05
2248,995,5,1,999.99,0.05
2249,995,25,1,349.99,0.10
2250,995,34,1,34.99,0.00
2251,996,27,1,129.99,0.10
2252,996,41,1,199.99,0.00
2253,997,29,5,59.99,0.10
2254,998,6,3,999.00,0.00
2255,999,39,1,399.99,0.10
2256,1000,13,10,69.99,0.00
2257,1000,30,3,99.99,0.00
2258,1000,15,1,129.99,0.20
2259,1000,6,1,999.00,0.05
2260,1000,9,1,799.99,0.00
2261,1001,28,1,149.99,0.05
2262,1002,8,1,699.00,0.00
2263,1002,13,2,69.99,0.00
2264,1003,10,1,49.99,0.00
2265,1003,26,3,199.99,0.00
2266,1004,31,2,599.99,0.15
2267,1005,1,3,899.99,0.05
2268,1006,17,5,449.99,0.00
2269,1006,34,2,34.99,0.00
2270,1007,15,1,129.99,0.00
2271,1007,35,2,89.99,0.05
2272,1008,2,2,1349.99,0.05
2273,1008,32,10,179.99,0.00
2274,1008,38,3,14.99,0.00
2275,1008,35,5,89.99,0.00
2276,1008,41,2,199.99,0.10
2277,1009,6,1,999.00,0.05
2278,1009,11,1,29.99,0.00
2279,1010,29,2,59.99,0.00
2280,1010,7,1,849.99,0.00
2281,1011,26,3,199.99,0.20
2282,1011,30,2,99.99,0.05
2283,1012,2,5,1349.99,0.00
2284,1012,11,1,29.99,0.00
2285,1012,9,2,799.99,0.10
2286,1013,33,1,249.99,0.05
2287,1013,19,3,159.99,0.05
2288,1013,9,2,799.99,0.00
2289,1014,3,1,1199.00,0.05
2290,1014,29,2,59.99,0.00
2291,1014,6,2,999.00,0.20
2292,1014,23,1,19.99,0.15
2293,1014,12,2,89.99,0.00
2294,1015,35,1,89.99,0.00
2295,1015,32,2,179.99,0.15
2296,1016,37,2,299.99,0.10
2297,1016,13,3,69.99,0.05
2298,1017,24,5,79.99,0.05
2299,1017,4,5,1299.99,0.10
2300,1017,18,1,189.99,0.10
2301,1018,35,1,89.99,0.10
2302,1019,13,1,69.99,0.10
2303,1019,9,1,799.99,0.05
2304,1020,15,10,129.99,0.15
2305,1020,13,5,69.99,0.00
2306,1020,35,1,89.99,0.00
2307,1021,31,10,599.99,0.00
2308,1021,12,5,89.99,0.00
2309,1021,22,2,9.99,0.00
2310,1021,25,2,349.99,0.05
2311,1021,11,1,29.99,0.15
2312,1022,32,1,179.99,0.05
2313,1022,34,3,34.99,0.10
2314,1022,17,1,449.99,0.00
2315,1022,25,1,349.99,0.00
2316,1022,36,2,109.99,0.15
2317,1023,31,1,599.99,0.05
2318,1023,11,3,29.99,0.05
2319,1024,21,2,12.99,0.00
2320,1024,19,1,159.99,0.00
2321,1025,34,1,34.99,0.00
2322,1025,7,5,849.99,0.00
2323,1026,19,3,159.99,0.00
2324,1026,6,1,999.00,0.05
2325,1026,3,10,1199.00,0.05
2326,1027,1,1,899.99,0.10
2327,1027,18,2,189.99,0.15
2328,1027,24,1,79.99,0.00
2329,1028,4,5,1299.99,0.05
2330,1028,21,2,12.99,0.10
2331,1029,33,2,249.99,0.00
2332,1029,22,2,9.99,0.20
2333,1029,18,3,189.99,0.00
2334,1030,8,1,699.00,0.15
2335,1030,6,5,999.00,0.00
2336,1030,28,3,149.99,0.00
2337,1030,22,1,9.99,0.05
2338,1030,2,1,1349.99,0.20
2339,1031,21,1,12.99,0.00
2340,1031,5,1,999.99,0.00
2341,1031,14,2,39.99,0.05
2342,1032,25,2,349.99,0.10
2343,1032,38,1,14.99,0.20
2344,1033,19,1,159.99,0.00
2345,1033,27,1,129.99,0.05
2346,1034,34,3,34.99,0.00
2347,1034,14,1,39.99,0.00
2348,1034,12,1,89.99,0.10
2349,1034,35,1,89.99,0.00
2350,1034,7,1,849.99,0.00
2351,1035,36,2,109.99,0.00
2352,1036,12,2,89.99,0.00
2353,1036,23,3,19.99,0.00
2354,1037,21,2,12.99,0.10
2355,1037,10,2,49.99,0.00
2356,1037,40,5,549.99,0.05
2357,1037,6,3,999.00,0.00
2358,1038,5,2,999.99,0.00
2359,1038,30,3,99.99,0.10
2360,1039,12,1,89.99,0.05
2361,1040,28,1,149.99,0.05
2362,1040,21,1,12.99,0.15
2363,1040,38,1,14.99,0.00
2364,1040,5,10,999.99,0.10
2365,1040,41,5,199.99,0.05
2366,1041,30,1,99.99,0.00
2367,1041,32,1,179.99,0.00
2368,1041,15,1,129.99,0.15
2369,1042,29,2,59.99,0.10
2370,1043,22,1,9.99,0.15
2371,1044,21,2,12.99,0.05
2372,1044,9,5,799.99,0.00
2373,1045,26,1,199.99,0.00
2374,1045,4,1,1299.99,0.10
2375,1045,36,2,109.99,0.10
2376,1046,14,2,39.99,0.00
2377,1046,24,1,79.99,0.05
2378,1047,13,10,69.99,0.00
2379,1047,2,1,1349.99,0.00
2380,1047,18,2,189.99,0.10
2381,1048,37,3,299.99,0.10
2382,1048,6,2,999.00,0.00
2383,1048,2,1,1349.99,0.00
2384,1048,10,2,49.99,0.05
2385,1048,11,3,29.99,0.00
2386,1049,14,2,39.99,0.05
2387,1049,38,1,14.99,0.00
2388,1050,30,1,99.99,0.10
2389,1050,27,2,129.99,0.00
2390,1050,9,1,799.99,0.00
2391,1050,4,5,1299.99,0.00
2392,1051,34,1,34.99,0.05
2393,1051,29,3,59.99,0.00
2394,1051,16,2,599.99,0.00
2395,1052,20,3,49.99,0.00
2396,1052,34,1,34.99,0.00
2397,1052,7,3,849.99,0.05
2398,1052,10,2,49.99,0.00
2399,1053,19,1,159.99,0.00
2400,1054,5,3,999.99,0.05
2401,1054,1,1,899.99,0.10
2402,1054,14,2,39.99,0.10
2403,1055,23,2,19.99,0.05
2404,1056,5,5,999.99,0.10
2405,1057,11,1,29.99,0.00
2406,1057,31,1,599.99,0.05
2407,1058,2,1,1349.99,0.00
2408,1058,27,2,129.99,0.15
2409,1058,15,1,129.99,0.00
2410,1058,9,5,799.99,0.10
2411,1059,16,1,599.99,0.00
2412,1060,29,5,59.99,0.00
2413,1060,24,1,79.99,0.00
2414,1060,28,2,149.99,0.20
2415,1061,7,3,849.99,0.00
2416,1061,9,2,799.99,0.00
2417,1062,2,3,1349.99,0.10
2418,1063,32,1,179.99,0.00
2419,1063,11,1,29.99,0.10
2420,1063,28,1,149.99,0.00
2421,1063,34,2,34.99,0.15
2422,1064,29,1,59.99,0.00
2423,1065,34,10,34.99,0.00
2424,1066,28,1,149.99,0.05
2425,1067,2,1,1349.99,0.05
2426,1068,11,5,29.99,0.10
2427,1068,29,5,59.99,0.00
2428,1069,31,1,599.99,0.00
2429,1070,2,3,1349.99,0.00
2430,1070,5,2,999.99,0.05
2431,1071,35,1,89.99,0.10
2432,1071,36,3,109.99,0.15
2433,1072,5,2,999.99,0.05
2434,1072,21,3,12.99,0.00
2435,1072,12,3,89.99,0.10
2436,1072,3,5,1199.00,0.00
2437,1072,17,2,449.99,0.20
2438,1073,27,2,129.99,0.00
2439,1073,25,2,349.99,0.00
2440,1073,39,1,399.99,0.00
2441,1074,21,1,12.99,0.05
2442,1074,28,2,149.99,0.05
2443,1074,12,1,89.99,0.05
2444,1075,11,1,29.99,0.00
2445,1075,28,2,149.99,0.15
2446,1075,9,3,799.99,0.00
2447,1075,2,2,1349.99,0.10
2448,1076,35,5,89.99,0.10
2449,1077,38,5,14.99,0.15
2450,1077,29,1,59.99,0.00
2451,1078,33,1,249.99,0.10
2452,1079,8,2,699.00,0.15
2453,1080,33,2,249.99,0.00
2454,1080,24,1,79.99,0.10
2455,1081,12,3,89.99,0.00
2456,1082,11,2,29.99,0.00
2457,1083,10,5,49.99,0.05
2458,1083,30,3,99.99,0.05
2459,1083,26,1,199.99,0.00
2460,1083,38,1,14.99,0.10
2461,1084,3,5,1199.00,0.05
2462,1084,32,1,179.99,0.00
2463,1085,30,2,99.99,0.15
2464,1086,27,1,129.99,0.05
2465,1086,41,3,199.99,0.15
2466,1086,19,2,159.99,0.00
2467,1086,40,2,549.99,0.00
2468,1087,23,2,19.99,0.00
2469,1088,15,1,129.99,0.00
2470,1088,18,2,189.99,0.20
2471,1088,35,1,89.99,0.00
2472,1088,26,10,199.99,0.05
2473,1088,33,2,249.99,0.00
2474,1089,8,2,699.00,0.00
2475,1089,38,3,14.99,0.00
2476,1089,16,2,599.99,0.00
2477,1089,23,2,19.99,0.00
2478,1089,39,1,399.99,0.00
2479,1090,2,1,1349.99,0.20
2480,1090,11,3,29.99,0.00
2481,1091,19,2,159.99,0.10
2482,1091,18,2,189.99,0.10
2483,1091,2,5,1349.99,0.15
2484,1091,37,1,299.99,0.05
2485,1092,35,10,89.99,0.10
2486,1093,27,3,129.99,0.00
2487,1093,34,1,34.99,0.00
2488,1094,35,3,89.99,0.00
2489,1094,40,10,549.99,0.00
2490,1095,6,1,999.00,0.00
2491,1095,21,1,12.99,0.05
2492,1096,31,10,599.99,0.00
2493,1097,4,1,1299.99,0.05
2494,1098,9,1,799.99,0.05
2495,1099,37,1,299.99,0.00
2496,1100,18,2,189.99,0.00
2497,1100,36,2,109.99,0.00
2498,1100,40,3,549.99,0.15
2499,1100,28,1,149.99,0.15
2500,1100,32,2,179.99,0.00
2501,1101,15,3,129.99,0.00
2502,1101,13,1,69.99,0.15
2503,1101,33,1,249.99,0.10
2504,1102,19,1,159.99,0.05
2505,1102,4,2,1299.99,0.00
2506,1103,12,1,89.99,0.00
2507,1104,20,3,49.99,0.05
2508,1104,26,1,199.99,0.00
2509,1104,9,1,799.99,0.10
2510,1105,35,1,89.99,0.15
2511,1105,34,2,34.99,0.00
2512,1105,41,2,199.99,0.20
2513,1105,25,2,349.99,0.00
2514,1105,4,2,1299.99,0.00
2515,1106,1,10,899.99,0.00
2516,1106,18,1,189.99,0.00
2517,1106,29,3,59.99,0.00
2518,1106,9,3,799.99,0.15
2519,1107,15,1,129.99,0.05
2520,1107,28,1,149.99,0.10
2521,1108,17,1,449.99,0.00
2522,1108,33,2,249.99,0.05
2523,1109,18,1,189.99,0.00
2524,1109,4,2,1299.99,0.00
2525,1109,3,1,1199.00,0.00
2526,1109,28,5,149.99,0.00
2527,1109,17,5,449.99,0.00
2528,1110,32,2,179.99,0.15
2529,1110,40,1,549.99,0.00
2530,1110,6,2,999.00,0.05
2531,1111,35,3,89.99,0.15
2532,1111,25,1,349.99,0.00
2533,1111,11,2,29.99,0.10
2534,1112,41,1,199.99,0.00
2535,1113,15,3,129.99,0.15
2536,1113,22,1,9.99,0.15
2537,1114,29,2,59.99,0.00
2538,1114,31,2,599.99,0.20
2539,1114,33,1,249.99,0.00
2540,1114,19,2,159.99,0.00
2541,1115,5,1,999.99,0.10
2542,1115,31,2,599.99,0.00
2543,1115,39,2,399.99,0.10
2544,1115,40,3,549.99,0.05
2545,1116,17,3,449.99,0.10
2546,1116,35,2,89.99,0.00
2547,1117,4,2,1299.99,0.10
2548,1117,20,3,49.99,0.00
2549,1117,21,3,12.99,0.05
2550,1118,35,1,89.99,0.00
2551,1118,25,2,349.99,0.00
2552,1118,17,2,449.99,0.05
2553,1118,12,1,89.99,0.10
2554,1118,18,1,189.99,0.00
2555,1119,37,1,299.99,0.00
2556,1120,8,1,699.00,0.00
2557,1121,30,1,99.99,0.00
2558,1121,28,1,149.99,0.10
2559,1122,8,1,699.00,0.00
2560,1122,1,1,899.99,0.10
2561,1122,36,1,109.99,0.15
2562,1123,6,2,999.00,0.00
2563,1123,38,2,14.99,0.00
2564,1124,38,3,14.99,0.10
2565,1124,21,1,12.99,0.00
2566,1125,18,5,189.99,0.20
2567,1126,28,1,149.99,0.00
2568,1126,25,2,349.99,0.15
2569,1126,18,1,189.99,0.00
2570,1127,29,2,59.99,0.00
2571,1128,34,1,34.99,0.10
2572,1128,40,3,549.99,0.00
2573,1129,40,1,549.99,0.05
2574,1129,26,3,199.99,0.05
2575,1130,34,10,34.99,0.05
2576,1131,12,2,89.99,0.00
2577,1131,24,2,79.99,0.00
2578,1132,23,3,19.99,0.05
2579,1132,30,2,99.99,0.10
2580,1133,37,1,299.99,0.00
2581,1134,30,2,99.99,0.00
2582,1134,32,1,179.99,0.00
2583,1134,19,2,159.99,0.10
2584,1134,6,2,999.00,0.00
2585,1134,9,1,799.99,0.10
2586,1135,22,2,9.99,0.10
2587,1135,33,5,249.99,0.15
2588,1135,38,1,14.99,0.10
2589,1135,5,1,999.99,0.00
2590,1136,28,3,149.99,0.00
2591,1137,37,1,299.99,0.10
2592,1138,4,1,1299.99,0.10
2593,1138,30,1,99.99,0.15
2594,1139,18,1,189.99,0.05
2595,1139,1,5,899.99,0.10
2596,1139,4,1,1299.99,0.05
2597,1140,35,1,89.99,0.00
2598,1140,24,3,79.99,0.15
2599,1141,1,1,899.99,0.00
2600,1141,40,3,549.99,0.20
2601,1142,24,1,79.99,0.10
2602,1143,28,1,149.99,0.00
2603,1143,38,10,14.99,0.00
2604,1144,36,1,109.99,0.05
2605,1144,21,3,12.99,0.05
2606,1144,19,2,159.99,0.05
2607,1145,31,3,599.99,0.00
2608,1146,31,1,599.99,0.00
2609,1147,22,1,9.99,0.00
2610,1148,19,10,159.99,0.10
2611,1148,14,3,39.99,0.00
2612,1149,34,1,34.99,0.15
2613,1150,17,5,449.99,0.05
2614,1150,20,2,49.99,0.20
2615,1151,20,5,49.99,0.05
2616,1151,26,1,199.99,0.00
2617,1152,23,1,19.99,0.00
2618,1152,6,1,999.00,0.00
2619,1153,3,2,1199.00,0.00
2620,1153,32,1,179.99,0.20
2621,1154,33,1,249.99,0.20
2622,1154,25,1,349.99,0.00
2623,1155,11,2,29.99,0.05
2624,1155,41,5,199.99,0.00
2625,1155,2,5,1349.99,0.00
2626,1156,29,5,59.99,0.10
2627,1157,4,1,1299.99,0.00
2628,1157,6,5,999.00,0.15
2629,1158,40,1,549.99,0.00
2630,1158,22,10,9.99,0.00
2631,1159,23,2,19.99,0.05
2632,1159,38,5,14.99,0.05
2633,1160,20,1,49.99,0.15
2634,1160,1,1,899.99,0.00
2635,1161,19,1,159.99,0.05
2636,1161,5,1,999.99,0.00
2637,1161,35,2,89.99,0.15
2638,1162,24,1,79.99,0.00
2639,1162,37,1,299.99,0.00
2640,1162,22,10,9.99,0.05
2641,1163,36,1,109.99,0.00
2642,1163,4,1,1299.99,0.10
2643,1163,5,5,999.99,0.20
2644,1163,35,2,89.99,0.05
2645,1164,20,5,49.99,0.00
2646,1164,38,1,14.99,0.00
2647,1164,24,3,79.99,0.10
2648,1165,32,1,179.99,0.00
2649,1166,12,1,89.99,0.00
2650,1166,38,5,14.99,0.10
2651,1167,3,2,1199.00,0.05
2652,1168,35,2,89.99,0.00
2653,1168,36,1,109.99,0.15
2654,1168,27,1,129.99,0.00
2655,1169,30,2,99.99,0.20
2656,1169,22,2,9.99,0.15
2657,1169,37,5,299.99,0.00
2658,1170,16,2,599.99,0.10
2659,1171,12,1,89.99,0.20
2660,1171,5,5,999.99,0.05
2661,1172,15,1,129.99,0.00
2662,1172,36,10,109.99,0.00
2663,1172,1,3,899.99,0.10
2664,1173,32,2,179.99,0.05
2665,1173,1,2,899.99,0.10
2666,1174,38,5,14.99,0.05
2667,1175,34,3,34.99,0.10
2668,1175,3,3,1199.00,0.15
2669,1176,25,2,349.99,0.00
2670,1177,20,1,49.99,0.10
2671,1177,4,1,1299.99,0.00
2672,1177,7,2,849.99,0.05
2673,1177,33,2,249.99,0.05
2674,1177,9,3,799.99,0.00
2675,1178,14,2,39.99,0.20
2676,1178,9,1,799.99,0.05
2677,1178,34,1,34.99,0.00
2678,1178,8,1,699.00,0.05
2679,1178,5,1,999.99,0.00
2680,1179,9,5,799.99,0.00
2681,1179,29,5,59.99,0.00
2682,1179,32,3,179.99,0.00
2683,1179,23,3,19.99,0.00
2684,1180,4,1,1299.99,0.10
2685,1181,7,1,849.99,0.00
2686,1181,40,1,549.99,0.00
2687,1181,35,2,89.99,0.00
2688,1181,15,5,129.99,0.05
2689,1182,11,1,29.99,0.10
2690,1182,38,1,14.99,0.10
2691,1182,34,3,34.99,0.10
2692,1182,14,1,39.99,0.00
2693,1183,32,1,179.99,0.00
2694,1184,26,3,199.99,0.15
2695,1184,30,1,99.99,0.05
2696,1184,3,1,1199.00,0.00
2697,1184,25,1,349.99,0.00
2698,1184,15,3,129.99,0.00
2699,1185,39,2,399.99,0.00
2700,1185,13,1,69.99,0.05
2701,1185,15,1,129.99,0.00
2702,1186,10,1,49.99,0.10
2703,1187,21,2,12.99,0.00
2704,1187,18,2,189.99,0.05
2705,1188,7,1,849.99,0.00
2706,1188,40,1,549.99,0.10
2707,1188,27,1,129.99,0.05
2708,1189,9,3,799.99,0.20
2709,1190,35,1,89.99,0.00
2710,1191,24,2,79.99,0.00
2711,1191,34,3,34.99,0.00
2712,1191,32,2,179.99,0.10
2713,1192,18,1,189.99,0.00
2714,1192,41,10,199.99,0.00
2715,1193,33,2,249.99,0.15
2716,1193,25,1,349.99,0.00
2717,1193,5,1,999.99,0.00
2718,1194,20,1,49.99,0.00
2719,1194,33,3,249.99,0.05
2720,1195,12,1,89.99,0.15
2721,1195,8,1,699.00,0.00
2722,1195,16,3,599.99,0.05
2723,1196,17,2,449.99,0.05
2724,1197,21,1,12.99,0.10
2725,1197,20,2,49.99,0.00
2726,1198,2,5,1349.99,0.10
2727,1198,35,5,89.99,0.00
2728,1198,8,1,699.00,0.00
2729,1198,32,2,179.99,0.00
2730,1199,12,3,89.99,0.00
2731,1199,28,3,149.99,0.05
2732,1199,33,2,249.99,0.00
2733,1200,2,3,1349.99,0.15
2734,1200,34,3,34.99,0.00
2735,1200,27,2,129.99,0.00
2736,1201,8,5,699.00,0.05
2737,1201,18,1,189.99,0.10
2738,1202,24,1,79.99,0.05
2739,1203,9,1,799.99,0.00
2740,1204,15,2,129.99,0.00
2741,1204,37,5,299.99,0.10
2742,1205,13,1,69.99,0.10
2743,1205,8,2,699.00,0.00
2744,1205,25,5,349.99,0.00
2745,1205,40,2,549.99,0.05
2746,1206,40,3,549.99,0.15
2747,1206,23,2,19.99,0.15
2748,1207,40,1,549.99,0.05
2749,1208,15,1,129.99,0.00
2750,1208,23,2,19.99,0.20
2751,1208,9,2,799.99,0.00
2752,1209,8,3,699.00,0.10
2753,1209,33,1,249.99,0.00
2754,1210,36,10,109.99,0.10
2755,1210,15,10,129.99,0.00
2756,1210,41,3,199.99,0.05
2757,1211,21,3,12.99,0.00
2758,1211,29,1,59.99,0.20
2759,1212,2,3,1349.99,0.00
2760,1212,41,10,199.99,0.00
2761,1212,7,10,849.99,0.15
2762,1213,12,1,89.99,0.10
2763,1213,23,2,19.99,0.20
2764,1213,26,1,199.99,0.05
2765,1213,4,5,1299.99,0.00
2766,1214,8,1,699.00,0.10
2767,1214,35,1,89.99,0.10
2768,1214,4,1,1299.99,0.05
2769,1214,18,1,189.99,0.05
2770,1215,5,2,999.99,0.00
2771,1215,15,3,129.99,0.05
2772,1215,25,1,349.99,0.10
2773,1215,12,2,89.99,0.00
2774,1216,37,3,299.99,0.15
2775,1216,5,2,999.99,0.00
2776,1217,22,1,9.99,0.15
2777,1217,28,1,149.99,0.10
2778,1217,18,2,189.99,0.00
2779,1218,1,1,899.99,0.00
2780,1218,9,10,799.99,0.05
2781,1219,10,5,49.99,0.05
2782,1219,20,3,49.99,0.00
2783,1219,5,5,999.99,0.00
2784,1220,14,1,39.99,0.00
2785,1220,5,2,999.99,0.00
2786,1221,30,10,99.99,0.05
2787,1221,22,2,9.99,0.05
2788,1221,37,1,299.99,0.10
2789,1222,8,1,699.00,0.10
2790,1222,39,1,399.99,0.00
2791,1223,10,1,49.99,0.00
2792,1224,19,2,159.99,0.10
2793,1224,37,1,299.99,0.00
2794,1225,35,2,89.99,0.00
2795,1225,28,2,149.99,0.00
2796,1226,28,1,149.99,0.00
2797,1226,3,1,1199.00,0.05
2798,1226,17,2,449.99,0.00
2799,1226,22,3,9.99,0.20
2800,1227,41,2,199.99,0.00
2801,1228,30,1,99.99,0.00
2802,1228,1,1,899.99,0.00
2803,1229,40,3,549.99,0.10
2804,1229,19,2,159.99,0.00
2805,1229,34,1,34.99,0.05
2806,1229,36,1,109.99,0.20
2807,1230,17,3,449.99,0.10
2808,1231,39,1,399.99,0.10
2809,1232,27,1,129.99,0.05
2810,1233,22,2,9.99,0.00
2811,1234,34,1,34.99,0.00
2812,1234,38,10,14.99,0.20
2813,1234,18,3,189.99,0.00
2814,1235,20,1,49.99,0.00
2815,1235,34,3,34.99,0.00
2816,1236,1,1,899.99,0.00
2817,1237,37,3,299.99,0.00
2818,1237,4,3,1299.99,0.00
2819,1238,23,1,19.99,0.05
2820,1238,34,2,34.99,0.10
2821,1238,39,10,399.99,0.05
2822,1238,26,2,199.99,0.10
2823,1239,13,2,69.99,0.00
2824,1239,17,1,449.99,0.00
2825,1240,27,1,129.99,0.05
2826,1241,27,1,129.99,0.00
2827,1242,26,1,199.99,0.10
2828,1242,35,10,89.99,0.05
2829,1242,2,3,1349.99,0.15
2830,1243,6,2,999.00,0.20
2831,1244,14,3,39.99,0.00
2832,1245,36,2,109.99,0.00
2833,1246,11,2,29.99,0.00
2834,1246,13,3,69.99,0.00
2835,1246,9,1,799.99,0.00
2836,1247,17,2,449.99,0.00
2837,1248,1,5,899.99,0.00
2838,1248,29,2,59.99,0.05
2839,1249,24,1,79.99,0.00
2840,1250,11,1,29.99,0.10
2841,1250,16,10,599.99,0.00
2842,1250,2,1,1349.99,0.00
2843,1251,6,10,999.00,0.05
2844,1251,30,1,99.99,0.00
2845,1251,11,1,29.99,0.00
2846,1252,7,2,849.99,0.05
2847,1252,31,1,599.99,0.00
2848,1253,4,2,1299.99,0.05
2849,1253,25,5,349.99,0.00
2850,1253,24,2,79.99,0.05
2851,1253,41,1,199.99,0.15
2852,1254,22,1,9.99,0.05
2853,1254,25,3,349.99,0.15
2854,1255,37,3,299.99,0.00
2855,1256,33,1,249.99,0.00
2856,1256,3,2,1199.00,0.00
2857,1257,4,5,1299.99,0.00
2858,1258,38,2,14.99,0.05
2859,1258,40,1,549.99,0.00
2860,1259,25,1,349.99,0.05
2861,1259,17,1,449.99,0.00
2862,1260,17,5,449.99,0.00
2863,1260,38,10,14.99,0.15
2864,1261,19,3,159.99,0.00
2865,1261,20,2,49.99,0.15
2866,1261,29,1,59.99,0.00
2867,1261,2,3,1349.99,0.00
2868,1261,33,1,249.99,0.05
2869,1262,29,1,59.99,0.10
2870,1262,32,1,179.99,0.00
2871,1263,18,2,189.99,0.00
2872,1263,12,1,89.99,0.00
2873,1264,6,3,999.00,0.00
2874,1264,10,2,49.99,0.05
2875,1265,27,2,129.99,0.00
2876,1265,14,2,39.99,0.05
2877,1265,3,1,1199.00,0.00
2878,1265,10,2,49.99,0.10
2879,1266,12,1,89.99,0.00
2880,1266,3,1,1199.00,0.05
2881,1266,28,2,149.99,0.05
2882,1267,3,2,1199.00,0.15
2883,1267,18,3,189.99,0.00
2884,1267,37,3,299.99,0.00
2885,1268,33,2,249.99,0.15
2886,1268,8,2,699.00,0.05
2887,1268,24,10,79.99,0.00
2888,1269,4,1,1299.99,0.00
2889,1269,25,1,349.99,0.10
2890,1270,32,2,179.99,0.10
2891,1270,29,2,59.99,0.10
2892,1270,41,10,199.99,0.05
2893,1270,34,1,34.99,0.15
2894,1271,19,2,159.99,0.00
2895,1272,2,1,1349.99,0.00
2896,1273,32,5,179.99,0.15
2897,1274,29,2,59.99,0.20
2898,1274,10,1,49.99,0.05
2899,1274,27,1,129.99,0.00
2900,1274,38,2,14.99,0.00
2901,1275,11,3,29.99,0.00
2902,1276,13,1,69.99,0.05
2903,1276,7,1,849.99,0.00
2904,1277,36,1,109.99,0.10
2905,1277,11,3,29.99,0.00
2906,1277,27,2,129.99,0.05
2907,1277,40,2,549.99,0.10
2908,1278,14,2,39.99,0.00
2909,1278,33,3,249.99,0.20
2910,1279,8,10,699.00,0.15
2911,1279,41,3,199.99,0.10
2912,1280,7,2,849.99,0.10
2913,1280,1,1,899.99,0.00
2914,1280,5,2,999.99,0.00
2915,1280,13,2,69.99,0.05
2916,1280,10,10,49.99,0.00
2917,1281,2,10,1349.99,0.00
2918,1281,26,1,199.99,0.05
2919,1282,35,2,89.99,0.15
2920,1283,27,2,129.99,0.05
2921,1283,8,1,699.00,0.20
2922,1284,32,1,179.99,0.05
2923,1285,26,3,199.99,0.05
2924,1285,35,1,89.99,0.10
2925,1285,25,1,349.99,0.00
2926,1286,15,1,129.99,0.00
2927,1286,39,2,399.99,0.10
2928,1287,41,1,199.99,0.05
2929,1287,31,2,599.99,0.20
2930,1288,1,2,899.99,0.05
2931,1289,37,2,299.99,0.00
2932,1289,19,2,159.99,0.10
2933,1290,34,1,34.99,0.10
2934,1290,41,2,199.99,0.05
2935,1290,22,10,9.99,0.00
2936,1291,41,3,199.99,0.15
2937,1291,33,1,249.99,0.00
2938,1292,36,5,109.99,0.00
2939,1292,39,2,399.99,0.00
2940,1293,37,1,299.99,0.00
2941,1293,36,3,109.99,0.05
2942,1293,13,2,69.99,0.10
2943,1293,3,1,1199.00,0.15
2944,1294,29,3,59.99,0.15
2945,1295,26,5,199.99,0.10
2946,1295,7,1,849.99,0.00
2947,1295,38,5,14.99,0.20
2948,1296,35,2,89.99,0.00
2949,1296,19,3,159.99,0.15
2950,1296,28,5,149.99,0.05
2951,1297,41,3,199.99,0.00
2952,1298,17,1,449.99,0.00
2953,1298,9,1,799.99,0.00
2954,1298,39,5,399.99,0.00
2955,1298,3,5,1199.00,0.00
2956,1299,40,1,549.99,0.15
2957,1299,39,3,399.99,0.00
2958,1299,28,5,149.99,0.00
2959,1299,31,1,599.99,0.00
2960,1300,31,1,599.99,0.00
2961,1300,25,3,349.99,0.00
2962,1301,35,1,89.99,0.10
2963,1301,15,10,129.99,0.00
2964,1301,21,3,12.99,0.00
2965,1302,26,5,199.99,0.15
2966,1302,9,1,799.99,0.10
2967,1302,12,2,89.99,0.15
2968,1303,35,1,89.99,0.00
2969,1303,16,2,599.99,0.05
2970,1303,40,1,549.99,0.05
2971,1304,26,10,199.99,0.00
2972,1304,8,1,699.00,0.00
2973,1305,20,2,49.99,0.00
2974,1306,10,1,49.99,0.15
2975,1307,8,1,699.00,0.10
2976,1307,23,2,19.99,0.00
2977,1307,38,1,14.99,0.15
2978,1308,8,2,699.00,0.00
2979,1309,12,5,89.99,0.05
2980,1309,28,2,149.99,0.15
2981,1310,19,3,159.99,0.00
2982,1311,21,5,12.99,0.10
2983,1311,14,2,39.99,0.10
2984,1312,31,1,599.99,0.15
2985,1312,13,2,69.99,0.10
2986,1313,5,1,999.99,0.10
2987,1313,20,1,49.99,0.05
2988,1314,4,2,1299.99,0.00
2989,1314,40,1,549.99,0.00
2990,1314,38,2,14.99,0.00
2991,1314,37,1,299.99,0.00
2992,1315,35,2,89.99,0.00
2993,1315,39,1,399.99,0.05
2994,1315,27,1,129.99,0.10
2995,1316,40,1,549.99,0.00
2996,1316,30,5,99.99,0.00
2997,1316,38,3,14.99,0.00
2998,1317,8,1,699.00,0.00
2999,1317,38,2,14.99,0.05
3000,1318,9,2,799.99,0.05
3001,1318,20,5,49.99,0.00
3002,1318,34,1,34.99,0.00
3003,1319,7,2,849.99,0.15
3004,1319,18,2,189.99,0.00
3005,1319,14,2,39.99,0.00
3006,1319,28,3,149.99,0.05
3007,1320,6,2,999.00,0.05
3008,1321,2,2,1349.99,0.15
3009,1321,40,3,549.99,0.05
3010,1322,36,5,109.99,0.05
3011,1322,28,1,149.99,0.10
3012,1323,30,1,99.99,0.05
3013,1323,1,1,899.99,0.10
3014,1323,21,1,12.99,0.00
3015,1324,31,1,599.99,0.00
3016,1324,20,2,49.99,0.05
3017,1324,9,2,799.99,0.00
3018,1324,21,2,12.99,0.00
3019,1325,14,3,39.99,0.00
3020,1326,25,1,349.99,0.00
3021,1326,26,1,199.99,0.00
3022,1327,4,1,1299.99,0.00
3023,1327,1,5,899.99,0.10
3024,1327,41,10,199.99,0.00
3025,1328,25,2,349.99,0.00
3026,1328,16,3,599.99,0.00
3027,1328,38,1,14.99,0.00
3028,1328,32,10,179.99,0.05
3029,1329,2,5,1349.99,0.05
3030,1330,12,2,89.99,0.00
3031,1331,7,2,849.99,0.05
3032,1332,20,3,49.99,0.00
3033,1332,27,1,129.99,0.00
3034,1333,17,1,449.99,0.00
3035,1334,18,1,189.99,0.10
3036,1334,30,1,99.99,0.00
3037,1335,26,2,199.99,0.15
3038,1335,17,2,449.99,0.05
3039,1336,18,2,189.99,0.00
3040,1336,40,1,549.99,0.20
3041,1336,33,1,249.99,0.10
3042,1337,30,5,99.99,0.00
3043,1337,18,10,189.99,0.10
3044,1338,3,5,1199.00,0.05
3045,1338,13,3,69.99,0.15
3046,1338,20,2,49.99,0.00
3047,1339,14,3,39.99,0.00
3048,1339,26,3,199.99,0.00
3049,1339,19,3,159.99,0.05
3050,1340,27,2,129.99,0.00
3051,1340,2,1,1349.99,0.10
3052,1340,12,10,89.99,0.15
3053,1341,3,3,1199.00,0.00
3054,1342,32,2,179.99,0.10
3055,1343,36,2,109.99,0.10
3056,1343,5,1,999.99,0.20
3057,1343,4,5,1299.99,0.00
3058,1344,10,10,49.99,0.15
3059,1344,25,2,349.99,0.00
3060,1345,19,1,159.99,0.10
3061,1346,40,1,549.99,0.00
3062,1346,4,2,1299.99,0.00
3063,1347,11,5,29.99,0.00
3064,1347,4,1,1299.99,0.05
3065,1348,37,1,299.99,0.00
3066,1349,4,2,1299.99,0.00
3067,1349,7,10,849.99,0.05
3068,1350,3,2,1199.00,0.00
3069,1351,31,2,599.99,0.00
3070,1351,5,1,999.99,0.10
3071,1351,25,1,349.99,0.15
3072,1352,11,2,29.99,0.20
3073,1353,10,3,49.99,0.00
3074,1353,15,3,129.99,0.15
3075,1354,14,1,39.99,0.00
3076,1354,38,10,14.99,0.15
3077,1355,31,1,599.99,0.00
3078,1355,12,2,89.99,0.00
3079,1356,30,3,99.99,0.10
3080,1356,39,1,399.99,0.20
3081,1357,8,1,699.00,0.00
3082,1357,25,2,349.99,0.00
3083,1358,26,3,199.99,0.10
3084,1358,19,5,159.99,0.00
3085,1359,14,1,39.99,0.00
3086,1359,30,1,99.99,0.05
3087,1360,36,1,109.99,0.00
3088,1360,6,1,999.00,0.10
3089,1360,37,1,299.99,0.00
3090,1361,13,1,69.99,0.00
3091,1361,26,1,199.99,0.00
3092,1361,39,2,399.99,0.05
3093,1361,41,1,199.99,0.15
3094,1362,18,1,189.99,0.10
3095,1362,28,1,149.99,0.00
3096,1363,1,1,899.99,0.00
3097,1364,16,3,599.99,0.20
3098,1364,19,2,159.99,0.05
3099,1365,6,1,999.00,0.00
3100,1365,8,1,699.00,0.05
3101,1366,32,1,179.99,0.00
3102,1367,40,1,549.99,0.10
3103,1367,3,1,1199.00,0.05
3104,1367,25,3,349.99,0.00
3105,1368,39,3,399.99,0.20
3106,1369,16,10,599.99,0.00
3107,1370,24,1,79.99,0.00
3108,1370,17,2,449.99,0.10
3109,1371,24,1,79.99,0.10
3110,1372,39,1,399.99,0.15
3111,1372,17,1,449.99,0.00
3112,1373,2,3,1349.99,0.10
3113,1374,33,5,249.99,0.00
3114,1374,29,1,59.99,0.20
3115,1374,39,1,399.99,0.00
3116,1375,30,10,99.99,0.00
3117,1375,15,1,129.99,0.15
3118,1375,23,1,19.99,0.00
3119,1375,41,1,199.99,0.00
3120,1376,7,2,849.99,0.15
3121,1376,36,2,109.99,0.10
3122,1376,8,10,699.00,0.00
3123,1377,30,2,99.99,0.00
3124,1378,10,2,49.99,0.00
3125,1379,41,2,199.99,0.00
3126,1380,32,2,179.99,0.00
3127,1380,28,10,149.99,0.10
3128,1381,20,2,49.99,0.15
3129,1382,2,1,1349.99,0.00
3130,1382,7,1,849.99,0.10
3131,1382,40,3,549.99,0.20
3132,1383,27,2,129.99,0.00
3133,1383,6,1,999.00,0.15
3134,1384,26,3,199.99,0.00
3135,1384,29,1,59.99,0.05
3136,1384,1,2,899.99,0.00
3137,1384,33,1,249.99,0.20
3138,1384,27,10,129.99,0.05
3139,1385,18,2,189.99,0.00
3140,1385,40,1,549.99,0.00
3141,1385,19,1,159.99,0.00
3142,1385,31,2,599.99,0.15
3143,1386,16,1,599.99,0.00
3144,1387,36,1,109.99,0.00
3145,1387,10,2,49.99,0.10
3146,1387,8,2,699.00,0.10
3147,1388,18,2,189.99,0.00
3148,1388,19,1,159.99,0.05
3149,1389,16,1,599.99,0.05
3150,1390,33,3,249.99,0.05
3151,1390,12,1,89.99,0.10
3152,1391,7,3,849.99,0.20
3153,1392,18,1,189.99,0.00
3154,1392,6,3,999.00,0.00
3155,1392,12,2,89.99,0.20
3156,1393,33,10,249.99,0.00
3157,1393,25,1,349.99,0.05
3158,1393,4,1,1299.99,0.00
3159,1394,3,1,1199.00,0.15
3160,1394,1,3,899.99,0.00
3161,1394,14,3,39.99,0.00
3162,1395,7,5,849.99,0.10
3163,1396,4,2,1299.99,0.10
3164,1396,33,2,249.99,0.10
3165,1396,17,1,449.99,0.00
3166,1396,7,1,849.99,0.00
3167,1396,38,1,14.99,0.00
3168,1397,36,2,109.99,0.10
3169,1397,34,2,34.99,0.00
3170,1397,29,1,59.99,0.00
3171,1397,1,2,899.99,0.00
3172,1398,9,5,799.99,0.05
3173,1398,13,10,69.99,0.00
3174,1398,39,2,399.99,0.00
3175,1399,7,1,849.99,0.00
3176,1399,1,1,899.99,0.10
3177,1400,11,2,29.99,0.05
3178,1401,11,3,29.99,0.00
3179,1401,8,2,699.00,0.00
3180,1401,26,1,199.99,0.00
3181,1401,38,1,14.99,0.00
3182,1401,3,1,1199.00,0.00
3183,1402,24,1,79.99,0.00
3184,1402,10,1,49.99,0.00
3185,1403,13,1,69.99,0.20
3186,1404,8,5,699.00,0.05
3187,1404,40,1,549.99,0.15
3188,1404,35,2,89.99,0.00
3189,1405,1,1,899.99,0.00
3190,1405,21,5,12.99,0.00
3191,1405,15,3,129.99,0.10
3192,1406,15,1,129.99,0.05
3193,1406,40,1,549.99,0.00
3194,1406,22,3,9.99,0.15
3195,1407,38,5,14.99,0.00
3196,1407,28,2,149.99,0.05
3197,1408,29,3,59.99,0.00
3198,1408,32,2,179.99,0.10
3199,1408,22,2,9.99,0.00
3200,1409,39,1,399.99,0.00
3201,1409,30,1,99.99,0.10
3202,1409,11,2,29.99,0.10
3203,1410,5,2,999.99,0.00
3204,1411,31,2,599.99,0.10
3205,1411,35,1,89.99,0.00
3206,1411,15,1,129.99,0.00
3207,1412,33,2,249.99,0.00
3208,1412,21,1,12.99,0.00
3209,1412,30,1,99.99,0.10
3210,1413,20,2,49.99,0.00
3211,1413,3,1,1199.00,0.00
3212,1414,14,10,39.99,0.00
3213,1414,22,2,9.99,0.00
3214,1414,36,2,109.99,0.00
3215,1415,2,2,1349.99,0.15
3216,1415,17,10,449.99,0.05
3217,1416,1,1,899.99,0.00
3218,1417,6,2,999.00,0.00
3219,1417,21,10,12.99,0.10
3220,1418,31,2,599.99,0.15
3221,1419,2,1,1349.99,0.10
3222,1420,9,1,799.99,0.10
3223,1420,30,1,99.99,0.05
3224,1420,14,2,39.99,0.00
3225,1421,8,1,699.00,0.00
3226,1421,32,3,179.99,0.00
3227,1422,15,1,129.99,0.15
3228,1422,3,3,1199.00,0.20
3229,1423,27,1,129.99,0.20
3230,1423,37,1,299.99,0.05
3231,1423,36,1,109.99,0.10
3232,1423,1,1,899.99,0.05
3233,1424,6,2,999.00,0.00
3234,1425,13,1,69.99,0.00
3235,1426,29,3,59.99,0.00
3236,1426,11,1,29.99,0.05
3237,1426,37,2,299.99,0.20
3238,1426,18,1,189.99,0.00
3239,1427,36,1,109.99,0.05
3240,1427,21,3,12.99,0.00
3241,1428,11,1,29.99,0.05
3242,1428,37,1,299.99,0.10
3243,1428,8,3,699.00,0.00
3244,1428,25,3,349.99,0.10
3245,1429,20,1,49.99,0.00
3246,1430,1,5,899.99,0.00
3247,1430,33,3,249.99,0.00
3248,1431,1,2,899.99,0.15
3249,1432,24,2,79.99,0.00
3250,1432,20,2,49.99,0.15
3251,1432,16,2,599.99,0.00
3252,1433,16,3,599.99,0.15
3253,1433,23,3,19.99,0.00
3254,1433,5,10,999.99,0.00
3255,1433,3,5,1199.00,0.00
3256,1433,10,1,49.99,0.00
3257,1434,36,2,109.99,0.00
3258,1434,19,1,159.99,0.10
3259,1435,28,1,149.99,0.10
3260,1436,9,3,799.99,0.10
3261,1437,39,5,399.99,0.05
3262,1437,26,2,199.99,0.20
3263,1437,21,1,12.99,0.00
3264,1438,11,5,29.99,0.00
3265,1438,5,2,999.99,0.15
3266,1439,7,2,849.99,0.10
3267,1439,38,1,14.99,0.00
3268,1439,9,3,799.99,0.00
3269,1439,12,2,89.99,0.20
3270,1439,26,2,199.99,0.00
3271,1440,2,2,1349.99,0.10
3272,1440,40,1,549.99,0.05
3273,1440,28,1,149.99,0.10
3274,1440,8,2,699.00,0.00
3275,1441,15,1,129.99,0.00
3276,1441,22,1,9.99,0.10
3277,1442,34,5,34.99,0.00
3278,1442,29,1,59.99,0.00
3279,1442,32,10,179.99,0.00
3280,1443,17,3,449.99,0.00
3281,1443,41,5,199.99,0.10
3282,1444,32,2,179.99,0.05
3283,1444,3,3,1199.00,0.00
3284,1445,23,1,19.99,0.05
3285,1445,7,1,849.99,0.00
3286,1446,22,3,9.99,0.05
3287,1446,41,3,199.99,0.05
3288,1446,33,10,249.99,0.00
3289,1446,23,2,19.99,0.10
3290,1447,9,3,799.99,0.00
3291,1447,38,5,14.99,0.15
3292,1448,36,1,109.99,0.15
3293,1448,11,1,29.99,0.00
3294,1449,20,2,49.99,0.05
3295,1450,11,3,29.99,0.00
3296,1451,39,1,399.99,0.05
3297,1451,27,1,129.99,0.00
3298,1451,26,1,199.99,0.15
3299,1452,5,2,999.99,0.00
3300,1453,37,1,299.99,0.00
3301,1453,15,2,129.99,0.00
3302,1453,16,1,599.99,0.00
3303,1454,2,1,1349.99,0.00
3304,1454,34,1,34.99,0.00
3305,1455,28,5,149.99,0.00
3306,1456,15,1,129.99,0.00
3307,1456,30,1,99.99,0.10
3308,1457,13,2,69.99,0.10
3309,1457,27,1,129.99,0.10
3310,1457,8,10,699.00,0.00
3311,1457,1,5,899.99,0.10
3312,1458,30,2,99.99,0.00
3313,1458,12,1,89.99,0.20
3314,1458,31,5,599.99,0.10
3315,1459,3,3,1199.00,0.15
3316,1460,6,2,999.00,0.05
3317,1460,32,1,179.99,0.05
3318,1461,18,1,189.99,0.00
3319,1462,25,1,349.99,0.05
3320,1462,37,10,299.99,0.00
3321,1463,27,1,129.99,0.05
3322,1463,36,1,109.99,0.05
3323,1463,37,3,299.99,0.00
3324,1464,22,5,9.99,0.00
3325,1464,41,5,199.99,0.00
3326,1465,3,2,1199.00,0.00
3327,1466,41,1,199.99,0.00
3328,1466,27,10,129.99,0.05
3329,1466,7,1,849.99,0.00
3330,1467,23,5,19.99,0.10
3331,1467,27,1,129.99,0.15
3332,1467,17,3,449.99,0.00
3333,1468,34,2,34.99,0.15
3334,1468,39,1,399.99,0.00
3335,1469,3,2,1199.00,0.10
3336,1469,30,1,99.99,0.00
3337,1470,15,5,129.99,0.05
3338,1470,16,1,599.99,0.00
3339,1470,29,2,59.99,0.00
3340,1470,18,1,189.99,0.10
3341,1471,12,2,89.99,0.15
3342,1472,33,2,249.99,0.05
3343,1473,3,3,1199.00,0.05
3344,1473,25,1,349.99,0.05
3345,1473,31,1,599.99,0.05
3346,1474,21,3,12.99,0.05
3347,1475,30,2,99.99,0.05
3348,1475,4,3,1299.99,0.10
3349,1475,17,2,449.99,0.00
3350,1476,5,2,999.99,0.00
3351,1477,12,3,89.99,0.00
3352,1477,33,10,249.99,0.10
3353,1478,14,2,39.99,0.10
3354,1478,15,1,129.99,0.00
3355,1478,30,2,99.99,0.00
3356,1478,6,1,999.00,0.10
3357,1478,1,2,899.99,0.05
3358,1479,20,1,49.99,0.10
3359,1479,41,2,199.99,0.00
3360,1479,39,1,399.99,0.00
3361,1479,2,1,1349.99,0.05
3362,1479,8,3,699.00,0.00
3363,1480,15,3,129.99,0.05
3364,1480,36,3,109.99,0.05
3365,1480,33,3,249.99,0.00
3366,1480,18,3,189.99,0.00
3367,1480,16,2,599.99,0.15
3368,1481,8,1,699.00,0.05
3369,1482,17,5,449.99,0.05
3370,1482,38,5,14.99,0.05
3371,1483,4,5,1299.99,0.20
3372,1484,41,2,199.99,0.05
3373,1485,36,3,109.99,0.00
3374,1485,12,5,89.99,0.05
3375,1485,19,1,159.99,0.00
3376,1485,20,2,49.99,0.05
3377,1486,27,2,129.99,0.00
3378,1487,11,1,29.99,0.00
3379,1487,31,1,599.99,0.00
3380,1487,26,2,199.99,0.00
3381,1487,9,2,799.99,0.10
3382,1488,39,1,399.99,0.05
3383,1489,1,1,899.99,0.10
3384,1489,6,1,999.00,0.05
3385,1490,2,1,1349.99,0.15
3386,1490,38,10,14.99,0.00
3387,1491,4,2,1299.99,0.05
3388,1491,16,2,599.99,0.00
3389,1492,20,2,49.99,0.00
3390,1492,3,2,1199.00,0.00
3391,1492,23,2,19.99,0.00
3392,1492,15,1,129.99,0.15
3393,1493,33,2,249.99,0.00
3394,1494,26,2,199.99,0.20
3395,1495,40,2,549.99,0.05
3396,1495,34,1,34.99,0.05
3397,1496,9,2,799.99,0.00
3398,1496,4,1,1299.99,0.00
3399,1496,17,2,449.99,0.00
3400,1496,12,2,89.99,0.00
3401,1497,40,5,549.99,0.15
3402,1497,38,2,14.99,0.00
3403,1498,36,5,109.99,0.00
3404,1498,31,2,599.99,0.10
3405,1499,16,2,599.99,0.00
3406,1499,17,5,449.99,0.10
3407,1500,39,10,399.99,0.00
3408,1500,6,1,999.00,0.15
3409,1500,10,1,49.99,0.00
3410,1501,5,5,999.99,0.15
3411,1501,20,3,49.99,0.05
3412,1501,15,1,129.99,0.00
3413,1502,35,1,89.99,0.05
3414,1502,31,2,599.99,0.05
3415,1503,19,2,159.99,0.10
3416,1503,1,1,899.99,0.05
3417,1503,22,1,9.99,0.10
3418,1504,7,5,849.99,0.00
3419,1504,40,5,549.99,0.05
3420,1504,17,10,449.99,0.10
3421,1504,36,5,109.99,0.20
3422,1505,6,2,999.00,0.00
3423,1505,31,2,599.99,0.00
3424,1505,24,5,79.99,0.00
3425,1505,16,1,599.99,0.00
3426,1506,1,1,899.99,0.10
3427,1507,13,1,69.99,0.00
3428,1507,31,2,599.99,0.00
3429,1507,40,1,549.99,0.00
3430,1507,21,10,12.99,0.00
3431,1507,26,2,199.99,0.10
3432,1508,38,2,14.99,0.05
3433,1508,39,1,399.99,0.00
3434,1508,5,1,999.99,0.10
3435,1509,1,2,899.99,0.00
3436,1509,18,3,189.99,0.05
3437,1510,31,3,599.99,0.05
3438,1510,27,3,129.99,0.05
3439,1510,21,10,12.99,0.05
3440,1510,5,5,999.99,0.20
3441,1511,23,1,19.99,0.00
3442,1511,6,10,999.00,0.00
3443,1512,6,1,999.00,0.10
3444,1512,7,1,849.99,0.10
3445,1513,4,1,1299.99,0.00
3446,1513,32,1,179.99,0.10
3447,1513,31,1,599.99,0.00
3448,1513,1,5,899.99,0.00
3449,1514,10,3,49.99,0.00
3450,1514,12,1,89.99,0.00
3451,1514,6,3,999.00,0.10
3452,1515,26,2,199.99,0.05
3453,1515,18,1,189.99,0.00
3454,1516,25,2,349.99,0.10
3455,1516,19,1,159.99,0.00
3456,1517,30,1,99.99,0.15
3457,1518,3,3,1199.00,0.05
3458,1518,33,2,249.99,0.20
3459,1519,6,5,999.00,0.00
3460,1519,35,1,89.99,0.00
3461,1519,41,2,199.99,0.15
3462,1520,4,1,1299.99,0.00
3463,1520,22,1,9.99,0.00
3464,1521,11,1,29.99,0.05
3465,1521,10,2,49.99,0.00
3466,1521,2,2,1349.99,0.00
3467,1522,35,2,89.99,0.05
3468,1523,25,3,349.99,0.10
3469,1524,25,5,349.99,0.00
3470,1524,27,1,129.99,0.10
3471,1524,9,1,799.99,0.00
3472,1525,9,2,799.99,0.05
3473,1525,24,2,79.99,0.00
3474,1526,3,1,1199.00,0.00
3475,1526,26,1,199.99,0.00
3476,1527,1,2,899.99,0.05
3477,1528,16,2,599.99,0.00
3478,1529,30,2,99.99,0.05
3479,1529,24,1,79.99,0.00
3480,1529,37,2,299.99,0.00
3481,1530,30,1,99.99,0.10
3482,1531,38,3,14.99,0.20
3483,1531,9,1,799.99,0.00
3484,1531,3,1,1199.00,0.05
3485,1531,21,1,12.99,0.00
3486,1531,19,2,159.99,0.10
3487,1532,19,5,159.99,0.05
3488,1532,22,2,9.99,0.00
3489,1532,26,2,199.99,0.00
3490,1532,11,1,29.99,0.00
3491,1533,20,1,49.99,0.00
3492,1533,35,2,89.99,0.05
3493,1533,28,3,149.99,0.15
3494,1534,24,1,79.99,0.20
3495,1534,2,2,1349.99,0.00
3496,1535,21,1,12.99,0.00
3497,1535,28,1,149.99,0.00
3498,1535,4,1,1299.99,0.00
3499,1536,17,1,449.99,0.10
3500,1536,24,2,79.99,0.20
3501,1536,14,2,39.99,0.00
3502,1537,34,2,34.99,0.00
3503,1537,41,10,199.99,0.15
3504,1538,16,1,599.99,0.00
3505,1539,1,2,899.99,0.00
3506,1539,24,1,79.99,0.00
3507,1540,16,3,599.99,0.00
3508,1540,1,1,899.99,0.00
3509,1541,39,2,399.99,0.00
3510,1542,12,5,89.99,0.15
3511,1543,30,2,99.99,0.00
3512,1543,25,2,349.99,0.15
3513,1543,40,2,549.99,0.10
3514,1543,38,1,14.99,0.05
3515,1544,7,1,849.99,0.20
3516,1545,19,1,159.99,0.00
3517,1545,9,2,799.99,0.05
3518,1546,21,1,12.99,0.00
3519,1546,6,1,999.00,0.15
3520,1547,5,2,999.99,0.00
3521,1547,13,1,69.99,0.10
3522,1548,28,10,149.99,0.10
3523,1549,5,2,999.99,0.10
3524,1550,29,1,59.99,0.00
3525,1550,1,1,899.99,0.10
3526,1551,19,1,159.99,0.10
3527,1552,18,3,189.99,0.00
3528,1552,2,1,1349.99,0.00
3529,1552,28,1,149.99,0.05
3530,1552,31,1,599.99,0.15
3531,1553,23,5,19.99,0.10
3532,1553,41,5,199.99,0.10
3533,1553,26,1,199.99,0.00
3534,1554,38,3,14.99,0.10
3535,1554,37,2,299.99,0.00
3536,1554,32,2,179.99,0.10
3537,1554,35,2,89.99,0.05
3538,1555,14,3,39.99,0.10
3539,1555,10,2,49.99,0.00
3540,1556,7,1,849.99,0.05
3541,1557,7,2,849.99,0.00
3542,1557,22,1,9.99,0.00
3543,1557,40,1,549.99,0.05
3544,1557,19,2,159.99,0.05
3545,1558,20,3,49.99,0.15
3546,1558,32,1,179.99,0.00
3547,1558,12,2,89.99,0.05
3548,1559,9,2,799.99,0.05
3549,1559,14,1,39.99,0.05
3550,1559,29,10,59.99,0.00
3551,1559,34,1,34.99,0.00
3552,1560,24,1,79.99,0.10
3553,1560,26,2,199.99,0.05
3554,1561,40,3,549.99,0.00
3555,1561,18,5,189.99,0.05
3556,1561,37,10,299.99,0.15
3557,1562,37,2,299.99,0.00
3558,1562,10,1,49.99,0.00
3559,1563,18,2,189.99,0.15
3560,1563,22,5,9.99,0.00
3561,1564,17,1,449.99,0.00
3562,1564,31,2,599.99,0.05
3563,1564,28,3,149.99,0.10
3564,1564,18,5,189.99,0.00
3565,1564,1,1,899.99,0.00
3566,1565,20,1,49.99,0.10
3567,1566,13,5,69.99,0.20
3568,1566,34,1,34.99,0.10
3569,1566,27,3,129.99,0.10
3570,1567,40,1,549.99,0.15
3571,1568,22,3,9.99,0.05
3572,1569,5,1,999.99,0.05
3573,1570,32,5,179.99,0.00
3574,1570,37,1,299.99,0.20
3575,1571,20,5,49.99,0.00
3576,1571,21,1,12.99,0.10
3577,1572,21,2,12.99,0.05
3578,1573,36,2,109.99,0.00
3579,1573,3,1,1199.00,0.05
3580,1573,9,1,799.99,0.05
3581,1574,9,2,799.99,0.05
3582,1574,22,5,9.99,0.00
3583,1575,31,2,599.99,0.00
3584,1575,19,1,159.99,0.15
3585,1575,35,2,89.99,0.00
3586,1576,1,2,899.99,0.10
3587,1577,33,1,249.99,0.00
3588,1577,18,1,189.99,0.10
3589,1578,40,1,549.99,0.00
3590,1578,18,2,189.99,0.15
3591,1579,12,1,89.99,0.20
3592,1579,38,5,14.99,0.00
3593,1580,33,1,249.99,0.00
3594,1580,10,1,49.99,0.00
3595,1581,27,5,129.99,0.00
3596,1582,38,10,14.99,0.15
3597,1582,2,1,1349.99,0.05
3598,1583,18,2,189.99,0.00
3599,1583,35,2,89.99,0.05
3600,1584,27,1,129.99,0.05
3601,1584,32,1,179.99,0.10
3602,1584,21,5,12.99,0.05
3603,1585,38,1,14.99,0.00
3604,1586,41,2,199.99,0.05
3605,1586,25,2,349.99,0.05
3606,1586,11,2,29.99,0.00
3607,1587,16,2,599.99,0.05
3608,1588,22,2,9.99,0.10
3609,1588,6,1,999.00,0.15
3610,1589,7,3,849.99,0.00
3611,1589,33,3,249.99,0.00
3612,1589,9,2,799.99,0.10
3613,1590,10,2,49.99,0.00
3614,1591,28,2,149.99,0.00
3615,1591,20,1,49.99,0.10
3616,1592,15,2,129.99,0.00
3617,1592,13,2,69.99,0.00
3618,1592,22,1,9.99,0.00
3619,1592,23,3,19.99,0.15
3620,1593,21,1,12.99,0.05
3621,1593,29,2,59.99,0.05
3622,1593,3,2,1199.00,0.10
3623,1594,33,1,249.99,0.20
3624,1594,35,1,89.99,0.00
3625,1595,21,2,12.99,0.00
3626,1595,4,1,1299.99,0.10
3627,1595,13,3,69.99,0.10
3628,1595,26,2,199.99,0.10
3629,1596,10,2,49.99,0.00
3630,1596,15,3,129.99,0.00
3631,1597,2,3,1349.99,0.00
3632,1597,15,1,129.99,0.00
3633,1597,28,2,149.99,0.15
3634,1598,8,1,699.00,0.15
3635,1599,29,2,59.99,0.20
3636,1599,15,3,129.99,0.00
3637,1599,7,1,849.99,0.05
3638,1600,15,1,129.99,0.00
3639,1600,12,10,89.99,0.00
3640,1601,25,5,349.99,0.15
3641,1601,2,1,1349.99,0.10
3642,1602,37,1,299.99,0.00
3643,1602,23,2,19.99,0.00
3644,1602,35,5,89.99,0.15
3645,1603,11,1,29.99,0.05
3646,1604,7,2,849.99,0.00
3647,1604,15,5,129.99,0.10
3648,1604,20,1,49.99,0.05
3649,1604,18,2,189.99,0.10
3650,1605,35,10,89.99,0.20
3651,1605,26,3,199.99,0.00
3652,1605,19,1,159.99,0.20
3653,1605,41,2,199.99,0.20
3654,1606,8,2,699.00,0.00
3655,1606,36,1,109.99,0.10
3656,1606,13,10,69.99,0.00
3657,1607,12,3,89.99,0.15
3658,1608,18,1,189.99,0.20
3659,1608,40,3,549.99,0.20
3660,1608,38,2,14.99,0.15
3661,1608,35,2,89.99,0.05
3662,1608,3,1,1199.00,0.00
3663,1609,8,1,699.00,0.00
3664,1609,18,1,189.99,0.15
3665,1609,19,1,159.99,0.00
3666,1610,4,1,1299.99,0.00
3667,1610,8,1,699.00,0.00
3668,1610,36,2,109.99,0.10
3669,1611,38,2,14.99,0.00
3670,1611,11,2,29.99,0.15
3671,1612,36,3,109.99,0.00
3672,1612,21,1,12.99,0.10
3673,1612,1,1,899.99,0.15
3674,1612,12,10,89.99,0.10
3675,1613,35,2,89.99,0.00
3676,1613,15,3,129.99,0.20
3677,1614,24,2,79.99,0.00
3678,1614,31,1,599.99,0.00
3679,1614,19,2,159.99,0.05
3680,1615,1,1,899.99,0.05
3681,1616,4,3,1299.99,0.05
3682,1616,34,1,34.99,0.10
3683,1617,6,5,999.00,0.00
3684,1618,32,2,179.99,0.00
3685,1618,36,2,109.99,0.00
3686,1618,5,2,999.99,0.00
3687,1619,1,5,899.99,0.10
3688,1619,10,2,49.99,0.00
3689,1620,26,1,199.99,0.00
3690,1621,22,2,9.99,0.15
3691,1621,2,1,1349.99,0.00
3692,1622,7,1,849.99,0.00
3693,1622,21,2,12.99,0.00
3694,1623,10,1,49.99,0.20
3695,1623,9,1,799.99,0.20
3696,1623,18,1,189.99,0.05
3697,1624,40,1,549.99,0.00
3698,1624,3,2,1199.00,0.00
3699,1624,5,2,999.99,0.00
3700,1625,14,1,39.99,0.10
3701,1626,20,1,49.99,0.00
3702,1627,38,2,14.99,0.00
3703,1628,28,2,149.99,0.00
3704,1628,30,5,99.99,0.10
3705,1629,15,2,129.99,0.10
3706,1629,23,1,19.99,0.00
3707,1630,25,10,349.99,0.00
3708,1631,7,2,849.99,0.20
3709,1631,18,1,189.99,0.00
3710,1632,18,1,189.99,0.05
3711,1632,26,2,199.99,0.05
3712,1632,28,2,149.99,0.10
3713,1632,21,5,12.99,0.05
3714,1632,15,5,129.99,0.10
3715,1633,38,1,14.99,0.00
3716,1633,10,1,49.99,0.05
3717,1634,15,1,129.99,0.15
3718,1634,21,1,12.99,0.05
3719,1635,26,1,199.99,0.00
3720,1635,35,2,89.99,0.05
3721,1635,10,3,49.99,0.10
3722,1636,6,2,999.00,0.05
3723,1636,7,1,849.99,0.00
3724,1636,26,2,199.99,0.00
3725,1636,33,1,249.99,0.00
3726,1637,40,2,549.99,0.00
3727,1638,37,1,299.99,0.00
3728,1638,14,1,39.99,0.10
3729,1638,8,2,699.00,0.00
3730,1639,38,10,14.99,0.05
3731,1640,13,1,69.99,0.15
3732,1640,39,5,399.99,0.05
3733,1640,7,5,849.99,0.00
3734,1640,30,1,99.99,0.05
3735,1641,25,2,349.99,0.00
3736,1641,19,2,159.99,0.20
3737,1642,8,1,699.00,0.20
3738,1643,16,2,599.99,0.10
3739,1643,37,1,299.99,0.10
3740,1644,27,2,129.99,0.00
3741,1644,31,1,599.99,0.05
3742,1644,14,3,39.99,0.00
3743,1644,18,3,189.99,0.20
3744,1645,6,10,999.00,0.05
3745,1645,7,3,849.99,0.05
3746,1645,26,1,199.99,0.00
3747,1645,1,3,899.99,0.05
3748,1646,27,10,129.99,0.10
3749,1646,8,1,699.00,0.05
3750,1646,26,1,199.99,0.00
3751,1646,35,1,89.99,0.10
3752,1647,10,1,49.99,0.00
3753,1647,4,2,1299.99,0.05
3754,1648,35,1,89.99,0.00
3755,1649,9,3,799.99,0.00
3756,1650,30,1,99.99,0.15
3757,1650,1,2,899.99,0.05
3758,1651,21,5,12.99,0.15
3759,1651,9,1,799.99,0.15
3760,1652,28,1,149.99,0.00
3761,1653,8,1,699.00,0.05
3762,1653,25,1,349.99,0.00
3763,1654,22,1,9.99,0.00
3764,1655,17,1,449.99,0.20
3765,1655,23,1,19.99,0.05
3766,1656,5,5,999.99,0.00
3767,1657,28,2,149.99,0.20
3768,1657,25,2,349.99,0.20
3769,1657,39,1,399.99,0.00
3770,1657,19,10,159.99,0.10
3771,1658,24,3,79.99,0.00
3772,1659,25,1,349.99,0.05
3773,1659,26,2,199.99,0.00
3774,1660,18,1,189.99,0.00
3775,1661,33,2,249.99,0.10
3776,1662,4,10,1299.99,0.10
3777,1662,18,1,189.99,0.00
3778,1663,23,5,19.99,0.05
3779,1664,1,2,899.99,0.00
3780,1665,1,1,899.99,0.00
3781,1666,7,5,849.99,0.00
3782,1666,8,1,699.00,0.15
3783,1667,11,5,29.99,0.00
3784,1667,34,5,34.99,0.00
3785,1667,38,2,14.99,0.15
3786,1667,9,1,799.99,0.00
3787,1668,2,2,1349.99,0.15
3788,1668,5,3,999.99,0.00
3789,1668,20,1,49.99,0.05
3790,1668,7,5,849.99,0.00
3791,1669,36,2,109.99,0.00
3792,1670,36,1,109.99,0.00
3793,1670,40,3,549.99,0.00
3794,1671,38,2,14.99,0.00
3795,1671,8,3,699.00,0.05
3796,1672,39,1,399.99,0.00
3797,1672,37,1,299.99,0.00
3798,1672,1,2,899.99,0.00
3799,1673,1,3,899.99,0.05
3800,1674,39,3,399.99,0.00
3801,1675,29,3,59.99,0.00
3802,1676,27,2,129.99,0.05
3803,1676,36,1,109.99,0.00
3804,1676,5,1,999.99,0.00
3805,1676,20,2,49.99,0.00
3806,1677,32,1,179.99,0.15
3807,1677,12,1,89.99,0.00
3808,1678,1,1,899.99,0.00
3809,1678,3,1,1199.00,0.00
3810,1679,22,2,9.99,0.10
3811,1679,21,2,12.99,0.00
3812,1680,24,2,79.99,0.00
3813,1681,19,5,159.99,0.10
3814,1681,23,1,19.99,0.05
3815,1681,12,3,89.99,0.05
3816,1682,12,2,89.99,0.00
3817,1682,40,1,549.99,0.00
3818,1683,35,5,89.99,0.00
3819,1683,12,1,89.99,0.00
3820,1684,15,10,129.99,0.10
3821,1685,3,1,1199.00,0.10
3822,1686,7,1,849.99,0.00
3823,1686,37,1,299.99,0.00
3824,1687,38,2,14.99,0.00
3825,1688,32,3,179.99,0.00
3826,1688,5,2,999.99,0.00
3827,1688,33,2,249.99,0.20
3828,1689,14,1,39.99,0.00
3829,1689,9,2,799.99,0.00
3830,1689,15,3,129.99,0.10
3831,1690,1,3,899.99,0.00
3832,1691,6,2,999.00,0.20
3833,1692,27,1,129.99,0.05
3834,1692,5,2,999.99,0.10
3835,1692,9,2,799.99,0.00
3836,1693,16,1,599.99,0.00
3837,1694,31,2,599.99,0.00
3838,1694,41,1,199.99,0.00
3839,1695,41,2,199.99,0.00
3840,1696,10,2,49.99,0.00
3841,1697,16,2,599.99,0.05
3842,1697,37,5,299.99,0.10
3843,1697,35,1,89.99,0.00
3844,1698,14,10,39.99,0.10
3845,1698,9,2,799.99,0.00
3846,1699,5,5,999.99,0.15
3847,1699,22,1,9.99,0.00
3848,1700,28,1,149.99,0.00
3849,1700,26,5,199.99,0.15
3850,1701,23,10,19.99,0.15
3851,1701,15,2,129.99,0.10
3852,1702,17,2,449.99,0.00
3853,1702,34,1,34.99,0.10
3854,1702,29,1,59.99,0.00
3855,1702,33,1,249.99,0.00
3856,1702,19,2,159.99,0.00
3857,1703,22,1,9.99,0.05
3858,1703,8,5,699.00,0.10
3859,1704,21,2,12.99,0.00
3860,1704,2,2,1349.99,0.00
3861,1704,40,1,549.99,0.00
3862,1704,29,1,59.99,0.00
3863,1705,32,2,179.99,0.20
3864,1706,23,10,19.99,0.10
3865,1707,4,2,1299.99,0.00
3866,1708,10,2,49.99,0.10
3867,1708,16,1,599.99,0.00
3868,1708,13,2,69.99,0.10
3869,1709,1,2,899.99,0.00
3870,1709,26,1,199.99,0.15
3871,1709,13,10,69.99,0.05
3872,1710,2,1,1349.99,0.15
3873,1710,4,1,1299.99,0.10
3874,1710,34,3,34.99,0.15
3875,1711,25,1,349.99,0.20
3876,1711,2,2,1349.99,0.00
3877,1711,33,3,249.99,0.05
3878,1712,19,5,159.99,0.15
3879,1713,4,1,1299.99,0.00
3880,1714,24,1,79.99,0.00
3881,1714,4,1,1299.99,0.00
3882,1714,1,3,899.99,0.05
3883,1714,5,2,999.99,0.10
3884,1715,41,1,199.99,0.05
3885,1715,3,1,1199.00,0.00
3886,1716,14,3,39.99,0.00
3887,1717,21,2,12.99,0.00
3888,1717,23,2,19.99,0.00
3889,1718,29,1,59.99,0.00
3890,1718,36,5,109.99,0.00
3891,1719,36,2,109.99,0.00
3892,1719,14,1,39.99,0.00
3893,1720,37,2,299.99,0.10
3894,1721,27,1,129.99,0.15
3895,1722,13,1,69.99,0.05
3896,1723,16,10,599.99,0.20
3897,1723,24,2,79.99,0.05
3898,1724,30,5,99.99,0.10
3899,1725,28,2,149.99,0.00
3900,1726,22,5,9.99,0.00
3901,1726,14,2,39.99,0.00
3902,1726,11,2,29.99,0.10
3903,1727,11,5,29.99,0.00
3904,1727,21,1,12.99,0.00
3905,1727,9,1,799.99,0.10
3906,1728,31,5,599.99,0.10
3907,1728,9,2,799.99,0.10
3908,1729,31,1,599.99,0.10
3909,1729,30,1,99.99,0.00
3910,1729,8,2,699.00,0.00
3911,1730,6,1,999.00,0.00
3912,1731,14,5,39.99,0.20
3913,1732,31,3,599.99,0.10
3914,1732,7,3,849.99,0.15
3915,1733,40,1,549.99,0.00
3916,1733,28,3,149.99,0.00
3917,1734,19,3,159.99,0.00
3918,1735,9,10,799.99,0.00
3919,1736,9,1,799.99,0.00
3920,1736,6,10,999.00,0.10
3921,1736,38,2,14.99,0.00
3922,1737,41,1,199.99,0.15
3923,1737,38,1,14.99,0.10
3924,1738,2,1,1349.99,0.00
3925,1738,33,2,249.99,0.10
3926,1739,14,2,39.99,0.10
3927,1739,15,1,129.99,0.15
3928,1739,21,2,12.99,0.00
3929,1739,19,2,159.99,0.00
3930,1740,27,1,129.99,0.00
3931,1740,41,3,199.99,0.10
3932,1741,27,1,129.99,0.05
3933,1741,28,1,149.99,0.05
3934,1741,24,1,79.99,0.15
3935,1742,10,1,49.99,0.00
3936,1742,2,1,1349.99,0.10
3937,1742,35,3,89.99,0.00
3938,1743,8,2,699.00,0.05
3939,1744,27,3,129.99,0.15
3940,1745,4,1,1299.99,0.00
3941,1746,8,3,699.00,0.00
3942,1746,1,3,899.99,0.20
3943,1747,5,2,999.99,0.00
3944,1747,22,3,9.99,0.00
3945,1747,35,1,89.99,0.00
3946,1747,39,2,399.99,0.00
3947,1747,12,1,89.99,0.00
3948,1748,9,2,799.99,0.00
3949,1749,17,5,449.99,0.15
3950,1749,30,1,99.99,0.20
3951,1749,1,5,899.99,0.00
3952,1750,40,2,549.99,0.15
3953,1751,8,1,699.00,0.00
3954,1751,20,1,49.99,0.20
3955,1752,32,2,179.99,0.15
3956,1752,28,2,149.99,0.00
3957,1753,28,1,149.99,0.10
3958,1753,35,1,89.99,0.10
3959,1753,34,2,34.99,0.00
3960,1753,23,2,19.99,0.05
3961,1754,37,2,299.99,0.00
3962,1754,13,5,69.99,0.20
3963,1755,35,1,89.99,0.05
3964,1755,39,3,399.99,0.05
3965,1755,1,1,899.99,0.00
3966,1755,30,2,99.99,0.00
3967,1756,36,3,109.99,0.15
3968,1757,19,5,159.99,0.10
3969,1757,8,1,699.00,0.05
3970,1757,29,1,59.99,0.00
3971,1757,7,3,849.99,0.05
3972,1758,8,2,699.00,0.00
3973,1758,20,5,49.99,0.00
3974,1759,12,2,89.99,0.15
3975,1759,34,1,34.99,0.00
3976,1759,29,1,59.99,0.00
3977,1760,10,1,49.99,0.05
3978,1760,22,1,9.99,0.05
3979,1760,41,2,199.99,0.00
3980,1761,11,1,29.99,0.00
3981,1761,15,2,129.99,0.00
3982,1761,13,5,69.99,0.00
3983,1761,27,10,129.99,0.05
3984,1761,39,1,399.99,0.00
3985,1762,37,2,299.99,0.00
3986,1763,6,1,999.00,0.15
3987,1763,18,10,189.99,0.00
3988,1764,32,1,179.99,0.00
3989,1764,14,5,39.99,0.00
3990,1765,35,1,89.99,0.15
3991,1765,27,1,129.99,0.10
3992,1766,23,2,19.99,0.15
3993,1767,20,1,49.99,0.05
3994,1767,34,2,34.99,0.00
3995,1767,21,2,12.99,0.15
3996,1767,16,5,599.99,0.00
3997,1767,10,1,49.99,0.15
3998,1768,20,5,49.99,0.10
3999,1768,16,10,599.99,0.05
4000,1769,4,10,1299.99,0.00
4001,1769,24,1,79.99,0.00
4002,1770,39,3,399.99,0.05
4003,1771,38,1,14.99,0.05
4004,1772,5,2,999.99,0.00
4005,1772,27,1,129.99,0.05
4006,1772,9,2,799.99,0.05
4007,1772,22,1,9.99,0.00
4008,1773,5,1,999.99,0.00
4009,1774,32,2,179.99,0.10
4010,1775,16,2,599.99,0.05
4011,1776,10,3,49.99,0.00
4012,1776,36,1,109.99,0.05
4013,1776,28,1,149.99,0.00
4014,1777,19,10,159.99,0.00
4015,1777,22,3,9.99,0.20
4016,1778,31,2,599.99,0.15
4017,1779,3,1,1199.00,0.00
4018,1779,27,3,129.99,0.00
4019,1780,6,2,999.00,0.10
4020,1781,17,3,449.99,0.00
4021,1781,7,1,849.99,0.00
4022,1781,12,10,89.99,0.05
4023,1782,6,3,999.00,0.00
4024,1782,39,3,399.99,0.00
4025,1783,20,3,49.99,0.05
4026,1783,22,5,9.99,0.00
4027,1783,3,2,1199.00,0.10
4028,1783,40,2,549.99,0.05
4029,1784,34,1,34.99,0.00
4030,1784,36,5,109.99,0.05
4031,1784,3,2,1199.00,0.00
4032,1785,10,1,49.99,0.00
4033,1785,36,2,109.99,0.10
4034,1785,12,2,89.99,0.00
4035,1785,16,2,599.99,0.00
4036,1786,6,2,999.00,0.10
4037,1787,6,2,999.00,0.00
4038,1787,3,2,1199.00,0.00
4039,1787,11,2,29.99,0.05
4040,1787,38,1,14.99,0.05
4041,1788,29,2,59.99,0.10
4042,1788,14,1,39.99,0.05
4043,1788,11,3,29.99,0.10
4044,1789,26,5,199.99,0.10
4045,1789,37,2,299.99,0.05
4046,1790,29,1,59.99,0.05
4047,1790,32,1,179.99,0.05
4048,1791,21,1,12.99,0.10
4049,1792,36,2,109.99,0.00
4050,1792,32,1,179.99,0.15
4051,1793,26,1,199.99,0.10
4052,1793,4,1,1299.99,0.05
4053,1794,20,2,49.99,0.10
4054,1794,41,1,199.99,0.00
4055,1794,5,2,999.99,0.00
4056,1795,21,1,12.99,0.00
4057,1796,35,2,89.99,0.00
4058,1797,25,3,349.99,0.05
4059,1797,34,1,34.99,0.10
4060,1797,8,1,699.00,0.05
4061,1798,25,2,349.99,0.00
4062,1799,3,1,1199.00,0.00
4063,1800,30,1,99.99,0.00
4064,1800,8,3,699.00,0.10
4065,1800,28,2,149.99,0.10
4066,1800,16,1,599.99,0.00
4067,1801,6,3,999.00,0.00
4068,1801,40,1,549.99,0.00
4069,1801,17,2,449.99,0.00
4070,1802,32,1,179.99,0.00
4071,1802,6,2,999.00,0.00
4072,1803,38,2,14.99,0.00
4073,1803,23,2,19.99,0.10
4074,1804,30,1,99.99,0.10
4075,1804,7,2,849.99,0.10
4076,1805,19,1,159.99,0.10
4077,1805,25,5,349.99,0.00
4078,1805,5,2,999.99,0.10
4079,1806,7,1,849.99,0.05
4080,1806,20,1,49.99,0.00
4081,1807,27,1,129.99,0.00
4082,1808,31,1,599.99,0.05
4083,1808,2,3,1349.99,0.00
4084,1809,26,2,199.99,0.00
4085,1809,15,1,129.99,0.20
4086,1810,11,2,29.99,0.00
4087,1811,10,2,49.99,0.00
4088,1812,2,2,1349.99,0.00
4089,1812,6,2,999.00,0.20
4090,1813,40,2,549.99,0.10
4091,1813,34,2,34.99,0.00
4092,1814,7,2,849.99,0.00
4093,1814,32,1,179.99,0.00
4094,1814,8,2,699.00,0.00
4095,1814,18,2,189.99,0.05
4096,1815,21,10,12.99,0.00
4097,1815,27,1,129.99,0.05
4098,1815,16,10,599.99,0.00
4099,1815,7,1,849.99,0.10
4100,1816,14,5,39.99,0.05
4101,1816,32,1,179.99,0.10
4102,1817,4,2,1299.99,0.00
4103,1817,26,1,199.99,0.10
4104,1817,34,2,34.99,0.00
4105,1817,11,2,29.99,0.00
4106,1818,27,1,129.99,0.05
4107,1818,8,2,699.00,0.00
4108,1818,16,1,599.99,0.10
4109,1819,23,3,19.99,0.00
4110,1820,16,1,599.99,0.15
4111,1820,39,10,399.99,0.00
4112,1820,38,2,14.99,0.00
4113,1820,36,1,109.99,0.20
4114,1820,8,1,699.00,0.00
4115,1821,5,3,999.99,0.20
4116,1821,41,5,199.99,0.00
4117,1822,12,3,89.99,0.00
4118,1822,13,2,69.99,0.00
4119,1822,26,2,199.99,0.00
4120,1823,21,1,12.99,0.10
4121,1824,22,1,9.99,0.05
4122,1824,40,2,549.99,0.00
4123,1825,40,2,549.99,0.00
4124,1826,6,2,999.00,0.00
4125,1826,27,1,129.99,0.20
4126,1826,26,2,199.99,0.15
4127,1827,19,10,159.99,0.10
4128,1828,18,5,189.99,0.10
4129,1828,7,1,849.99,0.10
4130,1828,40,2,549.99,0.15
4131,1828,34,1,34.99,0.00
4132,1829,20,1,49.99,0.00
4133,1829,19,10,159.99,0.15
4134,1830,24,1,79.99,0.05
4135,1831,33,10,249.99,0.00
4136,1831,28,1,149.99,0.05
4137,1831,5,2,999.99,0.00
4138,1832,30,3,99.99,0.00
4139,1832,3,3,1199.00,0.20
4140,1832,21,2,12.99,0.05
4141,1832,20,2,49.99,0.10
4142,1833,13,1,69.99,0.00
4143,1834,12,2,89.99,0.10
4144,1834,16,2,599.99,0.05
4145,1835,25,1,349.99,0.00
4146,1836,40,1,549.99,0.05
4147,1836,15,5,129.99,0.00
4148,1836,20,1,49.99,0.05
4149,1837,34,2,34.99,0.00
4150,1838,25,1,349.99,0.00
4151,1838,28,2,149.99,0.10
4152,1838,40,3,549.99,0.00
4153,1839,22,1,9.99,0.00
4154,1840,36,2,109.99,0.15
4155,1841,1,2,899.99,0.15
4156,1841,16,5,599.99,0.00
4157,1841,37,1,299.99,0.00
4158,1842,36,1,109.99,0.00
4159,1842,34,2,34.99,0.05
4160,1843,19,3,159.99,0.05
4161,1844,40,1,549.99,0.00
4162,1844,38,3,14.99,0.00
4163,1845,17,2,449.99,0.15
4164,1846,29,1,59.99,0.10
4165,1846,7,2,849.99,0.10
4166,1846,22,1,9.99,0.00
4167,1847,19,2,159.99,0.10
4168,1847,17,1,449.99,0.00
4169,1848,2,1,1349.99,0.15
4170,1848,18,2,189.99,0.10
4171,1849,3,3,1199.00,0.10
4172,1849,9,1,799.99,0.00
4173,1850,22,3,9.99,0.00
4174,1851,35,3,89.99,0.10
4175,1851,21,5,12.99,0.00
4176,1851,32,10,179.99,0.00
4177,1851,28,2,149.99,0.10
4178,1852,4,2,1299.99,0.00
4179,1852,25,3,349.99,0.00
4180,1852,13,3,69.99,0.15
4181,1852,21,1,12.99,0.05
4182,1853,19,2,159.99,0.05
4183,1854,25,1,349.99,0.00
4184,1854,31,1,599.99,0.00
4185,1855,39,1,399.99,0.05
4186,1856,10,1,49.99,0.00
4187,1856,13,2,69.99,0.00
4188,1857,20,2,49.99,0.00
4189,1857,18,2,189.99,0.15
4190,1857,23,1,19.99,0.15
4191,1857,30,2,99.99,0.00
4192,1858,32,3,179.99,0.20
4193,1858,17,5,449.99,0.05
4194,1859,9,3,799.99,0.00
4195,1859,38,2,14.99,0.00
4196,1859,23,3,19.99,0.00
4197,1860,2,5,1349.99,0.00
4198,1860,17,5,449.99,0.00
4199,1861,21,3,12.99,0.10
4200,1862,3,2,1199.00,0.00
4201,1863,19,3,159.99,0.00
4202,1864,12,5,89.99,0.00
4203,1864,13,2,69.99,0.20
4204,1865,17,1,449.99,0.10
4205,1865,30,3,99.99,0.05
4206,1865,2,3,1349.99,0.00
4207,1865,37,2,299.99,0.00
4208,1865,6,2,999.00,0.05
4209,1866,7,2,849.99,0.00
4210,1867,20,2,49.99,0.15
4211,1867,31,2,599.99,0.10
4212,1868,27,2,129.99,0.00
4213,1868,26,2,199.99,0.10
4214,1868,25,3,349.99,0.00
4215,1869,11,3,29.99,0.05
4216,1870,2,2,1349.99,0.05
4217,1870,21,2,12.99,0.15
4218,1870,18,1,189.99,0.00
4219,1870,31,1,599.99,0.15
4220,1871,14,1,39.99,0.10
4221,1871,36,2,109.99,0.00
4222,1871,38,2,14.99,0.15
4223,1871,6,3,999.00,0.00
4224,1872,11,2,29.99,0.00
4225,1872,15,1,129.99,0.00
4226,1872,33,5,249.99,0.05
4227,1873,20,1,49.99,0.20
4228,1873,7,5,849.99,0.00
4229,1874,27,3,129.99,0.05
4230,1875,41,2,199.99,0.00
4231,1875,11,2,29.99,0.00
4232,1876,5,10,999.99,0.00
4233,1876,11,3,29.99,0.10
4234,1876,36,10,109.99,0.00
4235,1877,7,2,849.99,0.20
4236,1877,38,1,14.99,0.15
4237,1877,15,3,129.99,0.10
4238,1877,20,10,49.99,0.20
4239,1878,12,1,89.99,0.05
4240,1878,20,1,49.99,0.00
4241,1878,11,3,29.99,0.20
4242,1879,10,5,49.99,0.00
4243,1879,31,10,599.99,0.00
4244,1880,13,10,69.99,0.00
4245,1880,4,1,1299.99,0.00
4246,1881,4,1,1299.99,0.05
4247,1881,40,2,549.99,0.00
4248,1881,27,2,129.99,0.10
4249,1882,8,2,699.00,0.00
4250,1882,36,5,109.99,0.15
4251,1882,12,2,89.99,0.00
4252,1882,39,1,399.99,0.00
4253,1883,7,10,849.99,0.00
4254,1883,25,2,349.99,0.00
4255,1884,17,1,449.99,0.10
4256,1885,6,2,999.00,0.00
4257,1886,25,1,349.99,0.00
4258,1886,10,1,49.99,0.05
4259,1887,41,2,199.99,0.15
4260,1888,13,1,69.99,0.00
4261,1888,11,2,29.99,0.00
4262,1889,36,1,109.99,0.00
4263,1889,30,1,99.99,0.00
4264,1889,8,3,699.00,0.00
4265,1890,41,3,199.99,0.00
4266,1890,34,2,34.99,0.00
4267,1890,26,5,199.99,0.00
4268,1890,2,1,1349.99,0.10
4269,1891,39,3,399.99,0.00
4270,1891,22,5,9.99,0.05
4271,1891,3,10,1199.00,0.05
4272,1892,25,1,349.99,0.10
4273,1893,33,3,249.99,0.00
4274,1893,29,2,59.99,0.20
4275,1894,27,10,129.99,0.10
4276,1894,9,5,799.99,0.05
4277,1894,38,1,14.99,0.00
4278,1894,2,3,1349.99,0.00
4279,1894,6,3,999.00,0.15
4280,1895,8,3,699.00,0.10
4281,1896,37,1,299.99,0.05
4282,1896,19,3,159.99,0.00
4283,1897,16,2,599.99,0.15
4284,1898,15,2,129.99,0.00
4285,1898,9,1,799.99,0.05
4286,1899,22,2,9.99,0.00
4287,1899,25,3,349.99,0.15
4288,1899,10,2,49.99,0.00
4289,1900,8,1,699.00,0.00
4290,1900,34,1,34.99,0.15
4291,1900,14,2,39.99,0.00
4292,1901,32,1,179.99,0.15
4293,1901,33,1,249.99,0.10
4294,1902,31,1,599.99,0.00
4295,1902,22,1,9.99,0.15
4296,1902,10,1,49.99,0.00
4297,1903,18,3,189.99,0.20
4298,1903,35,1,89.99,0.05
4299,1904,11,3,29.99,0.05
4300,1904,28,3,149.99,0.05
4301,1904,29,2,59.99,0.00
4302,1904,21,1,12.99,0.00
4303,1904,8,3,699.00,0.00
4304,1905,34,2,34.99,0.15
4305,1905,39,1,399.99,0.10
4306,1906,26,1,199.99,0.10
4307,1906,13,2,69.99,0.05
4308,1906,3,1,1199.00,0.15
4309,1907,39,1,399.99,0.00
4310,1908,4,5,1299.99,0.20
4311,1908,6,1,999.00,0.10
4312,1908,41,1,199.99,0.00
4313,1909,24,2,79.99,0.10
4314,1909,34,1,34.99,0.00
4315,1909,26,1,199.99,0.00
4316,1910,28,5,149.99,0.15
4317,1910,32,3,179.99,0.00
4318,1911,20,2,49.99,0.00
4319,1912,41,3,199.99,0.00
4320,1912,10,1,49.99,0.20
4321,1913,36,2,109.99,0.00
4322,1913,16,5,599.99,0.05
4323,1913,2,1,1349.99,0.00
4324,1914,33,1,249.99,0.00
4325,1914,18,2,189.99,0.05
4326,1915,37,1,299.99,0.00
4327,1915,7,1,849.99,0.00
4328,1915,39,2,399.99,0.00
4329,1915,33,1,249.99,0.00
4330,1916,35,1,89.99,0.10
4331,1917,29,1,59.99,0.10
4332,1917,28,2,149.99,0.00
4333,1918,14,1,39.99,0.10
4334,1918,41,2,199.99,0.05
4335,1918,20,1,49.99,0.15
4336,1919,40,5,549.99,0.00
4337,1920,30,10,99.99,0.05
4338,1920,8,1,699.00,0.15
4339,1921,17,2,449.99,0.10
4340,1921,16,2,599.99,0.05
4341,1922,26,1,199.99,0.00
4342,1922,17,2,449.99,0.10
4343,1923,14,2,39.99,0.00
4344,1923,40,5,549.99,0.05
4345,1924,23,3,19.99,0.00
4346,1924,32,2,179.99,0.15
4347,1925,17,2,449.99,0.00
4348,1925,41,3,199.99,0.05
4349,1925,8,10,699.00,0.00
4350,1925,13,1,69.99,0.00
4351,1926,7,3,849.99,0.00
4352,1926,17,2,449.99,0.10
4353,1927,22,2,9.99,0.00
4354,1927,3,5,1199.00,0.00
4355,1928,7,2,849.99,0.05
4356,1928,2,1,1349.99,0.10
4357,1928,5,3,999.99,0.00
4358,1929,35,2,89.99,0.05
4359,1930,24,2,79.99,0.10
4360,1931,16,10,599.99,0.10
4361,1931,23,2,19.99,0.00
4362,1932,30,1,99.99,0.05
4363,1932,9,1,799.99,0.00
4364,1933,5,1,999.99,0.05
4365,1933,18,5,189.99,0.00
4366,1934,15,2,129.99,0.10
4367,1934,21,5,12.99,0.20
4368,1934,31,1,599.99,0.20
4369,1934,37,1,299.99,0.10
4370,1935,24,3,79.99,0.00
4371,1936,22,1,9.99,0.20
4372,1937,5,1,999.99,0.05
4373,1938,9,1,799.99,0.05
4374,1938,13,1,69.99,0.15
4375,1938,11,3,29.99,0.00
4376,1939,22,2,9.99,0.00
4377,1939,40,2,549.99,0.00
4378,1939,20,1,49.99,0.00
4379,1939,26,1,199.99,0.10
4380,1939,21,1,12.99,0.15
4381,1940,22,5,9.99,0.00
4382,1940,6,10,999.00,0.05
4383,1940,14,1,39.99,0.00
4384,1940,25,3,349.99,0.05
4385,1941,20,2,49.99,0.15
4386,1941,7,5,849.99,0.15
4387,1942,34,1,34.99,0.00
4388,1943,25,1,349.99,0.05
4389,1943,1,5,899.99,0.00
4390,1944,31,3,599.99,0.00
4391,1944,28,3,149.99,0.00
4392,1944,7,2,849.99,0.05
4393,1944,35,2,89.99,0.00
4394,1944,16,2,599.99,0.20
4395,1945,4,1,1299.99,0.00
4396,1945,20,2,49.99,0.00
4397,1946,40,2,549.99,0.00
4398,1946,28,2,149.99,0.00
4399,1947,17,3,449.99,0.05
4400,1948,22,3,9.99,0.20
4401,1949,24,1,79.99,0.00
4402,1949,36,2,109.99,0.05
4403,1949,37,2,299.99,0.00
4404,1950,41,3,199.99,0.10
4405,1950,26,1,199.99,0.00
4406,1951,36,1,109.99,0.00
4407,1951,33,1,249.99,0.15
4408,1951,30,5,99.99,0.00
4409,1952,40,2,549.99,0.00
4410,1953,22,1,9.99,0.00
4411,1953,17,2,449.99,0.00
4412,1954,6,1,999.00,0.00
4413,1954,10,1,49.99,0.05
4414,1954,35,2,89.99,0.10
4415,1955,30,5,99.99,0.05
4416,1955,7,1,849.99,0.00
4417,1955,32,2,179.99,0.15
4418,1955,6,5,999.00,0.00
4419,1956,26,1,199.99,0.10
4420,1957,36,1,109.99,0.05
4421,1957,17,3,449.99,0.00
4422,1958,20,1,49.99,0.20
4423,1959,15,3,129.99,0.10
4424,1959,6,1,999.00,0.00
4425,1959,41,1,199.99,0.10
4426,1960,17,2,449.99,0.15
4427,1960,22,5,9.99,0.05
4428,1960,8,3,699.00,0.20
4429,1960,1,3,899.99,0.00
4430,1960,20,1,49.99,0.00
4431,1961,30,3,99.99,0.05
4432,1961,39,5,399.99,0.10
4433,1962,4,2,1299.99,0.20
4434,1963,27,1,129.99,0.05
4435,1963,22,2,9.99,0.00
4436,1963,30,2,99.99,0.00
4437,1964,1,2,899.99,0.00
4438,1965,25,1,349.99,0.15
4439,1965,38,2,14.99,0.15
4440,1965,39,1,399.99,0.05
4441,1966,29,2,59.99,0.00
4442,1966,30,1,99.99,0.05
4443,1967,38,5,14.99,0.10
4444,1967,12,5,89.99,0.00
4445,1968,36,2,109.99,0.00
4446,1969,19,1,159.99,0.15
4447,1969,13,1,69.99,0.10
4448,1969,11,1,29.99,0.05
4449,1969,15,1,129.99,0.00
4450,1970,25,3,349.99,0.05
4451,1970,37,1,299.99,0.05
4452,1970,17,2,449.99,0.00
4453,1971,9,1,799.99,0.00
4454,1971,33,3,249.99,0.00
4455,1972,19,2,159.99,0.15
4456,1972,35,1,89.99,0.00
4457,1973,24,1,79.99,0.00
4458,1974,20,1,49.99,0.10
4459,1974,9,2,799.99,0.15
4460,1975,12,1,89.99,0.10
4461,1976,6,2,999.00,0.10
4462,1977,37,2,299.99,0.00
4463,1977,9,2,799.99,0.00
4464,1978,20,3,49.99,0.00
4465,1978,37,3,299.99,0.00
4466,1978,24,2,79.99,0.00
4467,1979,33,2,249.99,0.00
4468,1979,1,1,899.99,0.00
4469,1980,11,3,29.99,0.05
4470,1981,5,2,999.99,0.00
4471,1981,26,5,199.99,0.00
4472,1981,18,5,189.99,0.00
4473,1981,34,2,34.99,0.15
4474,1982,37,1,299.99,0.00
4475,1982,29,1,59.99,0.15
4476,1983,13,10,69.99,0.05
4477,1983,1,2,899.99,0.15
4478,1983,37,2,299.99,0.00
4479,1984,22,1,9.99,0.00
4480,1984,29,1,59.99,0.10
4481,1984,39,2,399.99,0.05
4482,1984,10,1,49.99,0.05
4483,1985,31,1,599.99,0.00
4484,1985,9,1,799.99,0.00
4485,1986,15,3,129.99,0.20
4486,1987,31,2,599.99,0.05
4487,1988,21,3,12.99,0.10
4488,1988,8,2,699.00,0.00
4489,1988,5,2,999.99,0.20
4490,1988,28,5,149.99,0.00
4491,1989,12,2,89.99,0.00
4492,1989,20,1,49.99,0.00
4493,1990,5,1,999.99,0.05
4494,1991,30,5,99.99,0.00
4495,1991,31,1,599.99,0.00
4496,1991,11,2,29.99,0.00
4497,1992,25,5,349.99,0.10
4498,1992,24,5,79.99,0.00
4499,1992,31,2,599.99,0.05
4500,1992,8,1,699.00,0.00
4501,1992,22,5,9.99,0.00
4502,1993,31,2,599.99,0.00
4503,1994,27,2,129.99,0.00
4504,1994,23,1,19.99,0.15
4505,1995,17,2,449.99,0.15
4506,1996,18,5,189.99,0.05
4507,1997,8,3,699.00,0.00
4508,1998,27,1,129.99,0.00
4509,1998,37,5,299.99,0.10
4510,1998,1,1,899.99,0.00
4511,1998,41,2,199.99,0.10
4512,1999,21,2,12.99,0.05
4513,2000,39,3,399.99,0.00
4514,2000,2,3,1349.99,0.00
4515,2001,13,1,69.99,0.05
4516,2002,27,1,129.99,0.00
4517,2002,5,2,999.99,0.10
4518,2002,20,3,49.99,0.00
4519,2003,40,2,549.99,0.00
4520,2004,18,2,189.99,0.00
4521,2004,37,1,299.99,0.05
4522,2004,15,2,129.99,0.00
4523,2005,23,2,19.99,0.00
4524,2005,12,1,89.99,0.10
4525,2005,33,3,249.99,0.00
4526,2005,31,1,599.99,0.00
4527,2005,36,2,109.99,0.00
4528,2006,28,1,149.99,0.00
4529,2006,20,1,49.99,0.05
4530,2006,7,2,849.99,0.00
4531,2006,12,3,89.99,0.00
4532,2006,10,1,49.99,0.00
4533,2007,7,3,849.99,0.00
4534,2008,38,10,14.99,0.00
4535,2009,20,1,49.99,0.00
4536,2009,22,2,9.99,0.00
4537,2009,26,1,199.99,0.00
4538,2010,5,3,999.99,0.10
4539,2010,38,3,14.99,0.15
4540,2010,6,5,999.00,0.00
4541,2011,5,1,999.99,0.00
4542,2011,40,3,549.99,0.00
4543,2011,31,5,599.99,0.15
4544,2011,8,1,699.00,0.10
4545,2012,28,1,149.99,0.00
4546,2013,28,1,149.99,0.10
4547,2013,16,2,599.99,0.15
4548,2013,21,1,12.99,0.00
4549,2013,9,1,799.99,0.05
4550,2014,30,1,99.99,0.05
4551,2014,5,2,999.99,0.00
4552,2015,19,3,159.99,0.00
4553,2016,34,1,34.99,0.05
4554,2016,33,1,249.99,0.10
4555,2016,36,5,109.99,0.05
4556,2017,35,1,89.99,0.10
4557,2017,23,1,19.99,0.00
4558,2018,26,2,199.99,0.00
4559,2018,36,2,109.99,0.05
4560,2019,41,10,199.99,0.00
4561,2020,27,1,129.99,0.00
4562,2021,26,2,199.99,0.20
4563,2022,17,1,449.99,0.00
4564,2023,37,5,299.99,0.00
4565,2023,3,2,1199.00,0.00
4566,2024,28,1,149.99,0.00
4567,2025,16,2,599.99,0.00
4568,2025,6,5,999.00,0.00
4569,2025,33,1,249.99,0.00
4570,2025,4,3,1299.99,0.00
4571,2025,41,1,199.99,0.10
4572,2026,13,1,69.99,0.00
4573,2027,19,2,159.99,0.05
4574,2028,19,10,159.99,0.00
4575,2028,22,10,9.99,0.05
4576,2028,21,3,12.99,0.00
4577,2028,2,2,1349.99,0.15
4578,2028,4,3,1299.99,0.05
4579,2029,25,1,349.99,0.00
4580,2030,4,1,1299.99,0.00
4581,2030,2,1,1349.99,0.00
4582,2030,38,5,14.99,0.20
4583,2031,27,10,129.99,0.00
4584,2031,21,1,12.99,0.05
4585,2032,10,1,49.99,0.10
4586,2032,22,2,9.99,0.00
4587,2033,24,1,79.99,0.00
4588,2034,17,5,449.99,0.00
4589,2034,7,5,849.99,0.15
4590,2034,34,1,34.99,0.00
4591,2035,38,1,14.99,0.05
4592,2036,13,1,69.99,0.00
4593,2036,27,1,129.99,0.00
4594,2037,10,1,49.99,0.20
4595,2038,5,1,999.99,0.00
4596,2039,8,2,699.00,0.00
4597,2039,35,1,89.99,0.05
4598,2039,3,1,1199.00,0.00
4599,2040,2,2,1349.99,0.10
4600,2040,17,1,449.99,0.05
4601,2041,21,10,12.99,0.05
4602,2041,25,1,349.99,0.00
4603,2042,3,1,1199.00,0.00
4604,2043,36,1,109.99,0.20
4605,2043,41,5,199.99,0.05
4606,2043,7,1,849.99,0.00
4607,2043,20,1,49.99,0.15
4608,2044,37,3,299.99,0.10
4609,2044,18,5,189.99,0.00
4610,2045,7,1,849.99,0.10
4611,2046,30,2,99.99,0.10
4612,2046,21,2,12.99,0.00
4613,2046,31,1,599.99,0.15
4614,2047,29,2,59.99,0.10
4615,2047,1,1,899.99,0.20
4616,2047,39,2,399.99,0.00
4617,2047,15,3,129.99,0.00
4618,2047,16,1,599.99,0.00
4619,2048,5,1,999.99,0.00
4620,2048,36,5,109.99,0.00
4621,2049,22,2,9.99,0.00
4622,2049,19,1,159.99,0.00
4623,2050,26,1,199.99,0.05
4624,2050,30,2,99.99,0.05
4625,2050,39,1,399.99,0.00
4626,2050,20,1,49.99,0.00
4627,2050,36,2,109.99,0.00
4628,2051,5,2,999.99,0.20
4629,2051,29,5,59.99,0.05
4630,2052,3,1,1199.00,0.15
4631,2052,29,1,59.99,0.00
4632,2052,34,3,34.99,0.00
4633,2053,19,1,159.99,0.20
4634,2054,34,1,34.99,0.05
4635,2055,7,3,849.99,0.00
4636,2055,31,1,599.99,0.00
4637,2056,38,1,14.99,0.00
4638,2056,12,1,89.99,0.10
4639,2057,7,1,849.99,0.05
4640,2057,30,1,99.99,0.00
4641,2058,36,5,109.99,0.20
4642,2058,23,1,19.99,0.05
4643,2058,34,5,34.99,0.05
4644,2058,25,1,349.99,0.00
4645,2059,13,3,69.99,0.15
4646,2060,24,2,79.99,0.00
4647,2061,25,1,349.99,0.05
4648,2061,9,2,799.99,0.05
4649,2061,22,5,9.99,0.00
4650,2062,29,5,59.99,0.05
4651,2062,1,2,899.99,0.00
4652,2062,7,2,849.99,0.10
4653,2063,7,1,849.99,0.10
4654,2063,35,10,89.99,0.00
4655,2063,26,1,199.99,0.10
4656,2064,1,2,899.99,0.00
4657,2064,4,3,1299.99,0.00
4658,2064,6,2,999.00,0.10
4659,2064,8,10,699.00,0.10
4660,2064,21,2,12.99,0.00
4661,2065,13,5,69.99,0.05
4662,2065,34,1,34.99,0.05
4663,2066,26,1,199.99,0.15
4664,2066,31,1,599.99,0.00
4665,2066,9,1,799.99,0.00
4666,2067,27,10,129.99,0.10
4667,2067,24,1,79.99,0.00
4668,2068,14,3,39.99,0.05
4669,2069,15,1,129.99,0.00
4670,2069,2,3,1349.99,0.05
4671,2070,38,2,14.99,0.00
4672,2070,5,1,999.99,0.10
4673,2071,12,3,89.99,0.05
4674,2071,22,5,9.99,0.05
4675,2071,9,2,799.99,0.00
4676,2072,40,2,549.99,0.10
4677,2073,17,1,449.99,0.20
4678,2073,20,3,49.99,0.10
4679,2073,34,2,34.99,0.10
4680,2074,15,1,129.99,0.00
4681,2075,22,3,9.99,0.05
4682,2075,21,2,12.99,0.05
4683,2076,31,1,599.99,0.15
4684,2076,40,2,549.99,0.05
4685,2077,8,1,699.00,0.10
4686,2077,27,1,129.99,0.10
4687,2078,12,1,89.99,0.05
4688,2078,40,2,549.99,0.00
4689,2078,21,3,12.99,0.10
4690,2079,23,2,19.99,0.05
4691,2079,5,1,999.99,0.10
4692,2080,30,1,99.99,0.00
4693,2080,1,10,899.99,0.00
4694,2080,14,2,39.99,0.00
4695,2080,34,1,34.99,0.05
4696,2080,28,3,149.99,0.00
4697,2081,3,2,1199.00,0.20
4698,2081,33,2,249.99,0.05
4699,2081,10,1,49.99,0.15
4700,2081,37,5,299.99,0.10
4701,2081,11,1,29.99,0.00
4702,2082,28,10,149.99,0.10
4703,2083,40,2,549.99,0.00
4704,2084,11,2,29.99,0.00
4705,2084,32,5,179.99,0.05
4706,2085,2,5,1349.99,0.00
4707,2085,24,1,79.99,0.00
4708,2086,4,1,1299.99,0.00
4709,2087,15,2,129.99,0.05
4710,2087,1,5,899.99,0.05
4711,2087,13,1,69.99,0.00
4712,2088,36,1,109.99,0.00
4713,2088,2,1,1349.99,0.00
4714,2088,39,3,399.99,0.10
4715,2089,14,5,39.99,0.00
4716,2090,17,2,449.99,0.00
4717,2090,38,2,14.99,0.00
4718,2091,27,1,129.99,0.05
4719,2092,8,1,699.00,0.00
4720,2093,27,3,129.99,0.10
4721,2093,7,1,849.99,0.05
4722,2093,13,2,69.99,0.00
4723,2093,8,3,699.00,0.05
4724,2093,22,1,9.99,0.05
4725,2094,18,3,189.99,0.20
4726,2095,13,1,69.99,0.00
4727,2095,39,1,399.99,0.00
4728,2095,24,1,79.99,0.00
4729,2096,35,2,89.99,0.00
4730,2096,12,10,89.99,0.00
4731,2097,35,1,89.99,0.10
4732,2097,33,2,249.99,0.10
4733,2098,12,10,89.99,0.00
4734,2098,39,2,399.99,0.00
4735,2098,15,3,129.99,0.05
4736,2098,24,1,79.99,0.00
4737,2099,6,2,999.00,0.10
4738,2099,7,10,849.99,0.10
4739,2100,29,10,59.99,0.00
4740,2100,17,2,449.99,0.15
4741,2100,21,1,12.99,0.05
4742,2100,7,2,849.99,0.15
4743,2100,6,3,999.00,0.00
4744,2101,25,3,349.99,0.05
4745,2102,5,2,999.99,0.05
4746,2102,9,5,799.99,0.05
4747,2103,7,3,849.99,0.10
4748,2103,8,2,699.00,0.10
4749,2104,22,2,9.99,0.15
4750,2105,23,2,19.99,0.10
4751,2105,10,10,49.99,0.05
4752,2106,16,1,599.99,0.00
4753,2106,37,3,299.99,0.15
4754,2106,30,1,99.99,0.00
4755,2107,20,2,49.99,0.15
4756,2107,18,2,189.99,0.15
4757,2107,21,1,12.99,0.00
4758,2108,25,3,349.99,0.00
4759,2108,41,2,199.99,0.00
4760,2109,17,1,449.99,0.05
4761,2110,37,2,299.99,0.05
4762,2110,4,3,1299.99,0.20
4763,2111,32,1,179.99,0.00
4764,2111,22,1,9.99,0.10
4765,2111,27,10,129.99,0.05
4766,2111,36,2,109.99,0.20
4767,2112,30,5,99.99,0.05
4768,2112,25,5,349.99,0.00
4769,2112,7,1,849.99,0.05
4770,2113,33,1,249.99,0.00
4771,2114,3,1,1199.00,0.10
4772,2114,12,10,89.99,0.15
4773,2115,22,1,9.99,0.00
4774,2115,8,1,699.00,0.05
4775,2116,28,3,149.99,0.00
4776,2117,3,1,1199.00,0.00
4777,2117,10,1,49.99,0.20
4778,2117,27,1,129.99,0.15
4779,2118,7,1,849.99,0.05
4780,2118,36,1,109.99,0.05
4781,2118,37,2,299.99,0.10
4782,2119,10,1,49.99,0.00
4783,2120,19,2,159.99,0.00
4784,2120,27,2,129.99,0.15
4785,2121,27,1,129.99,0.00
4786,2122,14,2,39.99,0.15
4787,2122,15,1,129.99,0.10
4788,2122,9,1,799.99,0.05
4789,2123,37,1,299.99,0.05
4790,2124,10,2,49.99,0.15
4791,2124,4,2,1299.99,0.00
4792,2124,37,2,299.99,0.05
4793,2125,22,2,9.99,0.00
4794,2126,28,2,149.99,0.15
4795,2127,15,5,129.99,0.00
4796,2127,38,2,14.99,0.05
4797,2127,41,1,199.99,0.05
4798,2128,12,5,89.99,0.00
4799,2129,29,2,59.99,0.00
4800,2129,18,1,189.99,0.05
4801,2129,12,2,89.99,0.05
4802,2130,10,2,49.99,0.05
4803,2130,11,2,29.99,0.10
4804,2131,27,3,129.99,0.00
4805,2132,37,2,299.99,0.05
4806,2133,41,1,199.99,0.10
4807,2134,31,5,599.99,0.00
4808,2134,32,2,179.99,0.10
4809,2134,36,2,109.99,0.00
4810,2135,10,2,49.99,0.05
4811,2135,40,10,549.99,0.00
4812,2136,10,2,49.99,0.00
4813,2136,26,2,199.99,0.00
4814,2137,34,5,34.99,0.00
4815,2138,26,1,199.99,0.20
4816,2139,8,3,699.00,0.20
4817,2139,12,1,89.99,0.05
4818,2140,6,1,999.00,0.05
4819,2140,37,2,299.99,0.05
4820,2140,39,2,399.99,0.00
4821,2141,32,1,179.99,0.00
4822,2141,7,2,849.99,0.10
4823,2141,24,1,79.99,0.10
4824,2142,29,1,59.99,0.05
4825,2142,39,2,399.99,0.00
4826,2143,37,1,299.99,0.00
4827,2143,1,2,899.99,0.00
4828,2143,4,3,1299.99,0.00
4829,2143,31,1,599.99,0.00
4830,2144,40,1,549.99,0.00
4831,2145,39,1,399.99,0.00
4832,2145,31,2,599.99,0.05
4833,2146,29,1,59.99,0.00
4834,2146,20,2,49.99,0.05
4835,2146,17,3,449.99,0.05
4836,2146,11,1,29.99,0.00
4837,2147,24,1,79.99,0.15
4838,2148,29,3,59.99,0.10
4839,2149,8,3,699.00,0.00
4840,2149,25,2,349.99,0.00
4841,2150,24,2,79.99,0.05
4842,2151,4,1,1299.99,0.10
4843,2152,17,1,449.99,0.05
4844,2152,22,2,9.99,0.00
4845,2153,7,2,849.99,0.00
4846,2153,8,3,699.00,0.00
4847,2153,6,2,999.00,0.00
4848,2154,21,1,12.99,0.00
4849,2154,39,1,399.99,0.10
4850,2155,13,2,69.99,0.15
4851,2155,18,1,189.99,0.10
4852,2156,32,1,179.99,0.15
4853,2156,9,1,799.99,0.10
4854,2157,7,1,849.99,0.00
4855,2157,40,3,549.99,0.00
4856,2158,19,2,159.99,0.15
4857,2158,12,10,89.99,0.00
4858,2159,17,2,449.99,0.00
4859,2160,12,2,89.99,0.15
4860,2161,35,2,89.99,0.00
4861,2161,34,1,34.99,0.00
4862,2162,8,5,699.00,0.15
4863,2163,1,10,899.99,0.00
4864,2163,22,2,9.99,0.00
4865,2164,2,1,1349.99,0.00
4866,2164,8,10,699.00,0.00
4867,2165,8,10,699.00,0.00
4868,2165,5,3,999.99,0.00
4869,2166,30,2,99.99,0.05
4870,2166,2,5,1349.99,0.20
4871,2166,27,1,129.99,0.00
4872,2166,22,3,9.99,0.00
4873,2167,32,2,179.99,0.05
4874,2167,5,1,999.99,0.00
4875,2167,35,5,89.99,0.00
4876,2168,1,2,899.99,0.00
4877,2168,32,5,179.99,0.05
4878,2169,40,5,549.99,0.00
4879,2170,34,5,34.99,0.00
4880,2171,34,3,34.99,0.00
4881,2172,38,5,14.99,0.05
4882,2173,35,5,89.99,0.00
4883,2173,19,1,159.99,0.00
4884,2173,29,1,59.99,0.05
4885,2174,11,1,29.99,0.00
4886,2174,14,1,39.99,0.00
4887,2174,2,1,1349.99,0.10
4888,2175,22,1,9.99,0.00
4889,2175,12,1,89.99,0.00
4890,2175,31,1,599.99,0.00
4891,2176,1,2,899.99,0.05
4892,2177,41,1,199.99,0.00
4893,2177,24,1,79.99,0.05
4894,2177,31,5,599.99,0.15
4895,2177,16,2,599.99,0.05
4896,2178,38,1,14.99,0.15
4897,2178,31,3,599.99,0.00
4898,2179,29,3,59.99,0.00
4899,2179,2,3,1349.99,0.00
4900,2179,20,1,49.99,0.00
4901,2179,11,2,29.99,0.05
4902,2180,30,1,99.99,0.00
4903,2180,3,2,1199.00,0.15
4904,2180,19,1,159.99,0.10
4905,2180,7,2,849.99,0.10
4906,2181,22,1,9.99,0.20
4907,2181,25,1,349.99,0.05
4908,2181,39,5,399.99,0.10
4909,2182,5,1,999.99,0.05
4910,2182,11,1,29.99,0.00
4911,2183,40,1,549.99,0.00
4912,2184,27,1,129.99,0.05
4913,2185,16,2,599.99,0.00
4914,2186,10,1,49.99,0.00
4915,2186,35,2,89.99,0.00
4916,2186,15,5,129.99,0.10
4917,2187,14,3,39.99,0.00
4918,2187,30,2,99.99,0.00
4919,2187,18,2,189.99,0.00
4920,2188,39,2,399.99,0.00
4921,2188,28,2,149.99,0.05
4922,2189,24,5,79.99,0.00
4923,2189,2,2,1349.99,0.05
4924,2190,24,5,79.99,0.05
4925,2190,19,2,159.99,0.15
4926,2191,4,5,1299.99,0.15
4927,2192,21,1,12.99,0.00
4928,2193,19,1,159.99,0.10
4929,2193,21,1,12.99,0.10
4930,2194,2,3,1349.99,0.05
4931,2194,33,1,249.99,0.00
4932,2195,11,3,29.99,0.00
4933,2196,15,2,129.99,0.00
4934,2196,19,3,159.99,0.00
4935,2196,2,2,1349.99,0.00
4936,2197,4,1,1299.99,0.10
4937,2197,2,2,1349.99,0.00
4938,2198,1,2,899.99,0.05
4939,2198,6,10,999.00,0.10
4940,2199,33,3,249.99,0.00
4941,2200,30,2,99.99,0.00
4942,2201,2,3,1349.99,0.05
4943,2202,38,5,14.99,0.05
4944,2203,5,1,999.99,0.00
4945,2203,38,3,14.99,0.00
4946,2204,10,1,49.99,0.00
4947,2205,10,1,49.99,0.00
4948,2206,5,1,999.99,0.05
4949,2206,31,2,599.99,0.15
4950,2206,6,1,999.00,0.00
4951,2207,8,1,699.00,0.15
4952,2207,16,1,599.99,0.20
4953,2207,14,1,39.99,0.00
4954,2207,11,1,29.99,0.00
4955,2208,32,3,179.99,0.00
4956,2208,30,3,99.99,0.05
4957,2208,23,1,19.99,0.00
4958,2209,32,10,179.99,0.05
4959,2210,21,10,12.99,0.10
4960,2210,29,2,59.99,0.00
4961,2210,2,3,1349.99,0.00
4962,2211,39,5,399.99,0.20
4963,2212,14,1,39.99,0.00
4964,2212,30,2,99.99,0.05
4965,2212,4,1,1299.99,0.00
4966,2213,16,1,599.99,0.00
4967,2213,12,1,89.99,0.10
4968,2214,34,2,34.99,0.05
4969,2214,36,1,109.99,0.00
4970,2214,13,3,69.99,0.10
4971,2215,10,2,49.99,0.00
4972,2215,24,1,79.99,0.00
4973,2216,2,5,1349.99,0.05
4974,2216,14,1,39.99,0.10
4975,2217,26,3,199.99,0.00
4976,2217,37,10,299.99,0.05
4977,2218,27,2,129.99,0.10
4978,2218,18,5,189.99,0.00
4979,2219,30,1,99.99,0.15
4980,2220,1,1,899.99,0.10
4981,2220,33,1,249.99,0.10
4982,2221,25,5,349.99,0.00
4983,2222,25,2,349.99,0.00
4984,2222,5,3,999.99,0.10
4985,2222,6,1,999.00,0.10
4986,2222,34,1,34.99,0.20
4987,2223,17,2,449.99,0.00
4988,2223,15,1,129.99,0.00
4989,2224,22,3,9.99,0.00
4990,2225,6,1,999.00,0.10
4991,2225,39,10,399.99,0.20
4992,2225,27,1,129.99,0.05
4993,2225,9,5,799.99,0.05
4994,2226,14,1,39.99,0.00
4995,2226,25,3,349.99,0.00
4996,2226,34,2,34.99,0.10
4997,2227,39,2,399.99,0.00
4998,2228,17,1,449.99,0.05
4999,2228,2,1,1349.99,0.00
5000,2228,16,5,599.99,0.20
5001,2229,22,3,9.99,0.05
5002,2229,37,1,299.99,0.00
5003,2229,8,3,699.00,0.00
5004,2229,20,1,49.99,0.00
5005,2230,28,2,149.99,0.20
5006,2230,9,1,799.99,0.20
5007,2230,31,3,599.99,0.20
5008,2230,22,5,9.99,0.15
5009,2230,11,2,29.99,0.00
5010,2231,38,1,14.99,0.00
5011,2231,12,2,89.99,0.00
5012,2231,15,1,129.99,0.00
5013,2232,3,2,1199.00,0.00
5014,2232,4,10,1299.99,0.00
5015,2232,6,2,999.00,0.05
5016,2233,3,1,1199.00,0.00
5017,2233,18,2,189.99,0.15
5018,2233,37,1,299.99,0.10
5019,2234,35,1,89.99,0.00
5020,2234,13,2,69.99,0.00
5021,2234,41,1,199.99,0.00
5022,2235,27,2,129.99,0.20
5023,2235,21,2,12.99,0.10
5024,2235,25,1,349.99,0.05
5025,2235,18,5,189.99,0.10
5026,2236,34,3,34.99,0.00
5027,2237,8,1,699.00,0.10
5028,2237,5,1,999.99,0.00
5029,2237,20,2,49.99,0.05
5030,2237,26,1,199.99,0.05
5031,2237,17,1,449.99,0.00
5032,2238,34,10,34.99,0.00
5033,2238,35,2,89.99,0.10
5034,2238,22,2,9.99,0.00
5035,2239,36,2,109.99,0.00
5036,2239,8,1,699.00,0.15
5037,2240,11,3,29.99,0.00
5038,2241,10,1,49.99,0.10
5039,2241,35,1,89.99,0.20
5040,2241,28,3,149.99,0.05
5041,2242,9,3,799.99,0.00
5042,2242,7,10,849.99,0.00
5043,2242,1,3,899.99,0.10
5044,2243,41,2,199.99,0.10
5045,2244,3,2,1199.00,0.10
5046,2245,33,1,249.99,0.00
5047,2246,12,1,89.99,0.00
5048,2246,40,1,549.99,0.15
5049,2246,27,3,129.99,0.00
5050,2246,23,2,19.99,0.00
5051,2247,7,2,849.99,0.05
5052,2248,20,1,49.99,0.00
5053,2249,15,2,129.99,0.15
5054,2249,4,1,1299.99,0.20
5055,2249,14,1,39.99,0.00
5056,2249,9,1,799.99,0.05
5057,2249,25,3,349.99,0.00
5058,2250,15,2,129.99,0.00
5059,2250,22,2,9.99,0.00
5060,2250,6,1,999.00,0.00
5061,2251,38,1,14.99,0.10
5062,2251,2,3,1349.99,0.15
5063,2252,32,2,179.99,0.00
5064,2253,34,1,34.99,0.00
5065,2254,3,1,1199.00,0.00
5066,2255,38,1,14.99,0.05
5067,2256,13,1,69.99,0.10
5068,2257,18,1,189.99,0.05
5069,2258,18,1,189.99,0.05
5070,2258,30,3,99.99,0.05
5071,2258,15,3,129.99,0.05
5072,2258,29,1,59.99,0.15
5073,2259,19,3,159.99,0.00
5074,2259,24,1,79.99,0.10
5075,2260,40,2,549.99,0.00
5076,2261,39,2,399.99,0.05
5077,2262,41,1,199.99,0.05
5078,2262,37,2,299.99,0.05
5079,2263,2,1,1349.99,0.05
5080,2263,16,3,599.99,0.10
5081,2263,11,2,29.99,0.00
5082,2264,26,2,199.99,0.15
5083,2264,28,2,149.99,0.00
5084,2265,27,2,129.99,0.15
5085,2266,40,5,549.99,0.00
5086,2266,6,2,999.00,0.00
5087,2267,26,5,199.99,0.00
5088,2267,16,1,599.99,0.05
5089,2268,1,2,899.99,0.00
5090,2268,13,3,69.99,0.00
5091,2269,33,1,249.99,0.00
5092,2269,32,3,179.99,0.00
5093,2270,25,2,349.99,0.20
5094,2270,15,1,129.99,0.00
5095,2271,19,1,159.99,0.00
5096,2271,33,10,249.99,0.00
5097,2271,29,1,59.99,0.10
5098,2272,2,1,1349.99,0.15
5099,2272,29,1,59.99,0.00
5100,2273,31,2,599.99,0.05
5101,2273,33,1,249.99,0.00
5102,2273,23,2,19.99,0.00
5103,2274,24,5,79.99,0.00
5104,2274,41,1,199.99,0.10
5105,2275,32,2,179.99,0.20
5106,2275,14,2,39.99,0.10
5107,2276,37,1,299.99,0.00
5108,2277,20,2,49.99,0.05
5109,2277,29,5,59.99,0.05
5110,2278,26,1,199.99,0.00
5111,2278,33,1,249.99,0.00
5112,2279,25,1,349.99,0.05
5113,2279,18,2,189.99,0.00
5114,2280,22,10,9.99,0.00
5115,2280,12,1,89.99,0.00
5116,2281,14,5,39.99,0.00
5117,2281,22,1,9.99,0.00
5118,2282,30,3,99.99,0.05
5119,2282,28,2,149.99,0.15
5120,2283,16,2,599.99,0.00
5121,2283,37,2,299.99,0.15
5122,2283,26,1,199.99,0.05
5123,2283,21,2,12.99,0.00
5124,2283,23,3,19.99,0.00
5125,2284,26,1,199.99,0.00
5126,2284,1,1,899.99,0.10
5127,2285,34,1,34.99,0.15
5128,2285,1,1,899.99,0.00
5129,2286,24,2,79.99,0.00
5130,2287,13,2,69.99,0.10
5131,2287,26,1,199.99,0.00
5132,2288,37,2,299.99,0.00
5133,2289,20,5,49.99,0.05
5134,2289,40,1,549.99,0.00
5135,2290,32,2,179.99,0.00
5136,2290,7,10,849.99,0.00
5137,2291,3,2,1199.00,0.05
5138,2291,37,5,299.99,0.00
5139,2291,17,1,449.99,0.05
5140,2291,4,1,1299.99,0.10
5141,2291,14,1,39.99,0.00
5142,2292,27,3,129.99,0.10
5143,2293,24,2,79.99,0.00
5144,2293,5,1,999.99,0.00
5145,2294,9,5,799.99,0.00
5146,2294,15,1,129.99,0.00
5147,2294,40,5,549.99,0.05
5148,2294,39,2,399.99,0.10
5149,2295,22,2,9.99,0.05
5150,2296,38,1,14.99,0.10
5151,2296,25,5,349.99,0.00
5152,2296,41,1,199.99,0.00
5153,2297,1,2,899.99,0.00
5154,2297,34,1,34.99,0.05
5155,2297,8,2,699.00,0.00
5156,2298,5,2,999.99,0.00
5157,2298,40,1,549.99,0.10
5158,2299,2,2,1349.99,0.10
5159,2299,26,1,199.99,0.15
5160,2299,1,2,899.99,0.00
5161,2299,38,1,14.99,0.15
5162,2300,35,2,89.99,0.00
5163,2300,23,1,19.99,0.05
5164,2301,23,2,19.99,0.15
5165,2302,41,2,199.99,0.10
5166,2302,35,2,89.99,0.15
5167,2302,19,3,159.99,0.00
5168,2303,41,1,199.99,0.20
5169,2303,26,2,199.99,0.00
5170,2304,25,1,349.99,0.00
5171,2304,9,1,799.99,0.10
5172,2304,39,1,399.99,0.00
5173,2304,29,1,59.99,0.05
5174,2304,6,1,999.00,0.10
5175,2305,31,1,599.99,0.00
5176,2305,3,3,1199.00,0.10
5177,2305,8,3,699.00,0.00
5178,2306,6,3,999.00,0.00
5179,2307,25,2,349.99,0.10
5180,2307,3,2,1199.00,0.05
5181,2307,1,2,899.99,0.15
5182,2308,1,5,899.99,0.15
5183,2308,41,1,199.99,0.10
5184,2308,24,1,79.99,0.00
5185,2309,15,1,129.99,0.00
5186,2309,19,3,159.99,0.00
5187,2309,10,2,49.99,0.15
5188,2310,18,5,189.99,0.05
5189,2311,33,2,249.99,0.10
5190,2311,15,1,129.99,0.10
5191,2311,17,2,449.99,0.10
5192,2312,7,5,849.99,0.00
5193,2312,8,1,699.00,0.00
5194,2312,28,5,149.99,0.15
5195,2313,37,1,299.99,0.15
5196,2314,28,1,149.99,0.00
5197,2314,14,10,39.99,0.10
5198,2314,22,5,9.99,0.15
5199,2315,13,3,69.99,0.00
5200,2315,32,1,179.99,0.10
5201,2316,34,3,34.99,0.05
5202,2316,36,1,109.99,0.20
5203,2317,31,1,599.99,0.00
5204,2317,11,1,29.99,0.00
5205,2318,21,2,12.99,0.10
5206,2318,33,1,249.99,0.05
5207,2319,36,1,109.99,0.10
5208,2319,24,3,79.99,0.00
5209,2319,39,1,399.99,0.05
5210,2319,13,2,69.99,0.00
5211,2320,1,1,899.99,0.00
5212,2320,25,1,349.99,0.10
5213,2320,6,2,999.00,0.15
5214,2321,40,5,549.99,0.00
5215,2322,38,2,14.99,0.05
5216,2322,29,1,59.99,0.00
5217,2322,11,1,29.99,0.00
5218,2322,40,2,549.99,0.00
5219,2323,36,1,109.99,0.05
5220,2323,27,2,129.99,0.10
5221,2323,41,2,199.99,0.00
5222,2324,32,1,179.99,0.00
5223,2324,39,10,399.99,0.00
5224,2325,14,1,39.99,0.05
5225,2325,8,1,699.00,0.00
5226,2325,11,5,29.99,0.00
5227,2325,12,2,89.99,0.05
5228,2326,26,2,199.99,0.00
5229,2327,25,2,349.99,0.20
5230,2328,9,5,799.99,0.05
5231,2328,11,1,29.99,0.15
5232,2329,14,5,39.99,0.05
5233,2329,33,2,249.99,0.10
5234,2329,27,3,129.99,0.00
5235,2330,20,3,49.99,0.00
5236,2331,26,1,199.99,0.00
5237,2331,3,1,1199.00,0.00
5238,2331,18,5,189.99,0.00
5239,2331,35,1,89.99,0.10
5240,2332,20,1,49.99,0.00
5241,2332,28,1,149.99,0.00
5242,2333,2,3,1349.99,0.15
5243,2333,20,3,49.99,0.00
5244,2333,36,5,109.99,0.00
5245,2334,36,2,109.99,0.00
5246,2334,41,1,199.99,0.00
5247,2334,24,2,79.99,0.00
5248,2335,37,1,299.99,0.00
5249,2335,32,2,179.99,0.00
5250,2336,20,1,49.99,0.00
5251,2337,36,3,109.99,0.00
5252,2337,35,3,89.99,0.15
5253,2338,8,1,699.00,0.00
5254,2338,24,1,79.99,0.00
5255,2338,2,1,1349.99,0.20
5256,2339,11,1,29.99,0.05
5257,2339,5,1,999.99,0.00
5258,2340,17,1,449.99,0.10
5259,2340,30,10,99.99,0.05
5260,2340,39,2,399.99,0.00
5261,2341,37,2,299.99,0.00
5262,2341,25,2,349.99,0.20
5263,2342,12,2,89.99,0.00
5264,2343,11,5,29.99,0.05
5265,2343,18,2,189.99,0.05
5266,2344,32,2,179.99,0.00
5267,2345,32,2,179.99,0.00
5268,2345,14,3,39.99,0.00
5269,2346,36,3,109.99,0.00
5270,2346,27,3,129.99,0.00
5271,2347,38,1,14.99,0.15
5272,2347,19,1,159.99,0.00
5273,2347,14,1,39.99,0.00
5274,2347,13,2,69.99,0.00
5275,2347,27,3,129.99,0.15
5276,2348,25,1,349.99,0.05
5277,2348,40,1,549.99,0.00
5278,2349,29,5,59.99,0.15
5279,2350,29,1,59.99,0.05
5280,2350,32,2,179.99,0.00
5281,2351,22,1,9.99,0.10
5282,2351,2,1,1349.99,0.05
5283,2352,13,1,69.99,0.00
5284,2352,35,1,89.99,0.10
5285,2353,18,2,189.99,0.00
5286,2353,2,1,1349.99,0.10
5287,2354,17,3,449.99,0.00
5288,2355,35,2,89.99,0.05
5289,2356,18,5,189.99,0.10
5290,2356,26,1,199.99,0.15
5291,2357,8,2,699.00,0.10
5292,2357,22,3,9.99,0.10
5293,2358,32,2,179.99,0.00
5294,2359,34,1,34.99,0.15
5295,2360,2,2,1349.99,0.00
5296,2361,31,1,599.99,0.00
5297,2361,34,5,34.99,0.15
5298,2361,38,2,14.99,0.10
5299,2362,34,2,34.99,0.00
5300,2362,31,2,599.99,0.05
5301,2362,22,5,9.99,0.05
5302,2363,14,1,39.99,0.00
5303,2363,37,1,299.99,0.05
5304,2363,8,2,699.00,0.00
5305,2363,9,2,799.99,0.05
5306,2364,22,3,9.99,0.00
5307,2364,33,2,249.99,0.10
5308,2365,28,1,149.99,0.00
5309,2365,18,1,189.99,0.05
5310,2365,3,2,1199.00,0.00
5311,2365,32,3,179.99,0.05
5312,2366,14,5,39.99,0.00
5313,2366,28,1,149.99,0.05
5314,2367,1,1,899.99,0.15
5315,2368,17,3,449.99,0.00
5316,2368,16,2,599.99,0.05
5317,2369,3,2,1199.00,0.05
5318,2370,3,1,1199.00,0.10
5319,2370,30,1,99.99,0.00
5320,2370,41,2,199.99,0.00
5321,2370,24,3,79.99,0.00
5322,2370,28,3,149.99,0.05
5323,2371,2,10,1349.99,0.10
5324,2372,1,10,899.99,0.00
5325,2373,4,1,1299.99,0.00
5326,2373,12,1,89.99,0.15
5327,2373,30,2,99.99,0.00
5328,2374,6,2,999.00,0.05
5329,2375,4,2,1299.99,0.00
5330,2375,20,2,49.99,0.05
5331,2376,34,2,34.99,0.10
5332,2376,23,2,19.99,0.15
5333,2377,41,2,199.99,0.00
5334,2377,21,5,12.99,0.05
5335,2377,16,2,599.99,0.15
5336,2378,38,1,14.99,0.15
5337,2378,23,1,19.99,0.00
5338,2378,7,2,849.99,0.05
5339,2378,33,2,249.99,0.10
5340,2379,37,3,299.99,0.15
5341,2379,28,2,149.99,0.10
5342,2380,19,2,159.99,0.05
5343,2380,33,1,249.99,0.10
5344,2381,19,1,159.99,0.15
5345,2382,23,2,19.99,0.10
5346,2382,39,1,399.99,0.15
5347,2383,10,2,49.99,0.10
5348,2384,24,5,79.99,0.00
5349,2384,37,5,299.99,0.00
5350,2385,16,2,599.99,0.00
5351,2385,31,2,599.99,0.10
5352,2385,39,5,399.99,0.15
5353,2386,17,2,449.99,0.00
5354,2386,7,2,849.99,0.00
5355,2387,22,5,9.99,0.10
5356,2387,2,2,1349.99,0.00
5357,2388,10,1,49.99,0.10
5358,2388,32,5,179.99,0.10
5359,2388,31,5,599.99,0.05
5360,2388,26,1,199.99,0.00
5361,2389,16,1,599.99,0.05
5362,2389,19,1,159.99,0.10
5363,2390,14,1,39.99,0.10
5364,2390,24,2,79.99,0.10
5365,2390,31,1,599.99,0.10
5366,2390,27,2,129.99,0.00
5367,2390,33,2,249.99,0.10
5368,2391,36,1,109.99,0.10
5369,2391,21,2,12.99,0.00
5370,2391,11,1,29.99,0.00
5371,2392,27,1,129.99,0.05
5372,2393,24,1,79.99,0.10
5373,2394,11,2,29.99,0.00
5374,2395,37,2,299.99,0.00
5375,2396,41,2,199.99,0.15
5376,2396,29,10,59.99,0.00
5377,2397,7,3,849.99,0.00
5378,2397,27,1,129.99,0.15
5379,2398,19,1,159.99,0.10
5380,2399,2,2,1349.99,0.05
5381,2399,17,3,449.99,0.10
5382,2400,21,1,12.99,0.05
5383,2400,34,2,34.99,0.10
5384,2401,6,5,999.00,0.00
5385,2401,20,3,49.99,0.00
5386,2402,28,1,149.99,0.00
5387,2402,26,2,199.99,0.00
5388,2403,37,3,299.99,0.05
5389,2403,25,1,349.99,0.05
5390,2403,18,3,189.99,0.00
5391,2404,10,10,49.99,0.05
5392,2404,16,1,599.99,0.05
5393,2404,41,1,199.99,0.15
5394,2405,25,2,349.99,0.00
5395,2406,21,2,12.99,0.00
5396,2406,32,1,179.99,0.00
5397,2407,26,2,199.99,0.05
5398,2407,24,1,79.99,0.15
5399,2407,30,1,99.99,0.10
5400,2408,17,5,449.99,0.00
5401,2409,28,1,149.99,0.15
5402,2410,28,2,149.99,0.00
5403,2410,29,1,59.99,0.00
5404,2410,17,1,449.99,0.05
5405,2411,22,2,9.99,0.05
5406,2412,41,10,199.99,0.15
5407,2412,17,3,449.99,0.10
5408,2413,12,1,89.99,0.00
5409,2413,32,1,179.99,0.00
5410,2413,38,5,14.99,0.10
5411,2413,4,2,1299.99,0.20
5412,2413,18,3,189.99,0.00
5413,2414,19,3,159.99,0.00
5414,2414,38,2,14.99,0.00
5415,2415,8,1,699.00,0.15
5416,2415,19,2,159.99,0.00
5417,2416,24,1,79.99,0.00
5418,2416,8,2,699.00,0.00
5419,2416,15,5,129.99,0.00
5420,2417,30,1,99.99,0.20
5421,2418,19,1,159.99,0.00
5422,2419,26,1,199.99,0.00
5423,2420,22,2,9.99,0.15
5424,2420,10,5,49.99,0.05
5425,2421,8,5,699.00,0.10
5426,2421,1,5,899.99,0.15
5427,2421,23,2,19.99,0.00
5428,2422,6,1,999.00,0.00
5429,2422,34,1,34.99,0.10
5430,2422,25,1,349.99,0.10
5431,2422,30,3,99.99,0.15
5432,2422,39,1,399.99,0.15
5433,2423,27,1,129.99,0.10
5434,2424,3,1,1199.00,0.00
5435,2424,10,1,49.99,0.10
5436,2425,3,1,1199.00,0.15
5437,2426,21,1,12.99,0.05
5438,2427,13,3,69.99,0.00
5439,2427,16,1,599.99,0.00
5440,2427,1,5,899.99,0.00
5441,2427,21,3,12.99,0.15
5442,2427,31,1,599.99,0.10
5443,2428,30,1,99.99,0.20
5444,2429,40,5,549.99,0.10
5445,2429,11,1,29.99,0.00
5446,2429,36,5,109.99,0.10
5447,2430,34,2,34.99,0.05
5448,2430,7,1,849.99,0.00
5449,2431,2,10,1349.99,0.05
5450,2431,5,3,999.99,0.15
5451,2432,5,2,999.99,0.00
5452,2433,20,1,49.99,0.10
5453,2433,3,2,1199.00,0.15
5454,2433,25,5,349.99,0.10
5455,2434,32,5,179.99,0.20
5456,2435,21,1,12.99,0.15
5457,2435,28,1,149.99,0.00
5458,2436,41,2,199.99,0.05
5459,2436,25,5,349.99,0.10
5460,2436,5,1,999.99,0.05
5461,2436,8,5,699.00,0.00
5462,2437,36,1,109.99,0.00
5463,2438,34,5,34.99,0.10
5464,2438,2,2,1349.99,0.05
5465,2438,23,2,19.99,0.00
5466,2439,25,2,349.99,0.15
5467,2440,26,1,199.99,0.00
5468,2440,20,1,49.99,0.00
5469,2440,28,2,149.99,0.00
5470,2441,8,10,699.00,0.00
5471,2442,19,1,159.99,0.00
5472,2442,34,2,34.99,0.00
5473,2442,40,2,549.99,0.00
5474,2443,9,3,799.99,0.00
5475,2444,16,5,599.99,0.05
5476,2444,24,2,79.99,0.05
5477,2445,38,3,14.99,0.00
5478,2445,31,1,599.99,0.00
5479,2446,37,1,299.99,0.10
5480,2446,8,1,699.00,0.00
5481,2447,41,1,199.99,0.10
5482,2448,31,1,599.99,0.00
5483,2449,36,2,109.99,0.00
5484,2449,32,1,179.99,0.00
5485,2449,17,2,449.99,0.05
5486,2450,9,2,799.99,0.05
5487,2450,38,1,14.99,0.15
5488,2450,15,3,129.99,0.05
5489,2450,6,1,999.00,0.10
5490,2450,29,3,59.99,0.00
5491,2451,32,1,179.99,0.00
5492,2451,31,1,599.99,0.00
5493,2451,37,1,299.99,0.00
5494,2452,22,2,9.99,0.00
5495,2453,3,3,1199.00,0.00
5496,2454,40,1,549.99,0.05
5497,2454,17,2,449.99,0.00
5498,2455,18,3,189.99,0.05
5499,2455,15,5,129.99,0.00
5500,2456,38,1,14.99,0.00
5501,2456,31,2,599.99,0.00
5502,2456,17,10,449.99,0.00
5503,2456,40,2,549.99,0.00
5504,2457,8,10,699.00,0.10
5505,2457,14,5,39.99,0.05
5506,2458,41,1,199.99,0.10
5507,2458,5,1,999.99,0.00
5508,2458,7,2,849.99,0.00
5509,2459,11,3,29.99,0.00
5510,2459,25,1,349.99,0.00
5511,2459,12,1,89.99,0.15
5512,2459,20,10,49.99,0.10
5513,2460,16,2,599.99,0.00
5514,2461,4,5,1299.99,0.10
5515,2461,40,1,549.99,0.05
5516,2462,34,2,34.99,0.10
5517,2462,5,1,999.99,0.00
5518,2462,4,1,1299.99,0.00
5519,2462,29,3,59.99,0.00
5520,2463,26,1,199.99,0.00
5521,2463,5,2,999.99,0.00
5522,2464,13,1,69.99,0.00
5523,2465,39,2,399.99,0.00
5524,2465,5,2,999.99,0.05
5525,2465,22,3,9.99,0.05
5526,2465,28,2,149.99,0.10
5527,2465,21,1,12.99,0.10
5528,2466,7,1,849.99,0.05
5529,2466,19,2,159.99,0.05
5530,2467,24,5,79.99,0.05
5531,2467,26,2,199.99,0.00
5532,2468,2,1,1349.99,0.00
5533,2469,28,2,149.99,0.05
5534,2469,40,2,549.99,0.05
5535,2469,33,2,249.99,0.05
5536,2470,30,10,99.99,0.15
5537,2470,21,1,12.99,0.00
5538,2470,39,2,399.99,0.00
5539,2471,7,1,849.99,0.00
5540,2472,11,2,29.99,0.15
5541,2472,16,10,599.99,0.10
5542,2472,19,1,159.99,0.10
5543,2472,12,3,89.99,0.00
5544,2473,1,1,899.99,0.10
5545,2473,9,3,799.99,0.00
5546,2473,21,1,12.99,0.00
5547,2474,13,2,69.99,0.05
5548,2475,28,1,149.99,0.05
5549,2475,26,5,199.99,0.15
5550,2475,31,2,599.99,0.00
5551,2475,20,1,49.99,0.05
5552,2476,3,1,1199.00,0.05
5553,2476,24,3,79.99,0.05
5554,2476,5,5,999.99,0.20
5555,2477,28,1,149.99,0.15
5556,2478,12,2,89.99,0.10
5557,2479,12,2,89.99,0.00
5558,2479,15,2,129.99,0.10
5559,2480,11,2,29.99,0.05
5560,2480,30,2,99.99,0.20
5561,2480,36,5,109.99,0.00
5562,2481,6,2,999.00,0.05
5563,2481,34,1,34.99,0.00
5564,2481,40,2,549.99,0.05
5565,2482,4,3,1299.99,0.20
5566,2482,23,10,19.99,0.00
5567,2482,1,2,899.99,0.00
5568,2483,40,3,549.99,0.00
5569,2483,26,2,199.99,0.10
5570,2483,13,2,69.99,0.10
5571,2484,40,2,549.99,0.10
5572,2484,17,1,449.99,0.00
5573,2485,3,1,1199.00,0.00
5574,2485,21,2,12.99,0.00
5575,2485,40,2,549.99,0.00
5576,2486,22,2,9.99,0.20
5577,2486,7,3,849.99,0.00
5578,2487,2,1,1349.99,0.00
5579,2487,17,5,449.99,0.15
5580,2488,30,5,99.99,0.10
5581,2488,3,1,1199.00,0.05
5582,2488,13,2,69.99,0.00
5583,2489,37,1,299.99,0.15
5584,2489,15,2,129.99,0.10
5585,2490,29,1,59.99,0.15
5586,2490,21,5,12.99,0.00
5587,2490,38,1,14.99,0.05
5588,2490,28,10,149.99,0.00
5589,2491,4,2,1299.99,0.00
5590,2491,28,1,149.99,0.15
5591,2491,22,1,9.99,0.10
5592,2491,38,1,14.99,0.00
5593,2491,17,2,449.99,0.00
5594,2492,5,3,999.99,0.00
5595,2493,41,2,199.99,0.05
5596,2494,37,5,299.99,0.15
5597,2494,31,1,599.99,0.00
5598,2495,14,1,39.99,0.00
5599,2496,26,1,199.99,0.00
5600,2497,30,3,99.99,0.10
5601,2497,37,10,299.99,0.05
5602,2497,20,1,49.99,0.00
5603,2497,9,10,799.99,0.00
5604,2497,4,5,1299.99,0.05
5605,2498,39,2,399.99,0.10
5606,2498,36,5,109.99,0.10
5607,2498,38,2,14.99,0.00
5608,2499,5,3,999.99,0.05
5609,2499,9,1,799.99,0.20
5610,2500,31,1,599.99,0.00
5611,2501,6,1,999.00,0.05
5612,2501,30,2,99.99,0.00
5613,2501,15,10,129.99,0.05
5614,2501,18,3,189.99,0.10
5615,2502,21,1,12.99,0.00
5616,2502,33,2,249.99,0.10
5617,2503,18,3,189.99,0.05
5618,2504,2,1,1349.99,0.00
5619,2504,27,2,129.99,0.00
5620,2505,30,2,99.99,0.00
5621,2505,36,2,109.99,0.00
5622,2506,19,2,159.99,0.15
5623,2506,3,2,1199.00,0.05
5624,2507,38,2,14.99,0.15
5625,2507,11,1,29.99,0.20
5626,2508,1,5,899.99,0.00
5627,2509,12,1,89.99,0.00
5628,2510,7,2,849.99,0.00
5629,2510,2,2,1349.99,0.00
5630,2510,20,1,49.99,0.20
5631,2510,36,1,109.99,0.00
5632,2511,2,10,1349.99,0.05
5633,2512,19,2,159.99,0.00
5634,2512,15,3,129.99,0.05
5635,2512,2,3,1349.99,0.05
5636,2513,4,3,1299.99,0.00
5637,2513,14,10,39.99,0.05
5638,2513,41,1,199.99,0.00
5639,2514,26,3,199.99,0.00
5640,2515,13,2,69.99,0.20
5641,2515,4,1,1299.99,0.00
5642,2515,6,3,999.00,0.15
5643,2515,33,2,249.99,0.10
5644,2516,31,1,599.99,0.00
5645,2517,25,3,349.99,0.00
5646,2518,21,5,12.99,0.05
5647,2518,6,1,999.00,0.00
5648,2519,2,1,1349.99,0.00
5649,2519,41,3,199.99,0.05
5650,2519,9,1,799.99,0.10
5651,2519,25,1,349.99,0.00
5652,2520,29,3,59.99,0.05
5653,2520,16,2,599.99,0.00
5654,2520,24,2,79.99,0.00
5655,2521,40,1,549.99,0.00
5656,2521,20,3,49.99,0.00
5657,2522,21,2,12.99,0.00
5658,2522,35,2,89.99,0.00
5659,2522,10,2,49.99,0.00
5660,2523,13,1,69.99,0.00
5661,2524,41,1,199.99,0.05
5662,2525,32,1,179.99,0.05
5663,2525,33,5,249.99,0.10
5664,2526,12,1,89.99,0.10
5665,2527,17,1,449.99,0.00
5666,2527,38,1,14.99,0.00
5667,2528,20,2,49.99,0.00
5668,2529,38,3,14.99,0.10
5669,2529,15,2,129.99,0.15
5670,2530,17,1,449.99,0.00
5671,2531,6,1,999.00,0.10
5672,2531,28,2,149.99,0.20
5673,2532,10,10,49.99,0.00
5674,2532,26,5,199.99,0.10
5675,2533,9,1,799.99,0.05
5676,2534,41,2,199.99,0.15
5677,2535,16,2,599.99,0.10
5678,2536,20,2,49.99,0.15
5679,2536,39,3,399.99,0.00
5680,2537,7,2,849.99,0.15
5681,2538,15,1,129.99,0.00
5682,2539,9,2,799.99,0.00
5683,2540,3,1,1199.00,0.15
5684,2541,6,10,999.00,0.20
5685,2542,39,1,399.99,0.10
5686,2542,11,1,29.99,0.05
5687,2543,9,2,799.99,0.10
5688,2543,29,1,59.99,0.05
5689,2543,27,1,129.99,0.00
5690,2544,9,10,799.99,0.05
5691,2544,29,3,59.99,0.05
5692,2544,34,1,34.99,0.20
5693,2545,5,5,999.99,0.05
5694,2545,17,10,449.99,0.05
5695,2545,13,1,69.99,0.15
5696,2546,32,1,179.99,0.15
5697,2547,36,1,109.99,0.00
5698,2547,13,1,69.99,0.10
5699,2548,15,10,129.99,0.05
5700,2548,7,10,849.99,0.15
5701,2549,11,3,29.99,0.05
5702,2549,30,2,99.99,0.00
5703,2549,24,3,79.99,0.00
5704,2549,39,1,399.99,0.00
5705,2549,41,1,199.99,0.05
5706,2550,18,1,189.99,0.05
5707,2550,23,2,19.99,0.00
5708,2551,40,3,549.99,0.15
5709,2551,34,1,34.99,0.00
5710,2552,35,3,89.99,0.15
5711,2552,4,5,1299.99,0.00
5712,2553,15,5,129.99,0.00
5713,2554,32,2,179.99,0.00
5714,2554,21,10,12.99,0.05
5715,2554,22,2,9.99,0.00
5716,2555,26,2,199.99,0.00
5717,2555,27,1,129.99,0.00
5718,2555,40,1,549.99,0.05
5719,2555,19,1,159.99,0.10
5720,2556,21,2,12.99,0.05
5721,2556,3,5,1199.00,0.00
5722,2557,13,5,69.99,0.00
5723,2557,37,3,299.99,0.15
5724,2558,36,2,109.99,0.10
5725,2558,27,5,129.99,0.05
5726,2559,4,2,1299.99,0.00
5727,2559,26,2,199.99,0.15
5728,2559,28,2,149.99,0.05
5729,2560,4,10,1299.99,0.00
5730,2560,5,1,999.99,0.10
5731,2561,17,1,449.99,0.00
5732,2561,16,1,599.99,0.05
5733,2561,29,1,59.99,0.00
5734,2561,35,3,89.99,0.10
5735,2561,1,1,899.99,0.10
5736,2562,15,2,129.99,0.15
5737,2563,24,1,79.99,0.00
5738,2564,30,1,99.99,0.05
5739,2564,33,1,249.99,0.00
5740,2564,37,1,299.99,0.00
5741,2565,22,2,9.99,0.05
5742,2565,32,2,179.99,0.00
5743,2565,35,1,89.99,0.15
5744,2565,14,1,39.99,0.15
5745,2566,21,3,12.99,0.05
5746,2566,28,2,149.99,0.05
5747,2567,3,2,1199.00,0.15
5748,2567,28,1,149.99,0.00
5749,2567,2,1,1349.99,0.15
5750,2568,32,1,179.99,0.00
5751,2568,20,2,49.99,0.05
5752,2568,19,3,159.99,0.00
5753,2568,13,2,69.99,0.10
5754,2569,20,1,49.99,0.00
5755,2569,1,2,899.99,0.00
5756,2569,21,2,12.99,0.00
5757,2570,15,1,129.99,0.00
5758,2570,41,3,199.99,0.05
5759,2571,41,1,199.99,0.00
5760,2572,11,2,29.99,0.00
5761,2572,8,2,699.00,0.10
5762,2572,21,1,12.99,0.20
5763,2573,23,2,19.99,0.15
5764,2574,30,1,99.99,0.00
5765,2574,25,2,349.99,0.00
5766,2574,1,1,899.99,0.00
5767,2575,29,5,59.99,0.10
5768,2575,26,3,199.99,0.00
5769,2576,22,3,9.99,0.00
5770,2577,4,2,1299.99,0.05
5771,2577,19,2,159.99,0.00
5772,2578,10,2,49.99,0.05
5773,2578,11,2,29.99,0.05
5774,2578,1,2,899.99,0.05
5775,2579,18,1,189.99,0.10
5776,2579,3,1,1199.00,0.00
5777,2580,16,1,599.99,0.00
5778,2581,6,3,999.00,0.05
5779,2581,7,2,849.99,0.00
5780,2581,8,1,699.00,0.05
5781,2582,37,1,299.99,0.00
5782,2582,26,1,199.99,0.05
5783,2583,29,10,59.99,0.15
5784,2584,23,10,19.99,0.20
5785,2585,35,3,89.99,0.10
5786,2585,37,2,299.99,0.00
5787,2585,23,2,19.99,0.05
5788,2586,40,3,549.99,0.20
5789,2587,39,2,399.99,0.00
5790,2587,20,5,49.99,0.05
5791,2588,24,2,79.99,0.05
5792,2588,8,1,699.00,0.00
5793,2589,9,3,799.99,0.05
5794,2589,32,10,179.99,0.00
5795,2589,5,3,999.99,0.05
5796,2589,39,1,399.99,0.00
5797,2590,24,2,79.99,0.05
5798,2590,41,5,199.99,0.10
5799,2590,5,1,999.99,0.10
5800,2591,28,1,149.99,0.10
5801,2591,27,2,129.99,0.20
5802,2592,21,2,12.99,0.00
5803,2592,16,1,599.99,0.00
5804,2593,19,2,159.99,0.15
5805,2593,5,1,999.99,0.15
5806,2594,1,3,899.99,0.10
5807,2595,41,1,199.99,0.00
5808,2595,37,1,299.99,0.15
5809,2595,39,1,399.99,0.00
5810,2595,30,2,99.99,0.00
5811,2596,9,2,799.99,0.00
5812,2596,32,2,179.99,0.00
5813,2596,31,2,599.99,0.00
5814,2597,7,2,849.99,0.00
5815,2597,19,5,159.99,0.00
5816,2598,9,1,799.99,0.10
5817,2598,39,3,399.99,0.20
5818,2598,18,1,189.99,0.15
5819,2599,4,2,1299.99,0.00
5820,2600,19,3,159.99,0.00
5821,2601,39,1,399.99,0.15
5822,2601,3,2,1199.00,0.00
5823,2602,6,3,999.00,0.00
5824,2602,19,3,159.99,0.00
5825,2603,21,1,12.99,0.00
5826,2603,39,1,399.99,0.00
5827,2604,11,3,29.99,0.05
5828,2605,1,1,899.99,0.15
5829,2605,41,2,199.99,0.10
5830,2605,4,1,1299.99,0.00
5831,2605,30,2,99.99,0.10
5832,2605,10,2,49.99,0.15
5833,2606,14,2,39.99,0.00
5834,2606,13,1,69.99,0.00
5835,2607,33,3,249.99,0.00
5836,2608,8,1,699.00,0.05
5837,2608,31,10,599.99,0.05
5838,2609,19,3,159.99,0.00
5839,2610,5,3,999.99,0.10
5840,2610,22,1,9.99,0.00
5841,2610,19,2,159.99,0.00
5842,2611,32,2,179.99,0.00
5843,2611,26,3,199.99,0.00
5844,2611,37,2,299.99,0.00
5845,2612,15,1,129.99,0.10
5846,2612,29,3,59.99,0.05
5847,2612,21,2,12.99,0.00
5848,2612,10,2,49.99,0.00
5849,2613,41,2,199.99,0.00
5850,2613,24,1,79.99,0.00
5851,2613,13,1,69.99,0.00
5852,2613,30,2,99.99,0.00
5853,2614,10,2,49.99,0.00
5854,2614,12,2,89.99,0.00
5855,2614,38,2,14.99,0.00
5856,2615,20,2,49.99,0.15
5857,2616,22,1,9.99,0.05
5858,2616,13,2,69.99,0.00
5859,2616,39,10,399.99,0.00
5860,2617,33,10,249.99,0.00
5861,2617,10,1,49.99,0.05
5862,2617,20,2,49.99,0.05
5863,2617,26,1,199.99,0.20
5864,2617,28,2,149.99,0.00
5865,2618,34,2,34.99,0.00
5866,2618,21,2,12.99,0.00
5867,2618,22,2,9.99,0.00
5868,2619,21,2,12.99,0.05
5869,2619,29,1,59.99,0.10
5870,2619,11,2,29.99,0.05
5871,2620,30,3,99.99,0.05
5872,2620,12,1,89.99,0.00
5873,2620,13,5,69.99,0.00
5874,2621,25,2,349.99,0.20
5875,2621,6,5,999.00,0.00
5876,2622,31,1,599.99,0.00
5877,2622,40,5,549.99,0.00
5878,2622,11,1,29.99,0.00
5879,2623,40,2,549.99,0.00
5880,2623,21,5,12.99,0.20
5881,2623,27,1,129.99,0.05
5882,2623,6,5,999.00,0.05
5883,2623,15,2,129.99,0.00
5884,2624,14,10,39.99,0.00
5885,2624,32,10,179.99,0.05
5886,2624,39,1,399.99,0.10
5887,2625,24,1,79.99,0.00
5888,2626,16,2,599.99,0.00
5889,2626,26,1,199.99,0.05
5890,2626,41,1,199.99,0.00
5891,2626,14,1,39.99,0.00
5892,2627,23,2,19.99,0.15
5893,2628,37,1,299.99,0.00
5894,2628,1,1,899.99,0.05
5895,2629,14,3,39.99,0.05
5896,2629,12,1,89.99,0.00
5897,2629,19,5,159.99,0.15
5898,2630,28,1,149.99,0.00
5899,2630,40,2,549.99,0.15
5900,2631,3,2,1199.00,0.10
5901,2631,17,2,449.99,0.15
5902,2631,4,2,1299.99,0.10
5903,2631,40,1,549.99,0.10
5904,2631,16,2,599.99,0.00
5905,2632,39,1,399.99,0.05
5906,2632,14,2,39.99,0.00
5907,2633,3,1,1199.00,0.00
5908,2633,11,2,29.99,0.05
5909,2634,25,2,349.99,0.00
5910,2635,30,3,99.99,0.20
5911,2635,35,1,89.99,0.00
5912,2635,27,1,129.99,0.05
5913,2636,3,2,1199.00,0.00
5914,2637,19,1,159.99,0.05
5915,2637,1,3,899.99,0.00
5916,2637,24,1,79.99,0.00
5917,2637,13,3,69.99,0.00
5918,2638,4,3,1299.99,0.05
5919,2638,15,2,129.99,0.05
5920,2639,29,1,59.99,0.05
5921,2640,6,1,999.00,0.05
5922,2640,32,10,179.99,0.00
5923,2640,11,3,29.99,0.05
5924,2640,29,2,59.99,0.00
5925,2641,11,1,29.99,0.00
5926,2642,40,2,549.99,0.00
5927,2643,18,3,189.99,0.10
5928,2643,31,2,599.99,0.05
5929,2644,33,2,249.99,0.00
5930,2644,36,2,109.99,0.00
5931,2645,20,2,49.99,0.15
5932,2645,35,2,89.99,0.05
5933,2646,18,3,189.99,0.00
5934,2646,22,2,9.99,0.15
5935,2646,27,2,129.99,0.00
5936,2646,32,1,179.99,0.00
5937,2647,20,1,49.99,0.15
5938,2647,22,5,9.99,0.00
5939,2648,23,10,19.99,0.00
5940,2649,10,2,49.99,0.05
5941,2649,4,1,1299.99,0.00
5942,2649,40,2,549.99,0.00
5943,2649,23,1,19.99,0.10
5944,2650,13,3,69.99,0.15
5945,2650,14,2,39.99,0.00
5946,2650,41,5,199.99,0.00
5947,2650,22,3,9.99,0.00
5948,2651,25,2,349.99,0.00
5949,2651,19,2,159.99,0.00
5950,2652,16,1,599.99,0.10
5951,2652,39,2,399.99,0.00
5952,2653,15,2,129.99,0.00
5953,2653,16,1,599.99,0.00
5954,2653,20,1,49.99,0.10
5955,2653,1,1,899.99,0.05
5956,2653,25,1,349.99,0.00
5957,2654,27,2,129.99,0.00
5958,2654,14,1,39.99,0.00
5959,2654,26,1,199.99,0.00
5960,2654,11,1,29.99,0.10
5961,2654,34,1,34.99,0.15
5962,2655,7,2,849.99,0.00
5963,2656,6,2,999.00,0.05
5964,2657,24,1,79.99,0.00
5965,2657,5,10,999.99,0.00
5966,2658,12,2,89.99,0.05
5967,2658,38,2,14.99,0.00
5968,2659,32,3,179.99,0.05
5969,2659,24,1,79.99,0.00
5970,2660,5,5,999.99,0.00
5971,2660,34,2,34.99,0.00
5972,2660,15,1,129.99,0.00
5973,2660,18,5,189.99,0.00
5974,2660,31,1,599.99,0.00
5975,2661,16,5,599.99,0.00
5976,2661,31,3,599.99,0.20
5977,2661,35,2,89.99,0.15
5978,2661,41,2,199.99,0.00
5979,2661,25,2,349.99,0.10
5980,2662,16,5,599.99,0.05
5981,2662,29,5,59.99,0.00
5982,2663,22,1,9.99,0.00
5983,2664,11,1,29.99,0.00
5984,2665,31,1,599.99,0.15
5985,2666,41,2,199.99,0.15
5986,2666,9,1,799.99,0.10
5987,2666,8,2,699.00,0.00
5988,2666,12,1,89.99,0.00
5989,2666,4,1,1299.99,0.00
5990,2667,3,5,1199.00,0.05
5991,2668,31,1,599.99,0.00
5992,2669,38,3,14.99,0.10
5993,2669,24,2,79.99,0.00
5994,2669,11,1,29.99,0.00
5995,2669,34,2,34.99,0.15
5996,2669,21,5,12.99,0.10
5997,2670,37,2,299.99,0.05
5998,2670,31,2,599.99,0.10
5999,2671,24,2,79.99,0.05
6000,2672,15,10,129.99,0.00
6001,2672,37,3,299.99,0.10
6002,2672,4,5,1299.99,0.05
6003,2673,1,2,899.99,0.00
6004,2673,40,2,549.99,0.15
6005,2674,4,1,1299.99,0.00
6006,2675,7,2,849.99,0.15
6007,2676,39,1,399.99,0.00
6008,2676,41,1,199.99,0.00
6009,2677,22,5,9.99,0.15
6010,2677,3,3,1199.00,0.00
6011,2677,29,5,59.99,0.00
6012,2677,27,5,129.99,0.05
6013,2678,11,5,29.99,0.10
6014,2678,22,3,9.99,0.00
6015,2679,11,2,29.99,0.05
6016,2679,31,1,599.99,0.00
6017,2680,40,1,549.99,0.00
6018,2681,34,1,34.99,0.00
6019,2682,9,2,799.99,0.10
6020,2682,19,2,159.99,0.00
6021,2682,10,3,49.99,0.05
6022,2683,16,1,599.99,0.00
6023,2683,22,1,9.99,0.00
6024,2684,26,3,199.99,0.00
6025,2685,10,2,49.99,0.05
6026,2686,19,3,159.99,0.05
6027,2686,7,2,849.99,0.10
6028,2687,15,3,129.99,0.00
6029,2687,4,1,1299.99,0.05
6030,2687,33,1,249.99,0.05
6031,2688,6,2,999.00,0.10
6032,2688,15,2,129.99,0.00
6033,2688,31,2,599.99,0.15
6034,2688,36,2,109.99,0.20
6035,2689,22,1,9.99,0.00
6036,2689,30,2,99.99,0.00
6037,2689,25,1,349.99,0.20
6038,2689,20,1,49.99,0.00
6039,2690,4,1,1299.99,0.05
6040,2691,9,2,799.99,0.00
6041,2691,13,5,69.99,0.00
6042,2692,22,2,9.99,0.00
6043,2692,2,1,1349.99,0.00
6044,2693,8,1,699.00,0.05
6045,2693,20,2,49.99,0.00
6046,2694,30,1,99.99,0.05
6047,2694,38,1,14.99,0.05
6048,2694,16,3,599.99,0.15
6049,2695,24,1,79.99,0.00
6050,2695,33,1,249.99,0.00
6051,2695,40,1,549.99,0.00
6052,2696,38,1,14.99,0.00
6053,2696,20,2,49.99,0.00
6054,2696,39,2,399.99,0.10
6055,2697,20,1,49.99,0.05
6056,2697,28,1,149.99,0.00
6057,2697,17,1,449.99,0.00
6058,2697,21,1,12.99,0.15
6059,2697,10,5,49.99,0.05
6060,2698,33,3,249.99,0.05
6061,2698,38,1,14.99,0.00
6062,2698,31,5,599.99,0.00
6063,2699,10,5,49.99,0.10
6064,2699,22,5,9.99,0.05
6065,2700,3,1,1199.00,0.15
6066,2700,41,1,199.99,0.00
6067,2700,32,2,179.99,0.00
6068,2700,16,1,599.99,0.10
6069,2701,23,2,19.99,0.00
6070,2701,31,1,599.99,0.05
6071,2701,21,5,12.99,0.15
6072,2701,12,5,89.99,0.10
6073,2702,23,2,19.99,0.00
6074,2703,21,3,12.99,0.05
6075,2703,24,1,79.99,0.00
6076,2704,16,1,599.99,0.05
6077,2704,25,1,349.99,0.15
6078,2705,38,1,14.99,0.20
6079,2706,26,2,199.99,0.00
6080,2707,20,3,49.99,0.05
6081,2707,36,1,109.99,0.00
6082,2708,27,1,129.99,0.00
6083,2708,13,1,69.99,0.00
6084,2709,12,2,89.99,0.00
6085,2709,23,1,19.99,0.00
6086,2709,37,2,299.99,0.00
6087,2709,6,5,999.00,0.10
6088,2710,33,5,249.99,0.00
6089,2711,25,1,349.99,0.10
6090,2712,23,2,19.99,0.00
6091,2713,1,1,899.99,0.10
6092,2713,20,2,49.99,0.00
6093,2713,3,3,1199.00,0.00
6094,2714,21,2,12.99,0.00
6095,2714,9,1,799.99,0.00
6096,2715,35,1,89.99,0.10
6097,2716,9,2,799.99,0.00
6098,2716,5,2,999.99,0.05
6099,2717,30,1,99.99,0.15
6100,2717,32,2,179.99,0.00
6101,2717,39,1,399.99,0.00
6102,2718,27,10,129.99,0.00
6103,2719,4,2,1299.99,0.05
6104,2719,12,10,89.99,0.00
6105,2720,7,3,849.99,0.10
6106,2720,13,1,69.99,0.05
6107,2720,10,10,49.99,0.00
6108,2721,16,2,599.99,0.00
6109,2721,4,1,1299.99,0.10
6110,2721,24,1,79.99,0.15
6111,2722,39,1,399.99,0.10
6112,2722,5,2,999.99,0.05
6113,2722,33,2,249.99,0.15
6114,2723,32,1,179.99,0.00
6115,2723,27,1,129.99,0.00
6116,2724,9,2,799.99,0.10
6117,2724,25,2,349.99,0.10
6118,2724,7,5,849.99,0.20
6119,2724,37,2,299.99,0.05
6120,2724,21,1,12.99,0.10
6121,2725,31,5,599.99,0.00
6122,2725,27,5,129.99,0.15
6123,2726,3,2,1199.00,0.05
6124,2726,38,3,14.99,0.10
6125,2726,6,2,999.00,0.00
6126,2727,38,1,14.99,0.00
6127,2727,13,1,69.99,0.10
6128,2728,21,2,12.99,0.10
6129,2728,15,2,129.99,0.00
6130,2729,41,5,199.99,0.00
6131,2729,14,3,39.99,0.05
6132,2729,36,2,109.99,0.15
6133,2729,7,2,849.99,0.00
6134,2730,15,10,129.99,0.00
6135,2731,23,2,19.99,0.00
6136,2731,26,5,199.99,0.00
6137,2731,21,2,12.99,0.00
6138,2732,17,3,449.99,0.00
6139,2733,16,3,599.99,0.05
6140,2733,4,2,1299.99,0.05
6141,2734,12,1,89.99,0.00
6142,2734,28,2,149.99,0.00
6143,2734,27,1,129.99,0.00
6144,2734,9,1,799.99,0.00
6145,2734,21,1,12.99,0.00
6146,2735,2,1,1349.99,0.05
6147,2736,17,2,449.99,0.10
6148,2736,26,1,199.99,0.10
6149,2736,29,3,59.99,0.00
6150,2736,15,2,129.99,0.20
6151,2737,37,2,299.99,0.05
6152,2737,25,1,349.99,0.00
6153,2738,12,1,89.99,0.00
6154,2739,1,1,899.99,0.05
6155,2739,37,1,299.99,0.10
6156,2740,15,3,129.99,0.00
6157,2741,28,10,149.99,0.00
6158,2741,3,1,1199.00,0.10
6159,2742,20,2,49.99,0.10
6160,2742,2,2,1349.99,0.00
6161,2742,14,2,39.99,0.00
6162,2743,11,2,29.99,0.05
6163,2743,37,5,299.99,0.10
6164,2744,1,2,899.99,0.00
6165,2745,7,2,849.99,0.00
6166,2745,5,2,999.99,0.00
6167,2745,31,3,599.99,0.00
6168,2746,39,3,399.99,0.15
6169,2746,9,1,799.99,0.00
6170,2747,12,2,89.99,0.00
6171,2747,16,2,599.99,0.00
6172,2748,39,2,399.99,0.15
6173,2749,19,5,159.99,0.05
6174,2749,37,1,299.99,0.10
6175,2749,27,1,129.99,0.00
6176,2749,31,3,599.99,0.00
6177,2750,35,1,89.99,0.00
6178,2750,10,3,49.99,0.05
6179,2750,21,10,12.99,0.10
6180,2751,28,2,149.99,0.00
6181,2752,27,2,129.99,0.00
6182,2753,39,1,399.99,0.10
6183,2753,35,10,89.99,0.15
6184,2754,33,1,249.99,0.15
6185,2754,28,1,149.99,0.10
6186,2755,10,1,49.99,0.20
6187,2755,16,1,599.99,0.00
6188,2756,31,2,599.99,0.05
6189,2756,34,1,34.99,0.05
6190,2756,41,3,199.99,0.20
6191,2756,9,10,799.99,0.10
6192,2757,11,1,29.99,0.15
6193,2757,33,10,249.99,0.00
6194,2757,41,2,199.99,0.10
6195,2758,18,3,189.99,0.10
6196,2758,31,2,599.99,0.00
6197,2758,36,1,109.99,0.20
6198,2759,18,3,189.99,0.10
6199,2759,6,1,999.00,0.20
6200,2760,26,1,199.99,0.05
6201,2760,12,5,89.99,0.00
6202,2760,23,2,19.99,0.00
6203,2761,34,1,34.99,0.10
6204,2761,16,1,599.99,0.00
6205,2762,31,1,599.99,0.05
6206,2763,25,2,349.99,0.00
6207,2763,24,3,79.99,0.05
6208,2764,4,1,1299.99,0.05
6209,2764,34,5,34.99,0.00
6210,2764,27,1,129.99,0.05
6211,2765,35,2,89.99,0.15
6212,2765,12,2,89.99,0.00
6213,2765,14,2,39.99,0.05
6214,2765,2,1,1349.99,0.00
6215,2766,36,1,109.99,0.00
6216,2767,16,1,599.99,0.00
6217,2767,14,3,39.99,0.00
6218,2767,26,5,199.99,0.00
6219,2768,15,5,129.99,0.05
6220,2769,25,1,349.99,0.10
6221,2769,28,1,149.99,0.00
6222,2770,40,1,549.99,0.15
6223,2770,25,1,349.99,0.10
6224,2771,27,3,129.99,0.10
6225,2772,41,2,199.99,0.05
6226,2772,7,1,849.99,0.05
6227,2773,20,10,49.99,0.00
6228,2773,18,2,189.99,0.05
6229,2773,5,1,999.99,0.20
6230,2774,12,5,89.99,0.00
6231,2775,1,2,899.99,0.10
6232,2776,2,1,1349.99,0.05
6233,2776,11,10,29.99,0.05
6234,2777,15,3,129.99,0.00
6235,2777,13,1,69.99,0.00
6236,2778,36,1,109.99,0.10
6237,2778,11,1,29.99,0.00
6238,2779,12,2,89.99,0.20
6239,2779,4,1,1299.99,0.00
6240,2779,33,2,249.99,0.00
6241,2780,3,5,1199.00,0.10
6242,2781,5,1,999.99,0.00
6243,2781,15,10,129.99,0.10
6244,2781,39,1,399.99,0.10
6245,2781,19,1,159.99,0.00
6246,2782,19,3,159.99,0.15
6247,2782,4,10,1299.99,0.05
6248,2783,18,3,189.99,0.05
6249,2783,10,1,49.99,0.05
6250,2784,19,2,159.99,0.10
6251,2784,36,2,109.99,0.00
6252,2784,27,1,129.99,0.00
6253,2785,7,2,849.99,0.10
6254,2785,22,1,9.99,0.00
6255,2786,19,2,159.99,0.05
6256,2786,17,2,449.99,0.05
6257,2787,17,1,449.99,0.05
6258,2788,32,1,179.99,0.00
6259,2788,14,1,39.99,0.00
6260,2788,31,1,599.99,0.00
6261,2789,17,1,449.99,0.00
6262,2789,7,1,849.99,0.00
6263,2789,10,2,49.99,0.05
6264,2790,41,1,199.99,0.00
6265,2790,19,1,159.99,0.00
6266,2790,1,1,899.99,0.05
6267,2790,20,3,49.99,0.00
6268,2791,36,5,109.99,0.00
6269,2792,10,3,49.99,0.05
6270,2792,17,1,449.99,0.00
6271,2793,40,1,549.99,0.20
6272,2793,15,3,129.99,0.00
6273,2794,35,10,89.99,0.00
6274,2795,2,2,1349.99,0.05
6275,2795,6,3,999.00,0.00
6276,2795,17,10,449.99,0.00
6277,2796,38,10,14.99,0.00
6278,2797,22,5,9.99,0.00
6279,2797,37,1,299.99,0.10
6280,2797,31,1,599.99,0.00
6281,2798,38,5,14.99,0.05
6282,2798,7,3,849.99,0.00
6283,2799,18,1,189.99,0.15
6284,2799,14,5,39.99,0.10
6285,2800,28,1,149.99,0.00
6286,2800,37,2,299.99,0.00
6287,2800,38,1,14.99,0.10
6288,2801,27,5,129.99,0.00
6289,2801,29,1,59.99,0.00
6290,2802,38,3,14.99,0.00
6291,2803,11,2,29.99,0.05
6292,2803,17,1,449.99,0.15
6293,2804,36,1,109.99,0.10
6294,2804,22,1,9.99,0.10
6295,2804,24,1,79.99,0.15
6296,2805,32,2,179.99,0.05
6297,2805,8,1,699.00,0.05
6298,2806,3,2,1199.00,0.00
6299,2806,29,3,59.99,0.20
6300,2806,24,1,79.99,0.00
6301,2807,34,1,34.99,0.05
6302,2807,11,2,29.99,0.00
6303,2808,32,1,179.99,0.15
6304,2808,37,5,299.99,0.00
6305,2808,39,1,399.99,0.00
6306,2808,10,2,49.99,0.15
6307,2808,24,10,79.99,0.00
6308,2809,16,1,599.99,0.05
6309,2809,31,2,599.99,0.00
6310,2809,5,3,999.99,0.00
6311,2809,4,2,1299.99,0.10
6312,2809,21,2,12.99,0.05
6313,2810,15,3,129.99,0.00
6314,2811,7,2,849.99,0.00
6315,2812,10,2,49.99,0.10
6316,2812,29,2,59.99,0.00
6317,2813,19,1,159.99,0.10
6318,2813,12,5,89.99,0.05
6319,2813,30,1,99.99,0.05
6320,2814,11,3,29.99,0.00
6321,2814,29,10,59.99,0.00
6322,2814,3,10,1199.00,0.00
6323,2814,10,1,49.99,0.05
6324,2815,25,1,349.99,0.05
6325,2815,30,2,99.99,0.00
6326,2815,33,1,249.99,0.05
6327,2816,26,1,199.99,0.10
6328,2816,5,5,999.99,0.00
6329,2816,16,1,599.99,0.00
6330,2817,26,1,199.99,0.00
6331,2817,21,1,12.99,0.05
6332,2818,37,1,299.99,0.00
6333,2818,18,1,189.99,0.20
6334,2819,5,10,999.99,0.05
6335,2819,16,10,599.99,0.00
6336,2820,36,1,109.99,0.00
6337,2820,25,1,349.99,0.00
6338,2821,32,10,179.99,0.00
6339,2821,1,5,899.99,0.00
6340,2821,24,1,79.99,0.00
6341,2822,38,2,14.99,0.15
6342,2822,35,1,89.99,0.00
6343,2822,28,1,149.99,0.00
6344,2823,5,2,999.99,0.10
6345,2823,24,2,79.99,0.10
6346,2823,6,2,999.00,0.00
6347,2824,12,2,89.99,0.00
6348,2825,5,2,999.99,0.00
6349,2826,18,2,189.99,0.00
6350,2827,10,1,49.99,0.05
6351,2828,1,1,899.99,0.05
6352,2828,7,1,849.99,0.10
6353,2829,17,2,449.99,0.10
6354,2829,16,1,599.99,0.05
6355,2830,33,1,249.99,0.10
6356,2830,8,2,699.00,0.00
6357,2830,32,2,179.99,0.10
6358,2830,39,2,399.99,0.00
6359,2831,14,1,39.99,0.10
6360,2832,22,3,9.99,0.05
6361,2832,25,3,349.99,0.05
6362,2832,15,1,129.99,0.00
6363,2832,34,1,34.99,0.00
6364,2833,9,10,799.99,0.00
6365,2834,33,1,249.99,0.10
6366,2835,4,2,1299.99,0.10
6367,2835,30,3,99.99,0.00
6368,2835,18,5,189.99,0.10
6369,2836,16,1,599.99,0.10
6370,2837,8,1,699.00,0.00
6371,2837,27,5,129.99,0.05
6372,2838,20,2,49.99,0.10
6373,2838,16,1,599.99,0.00
6374,2838,33,1,249.99,0.00
6375,2839,9,1,799.99,0.20
6376,2839,15,10,129.99,0.15
6377,2840,14,1,39.99,0.10
6378,2840,37,3,299.99,0.00
6379,2841,33,2,249.99,0.00
6380,2841,13,10,69.99,0.05
6381,2842,31,1,599.99,0.05
6382,2842,33,2,249.99,0.05
6383,2842,34,1,34.99,0.05
6384,2843,10,2,49.99,0.00
6385,2843,30,1,99.99,0.05
6386,2844,14,2,39.99,0.05
6387,2845,3,5,1199.00,0.10
6388,2845,11,3,29.99,0.10
6389,2846,27,5,129.99,0.00
6390,2846,9,3,799.99,0.05
6391,2846,37,2,299.99,0.00
6392,2846,19,1,159.99,0.00
6393,2846,24,1,79.99,0.00
6394,2847,16,3,599.99,0.00
6395,2848,41,10,199.99,0.00
6396,2848,4,2,1299.99,0.05
6397,2848,28,3,149.99,0.10
6398,2848,32,1,179.99,0.05
6399,2849,36,1,109.99,0.00
6400,2849,12,2,89.99,0.00
6401,2849,26,2,199.99,0.05
6402,2850,9,1,799.99,0.05
6403,2851,29,2,59.99,0.00
6404,2851,12,2,89.99,0.00
6405,2852,7,5,849.99,0.00
6406,2853,38,3,14.99,0.05
6407,2853,26,2,199.99,0.05
6408,2854,30,2,99.99,0.05
6409,2854,22,2,9.99,0.00
6410,2854,41,2,199.99,0.05
6411,2855,16,1,599.99,0.05
6412,2855,38,1,14.99,0.20
6413,2855,12,5,89.99,0.00
6414,2855,34,1,34.99,0.00
6415,2855,22,2,9.99,0.05
6416,2856,5,10,999.99,0.05
6417,2856,34,3,34.99,0.00
6418,2857,19,1,159.99,0.10
6419,2857,41,1,199.99,0.20
6420,2858,22,1,9.99,0.00
6421,2858,41,2,199.99,0.00
6422,2858,4,2,1299.99,0.00
6423,2858,6,5,999.00,0.05
6424,2858,40,5,549.99,0.00
6425,2859,31,2,599.99,0.00
6426,2859,36,5,109.99,0.00
6427,2860,17,1,449.99,0.10
6428,2861,21,1,12.99,0.00
6429,2861,38,2,14.99,0.10
6430,2862,1,2,899.99,0.00
6431,2862,33,2,249.99,0.15
6432,2862,17,1,449.99,0.05
6433,2863,38,1,14.99,0.05
6434,2863,26,2,199.99,0.10
6435,2863,28,1,149.99,0.00
6436,2864,12,5,89.99,0.00
6437,2864,14,3,39.99,0.00
6438,2865,14,5,39.99,0.10
6439,2865,17,1,449.99,0.10
6440,2866,1,2,899.99,0.00
6441,2866,20,1,49.99,0.15
6442,2866,38,1,14.99,0.15
6443,2867,37,2,299.99,0.00
6444,2868,18,3,189.99,0.15
6445,2868,31,3,599.99,0.00
6446,2868,10,3,49.99,0.00
6447,2869,4,1,1299.99,0.00
6448,2870,24,2,79.99,0.10
6449,2870,21,1,12.99,0.00
6450,2870,35,3,89.99,0.00
6451,2871,15,1,129.99,0.00
6452,2871,39,1,399.99,0.15
6453,2872,17,2,449.99,0.10
6454,2872,40,1,549.99,0.00
6455,2873,22,1,9.99,0.15
6456,2873,26,1,199.99,0.00
6457,2873,20,2,49.99,0.10
6458,2873,17,1,449.99,0.20
6459,2874,8,2,699.00,0.00
6460,2874,4,1,1299.99,0.05
6461,2874,23,5,19.99,0.20
6462,2875,6,3,999.00,0.00
6463,2875,14,5,39.99,0.10
6464,2876,27,1,129.99,0.00
6465,2877,26,2,199.99,0.00
6466,2877,29,1,59.99,0.05
6467,2877,30,2,99.99,0.10
6468,2878,39,1,399.99,0.10
6469,2878,7,1,849.99,0.10
6470,2879,7,1,849.99,0.05
6471,2879,14,2,39.99,0.00
6472,2879,9,1,799.99,0.00
6473,2880,6,3,999.00,0.20
6474,2880,9,2,799.99,0.00
6475,2881,6,2,999.00,0.20
6476,2881,31,1,599.99,0.05
6477,2882,21,2,12.99,0.15
6478,2882,36,5,109.99,0.00
6479,2882,32,3,179.99,0.00
6480,2883,16,1,599.99,0.00
6481,2884,39,2,399.99,0.00
6482,2885,18,2,189.99,0.00
6483,2886,8,10,699.00,0.15
6484,2887,26,3,199.99,0.15
6485,2887,20,3,49.99,0.10
6486,2888,36,5,109.99,0.05
6487,2889,32,2,179.99,0.05
6488,2890,25,1,349.99,0.10
6489,2890,41,1,199.99,0.00
6490,2891,13,5,69.99,0.00
6491,2891,31,1,599.99,0.15
6492,2891,37,1,299.99,0.00
6493,2891,10,2,49.99,0.00
6494,2891,28,5,149.99,0.00
6495,2892,21,5,12.99,0.00
6496,2893,37,1,299.99,0.00
6497,2893,28,2,149.99,0.00
6498,2893,11,10,29.99,0.00
6499,2893,39,1,399.99,0.05
6500,2894,20,10,49.99,0.00
6501,2894,32,2,179.99,0.00
6502,2895,39,2,399.99,0.00
6503,2896,35,10,89.99,0.00
6504,2896,17,3,449.99,0.05
6505,2897,31,1,599.99,0.00
6506,2898,33,2,249.99,0.00
6507,2898,30,3,99.99,0.10
6508,2899,24,2,79.99,0.05
6509,2899,32,3,179.99,0.00
6510,2900,21,1,12.99,0.00
6511,2900,38,1,14.99,0.00
6512,2900,1,1,899.99,0.00
6513,2900,19,3,159.99,0.00
6514,2901,31,2,599.99,0.00
6515,2901,7,5,849.99,0.00
6516,2901,9,10,799.99,0.00
6517,2901,13,1,69.99,0.00
6518,2902,38,1,14.99,0.10
6519,2902,35,2,89.99,0.10
6520,2902,2,1,1349.99,0.00
6521,2902,37,1,299.99,0.00
6522,2903,10,5,49.99,0.00
6523,2903,31,1,599.99,0.15
6524,2903,13,2,69.99,0.05
6525,2903,30,3,99.99,0.10
6526,2904,32,3,179.99,0.15
6527,2904,33,10,249.99,0.10
6528,2905,29,1,59.99,0.15
6529,2905,9,5,799.99,0.10
6530,2905,39,10,399.99,0.10
6531,2906,10,2,49.99,0.00
6532,2907,6,2,999.00,0.00
6533,2907,23,2,19.99,0.00
6534,2908,18,1,189.99,0.00
6535,2908,41,5,199.99,0.10
6536,2909,32,3,179.99,0.10
6537,2909,22,2,9.99,0.10
6538,2910,34,1,34.99,0.05
6539,2911,13,2,69.99,0.00
6540,2911,3,1,1199.00,0.10
6541,2912,12,5,89.99,0.00
6542,2912,31,2,599.99,0.10
6543,2912,34,3,34.99,0.00
6544,2913,1,2,899.99,0.05
6545,2913,28,3,149.99,0.05
6546,2914,28,5,149.99,0.00
6547,2914,34,1,34.99,0.05
6548,2915,23,1,19.99,0.10
6549,2915,37,3,299.99,0.10
6550,2916,29,1,59.99,0.00
6551,2916,31,1,599.99,0.00
6552,2916,9,3,799.99,0.10
6553,2917,21,2,12.99,0.00
6554,2917,34,2,34.99,0.00
6555,2918,8,1,699.00,0.00
6556,2919,16,2,599.99,0.00
6557,2919,8,2,699.00,0.00
6558,2920,28,1,149.99,0.00
6559,2920,6,3,999.00,0.00
6560,2921,20,5,49.99,0.05
6561,2921,3,1,1199.00,0.05
6562,2922,25,1,349.99,0.00
6563,2922,20,1,49.99,0.05
6564,2922,39,5,399.99,0.10
6565,2922,40,5,549.99,0.15
6566,2923,9,5,799.99,0.00
6567,2924,15,1,129.99,0.10
6568,2924,16,3,599.99,0.15
6569,2925,27,3,129.99,0.05
6570,2925,26,1,199.99,0.00
6571,2926,18,5,189.99,0.05
6572,2926,36,3,109.99,0.00
6573,2927,29,2,59.99,0.05
6574,2927,4,2,1299.99,0.00
6575,2928,35,1,89.99,0.15
6576,2928,36,1,109.99,0.05
6577,2929,7,1,849.99,0.00
6578,2929,25,2,349.99,0.20
6579,2930,9,2,799.99,0.05
6580,2930,29,1,59.99,0.10
6581,2931,41,5,199.99,0.00
6582,2931,38,1,14.99,0.05
6583,2932,15,3,129.99,0.10
6584,2932,6,1,999.00,0.00
6585,2933,17,5,449.99,0.00
6586,2933,29,3,59.99,0.00
6587,2933,6,1,999.00,0.00
6588,2934,39,3,399.99,0.00
6589,2934,27,10,129.99,0.00
6590,2935,30,2,99.99,0.00
6591,2936,13,2,69.99,0.15
6592,2936,29,3,59.99,0.00
6593,2936,16,1,599.99,0.00
6594,2937,28,1,149.99,0.10
6595,2938,19,1,159.99,0.00
6596,2938,10,1,49.99,0.00
6597,2939,24,2,79.99,0.00
6598,2939,23,5,19.99,0.15
6599,2939,5,2,999.99,0.10
6600,2939,1,5,899.99,0.00
6601,2940,34,1,34.99,0.00
6602,2940,12,1,89.99,0.00
6603,2940,1,1,899.99,0.05
6604,2940,29,2,59.99,0.00
6605,2941,29,1,59.99,0.15
6606,2941,16,1,599.99,0.00
6607,2942,33,3,249.99,0.10
6608,2942,8,2,699.00,0.00
6609,2942,38,3,14.99,0.10
6610,2942,41,2,199.99,0.00
6611,2943,32,1,179.99,0.15
6612,2944,39,5,399.99,0.00
6613,2944,1,2,899.99,0.00
6614,2945,8,5,699.00,0.10
6615,2946,3,5,1199.00,0.05
6616,2947,7,2,849.99,0.00
6617,2947,33,1,249.99,0.00
6618,2947,2,1,1349.99,0.00
6619,2947,26,2,199.99,0.05
6620,2947,18,3,189.99,0.10
6621,2948,16,2,599.99,0.15
6622,2948,37,1,299.99,0.00
6623,2949,28,2,149.99,0.10
6624,2949,1,1,899.99,0.00
6625,2950,12,2,89.99,0.00
6626,2950,10,5,49.99,0.20
6627,2950,20,1,49.99,0.10
6628,2950,32,10,179.99,0.00
6629,2950,36,10,109.99,0.00
6630,2951,9,1,799.99,0.00
6631,2951,5,2,999.99,0.05
6632,2951,4,2,1299.99,0.15
6633,2951,34,1,34.99,0.00
6634,2951,19,2,159.99,0.05
6635,2952,28,5,149.99,0.00
6636,2952,34,2,34.99,0.00
6637,2952,26,1,199.99,0.00
6638,2952,27,5,129.99,0.05
6639,2953,4,3,1299.99,0.05
6640,2953,34,1,34.99,0.00
6641,2953,30,5,99.99,0.00
6642,2953,6,5,999.00,0.00
6643,2953,18,3,189.99,0.05
6644,2954,19,2,159.99,0.10
6645,2954,32,3,179.99,0.05
6646,2954,33,1,249.99,0.00
6647,2954,21,1,12.99,0.00
6648,2954,29,1,59.99,0.00
6649,2955,12,1,89.99,0.00
6650,2955,21,2,12.99,0.05
6651,2955,17,2,449.99,0.20
6652,2956,35,2,89.99,0.00
6653,2957,37,3,299.99,0.00
6654,2957,12,2,89.99,0.00
6655,2958,24,1,79.99,0.00
6656,2958,2,1,1349.99,0.15
6657,2958,18,2,189.99,0.00
6658,2958,22,1,9.99,0.05
6659,2958,35,3,89.99,0.00
6660,2959,38,1,14.99,0.00
6661,2959,33,1,249.99,0.10
6662,2960,20,2,49.99,0.00
6663,2961,28,1,149.99,0.00
6664,2962,9,3,799.99,0.00
6665,2962,25,1,349.99,0.00
6666,2962,26,1,199.99,0.05
6667,2963,39,1,399.99,0.00
6668,2963,38,3,14.99,0.00
6669,2964,39,1,399.99,0.10
6670,2964,1,3,899.99,0.00
6671,2965,15,2,129.99,0.00
6672,2965,24,3,79.99,0.00
6673,2966,34,10,34.99,0.00
6674,2966,25,2,349.99,0.10
6675,2966,31,1,599.99,0.00
6676,2967,20,2,49.99,0.00
6677,2968,40,1,549.99,0.00
6678,2968,32,2,179.99,0.15
6679,2968,23,2,19.99,0.10
6680,2968,11,3,29.99,0.05
6681,2969,7,1,849.99,0.20
6682,2970,33,1,249.99,0.00
6683,2971,5,5,999.99,0.00
6684,2972,39,1,399.99,0.15
6685,2972,21,2,12.99,0.05
6686,2973,6,5,999.00,0.00
6687,2974,7,2,849.99,0.00
6688,2975,6,1,999.00,0.00
6689,2975,30,1,99.99,0.05
6690,2975,11,1,29.99,0.10
6691,2976,21,3,12.99,0.10
6692,2976,19,5,159.99,0.05
6693,2976,9,10,799.99,0.15
6694,2976,26,1,199.99,0.00
6695,2977,5,5,999.99,0.00
6696,2977,8,5,699.00,0.05
6697,2977,17,5,449.99,0.00
6698,2978,19,3,159.99,0.10
6699,2978,9,2,799.99,0.05
6700,2979,7,2,849.99,0.00
6701,2979,41,5,199.99,0.00
6702,2979,22,1,9.99,0.00
6703,2980,7,3,849.99,0.00
6704,2980,28,1,149.99,0.00
6705,2980,18,3,189.99,0.00
6706,2980,38,2,14.99,0.00
6707,2981,16,1,599.99,0.05
6708,2981,41,5,199.99,0.05
6709,2982,21,1,12.99,0.05
6710,2982,29,3,59.99,0.00
6711,2982,25,1,349.99,0.00
6712,2983,32,1,179.99,0.10
6713,2983,16,1,599.99,0.05
6714,2984,7,2,849.99,0.00
6715,2984,28,3,149.99,0.00
6716,2985,4,1,1299.99,0.00
6717,2985,17,5,449.99,0.00
6718,2985,1,1,899.99,0.00
6719,2985,37,2,299.99,0.00
6720,2986,23,2,19.99,0.00
6721,2986,3,2,1199.00,0.05
6722,2987,14,3,39.99,0.05
6723,2988,39,1,399.99,0.00
6724,2989,12,2,89.99,0.15
6725,2989,32,1,179.99,0.20
6726,2989,33,10,249.99,0.10
6727,2990,8,2,699.00,0.05
6728,2991,16,10,599.99,0.00
6729,2992,14,5,39.99,0.15
6730,2992,34,1,34.99,0.00
6731,2992,23,2,19.99,0.00
6732,2993,13,2,69.99,0.00
6733,2993,10,2,49.99,0.00
6734,2993,21,5,12.99,0.00
6735,2994,16,1,599.99,0.00
6736,2994,31,2,599.99,0.00
6737,2995,37,1,299.99,0.15
6738,2995,9,2,799.99,0.15
6739,2995,22,5,9.99,0.05
6740,2996,39,1,399.99,0.05
6741,2996,15,1,129.99,0.00
6742,2997,5,1,999.99,0.00
6743,2998,14,1,39.99,0.00
6744,2999,26,3,199.99,0.10
6745,2999,37,3,299.99,0.15
6746,2999,18,1,189.99,0.00
6747,2999,34,3,34.99,0.00
6748,3000,31,1,599.99,0.05
6749,3000,4,3,1299.99,0.00
6750,3000,37,1,299.99,0.05
6751,3001,8,5,699.00,0.00
6752,3001,15,3,129.99,0.10
6753,3002,39,1,399.99,0.00
6754,3002,14,5,39.99,0.10
6755,3002,29,1,59.99,0.10
6756,3002,5,2,999.99,0.10
6757,3002,24,3,79.99,0.05
6758,3003,15,1,129.99,0.10
6759,3003,35,2,89.99,0.05
6760,3003,8,2,699.00,0.00
6761,3004,1,5,899.99,0.15
6762,3004,21,1,12.99,0.15
6763,3005,8,3,699.00,0.00
6764,3006,4,2,1299.99,0.20
6765,3006,9,3,799.99,0.20
6766,3006,35,2,89.99,0.10
6767,3006,18,1,189.99,0.00
6768,3006,32,1,179.99,0.10
6769,3007,29,2,59.99,0.05
6770,3007,2,2,1349.99,0.05
6771,3007,25,2,349.99,0.00
6772,3008,28,2,149.99,0.20
6773,3009,8,1,699.00,0.00
6774,3009,13,2,69.99,0.05
6775,3010,2,3,1349.99,0.05
6776,3010,27,5,129.99,0.15
6777,3010,7,1,849.99,0.15
6778,3011,18,2,189.99,0.05
6779,3012,21,1,12.99,0.00
6780,3013,15,2,129.99,0.00
6781,3013,25,1,349.99,0.00
6782,3013,29,1,59.99,0.15
6783,3014,2,1,1349.99,0.05
6784,3014,15,3,129.99,0.20
6785,3014,21,2,12.99,0.15
6786,3014,1,5,899.99,0.10
6787,3014,35,1,89.99,0.00
6788,3015,29,10,59.99,0.00
6789,3015,17,1,449.99,0.00
6790,3015,19,10,159.99,0.00
6791,3016,18,2,189.99,0.00
6792,3016,1,1,899.99,0.00
6793,3017,2,1,1349.99,0.15
6794,3018,25,2,349.99,0.05
6795,3018,41,3,199.99,0.10
6796,3019,3,5,1199.00,0.00
6797,3020,34,1,34.99,0.20
6798,3020,14,3,39.99,0.00
6799,3021,19,2,159.99,0.00
6800,3021,26,2,199.99,0.00
6801,3022,33,1,249.99,0.05
6802,3023,36,1,109.99,0.00
6803,3023,8,1,699.00,0.00
6804,3024,17,2,449.99,0.00
6805,3024,5,5,999.99,0.00
6806,3024,41,3,199.99,0.10
6807,3025,15,3,129.99,0.00
6808,3025,11,2,29.99,0.00
6809,3026,19,1,159.99,0.05
6810,3027,17,5,449.99,0.05
6811,3027,20,1,49.99,0.15
6812,3027,6,1,999.00,0.00
6813,3028,18,3,189.99,0.00
6814,3028,32,2,179.99,0.10
6815,3028,39,1,399.99,0.05
6816,3029,37,2,299.99,0.00
6817,3029,20,1,49.99,0.10
6818,3029,2,2,1349.99,0.15
6819,3029,1,1,899.99,0.20
6820,3030,32,2,179.99,0.00
6821,3030,36,1,109.99,0.00
6822,3030,2,2,1349.99,0.10
6823,3031,3,1,1199.00,0.15
6824,3031,21,1,12.99,0.05
6825,3032,29,3,59.99,0.00
6826,3032,28,2,149.99,0.00
6827,3033,11,1,29.99,0.05
6828,3033,25,2,349.99,0.00
6829,3033,17,2,449.99,0.05
6830,3033,9,3,799.99,0.10
6831,3034,2,1,1349.99,0.05
6832,3034,41,3,199.99,0.00
6833,3035,20,5,49.99,0.10
6834,3036,29,5,59.99,0.00
6835,3036,30,10,99.99,0.20
6836,3037,19,1,159.99,0.10
6837,3038,24,10,79.99,0.00
6838,3038,25,1,349.99,0.15
6839,3039,31,1,599.99,0.10
6840,3039,25,2,349.99,0.20
6841,3039,27,1,129.99,0.15
6842,3040,29,5,59.99,0.00
6843,3040,11,2,29.99,0.10
6844,3040,31,3,599.99,0.00
6845,3041,36,3,109.99,0.05
6846,3041,38,2,14.99,0.00
6847,3041,18,1,189.99,0.15
6848,3041,11,3,29.99,0.05
6849,3042,12,2,89.99,0.10
6850,3043,26,2,199.99,0.00
6851,3043,7,2,849.99,0.10
6852,3044,37,1,299.99,0.05
6853,3044,5,2,999.99,0.00
6854,3044,38,3,14.99,0.00
6855,3044,8,1,699.00,0.05
6856,3044,25,1,349.99,0.00
6857,3045,33,1,249.99,0.00
6858,3045,10,1,49.99,0.05
6859,3046,10,5,49.99,0.00
6860,3046,14,1,39.99,0.10
6861,3047,7,1,849.99,0.05
6862,3047,36,2,109.99,0.05
6863,3048,27,1,129.99,0.20
6864,3048,17,2,449.99,0.05
6865,3048,3,10,1199.00,0.15
6866,3049,10,1,49.99,0.00
6867,3050,25,2,349.99,0.05
6868,3050,28,1,149.99,0.00
6869,3051,19,2,159.99,0.00
6870,3051,11,1,29.99,0.10
6871,3052,1,2,899.99,0.00
6872,3052,12,3,89.99,0.20
6873,3052,29,2,59.99,0.10
6874,3053,28,2,149.99,0.05
6875,3054,16,1,599.99,0.05
6876,3054,30,2,99.99,0.10
6877,3054,10,2,49.99,0.00
6878,3055,11,10,29.99,0.00
6879,3055,34,2,34.99,0.00
6880,3056,29,1,59.99,0.15
6881,3057,19,3,159.99,0.00
6882,3057,7,1,849.99,0.05
6883,3058,7,2,849.99,0.00
6884,3059,12,2,89.99,0.00
6885,3060,38,1,14.99,0.00
6886,3061,24,2,79.99,0.00
6887,3061,26,5,199.99,0.10
6888,3062,30,5,99.99,0.00
6889,3062,18,2,189.99,0.00
6890,3062,37,2,299.99,0.00
6891,3062,13,1,69.99,0.00
6892,3062,6,5,999.00,0.20
6893,3063,3,1,1199.00,0.15
6894,3063,6,1,999.00,0.00
6895,3063,1,1,899.99,0.10
6896,3064,17,1,449.99,0.05
6897,3064,1,1,899.99,0.10
6898,3064,27,2,129.99,0.15
6899,3065,16,3,599.99,0.00
6900,3065,22,3,9.99,0.10
6901,3065,35,1,89.99,0.10
6902,3065,3,10,1199.00,0.00
6903,3065,18,1,189.99,0.00
6904,3066,41,1,199.99,0.20
6905,3066,27,2,129.99,0.05
6906,3067,32,3,179.99,0.00
6907,3067,39,2,399.99,0.15
6908,3067,28,1,149.99,0.00
6909,3067,27,1,129.99,0.10
6910,3067,4,1,1299.99,0.00
6911,3068,33,3,249.99,0.10
6912,3068,27,1,129.99,0.00
6913,3068,8,1,699.00,0.05
6914,3069,7,1,849.99,0.20
6915,3069,25,1,349.99,0.00
6916,3070,11,2,29.99,0.10
6917,3071,6,3,999.00,0.05
6918,3071,20,5,49.99,0.10
6919,3071,18,3,189.99,0.00
6920,3072,22,3,9.99,0.00
6921,3073,17,5,449.99,0.00
6922,3073,40,1,549.99,0.00
6923,3074,1,1,899.99,0.05
6924,3074,29,1,59.99,0.05
6925,3074,25,5,349.99,0.00
6926,3074,35,1,89.99,0.00
6927,3075,7,1,849.99,0.00
6928,3075,4,2,1299.99,0.00
6929,3076,30,3,99.99,0.05
6930,3076,23,1,19.99,0.15
6931,3076,8,5,699.00,0.05
6932,3077,41,2,199.99,0.00
6933,3078,12,1,89.99,0.15
6934,3078,36,1,109.99,0.00
6935,3078,15,2,129.99,0.10
6936,3079,35,1,89.99,0.20
6937,3079,15,2,129.99,0.20
6938,3080,3,2,1199.00,0.00
6939,3080,23,1,19.99,0.00
6940,3080,38,5,14.99,0.00
6941,3081,11,1,29.99,0.00
6942,3082,35,2,89.99,0.05
6943,3082,3,3,1199.00,0.10
6944,3082,10,5,49.99,0.00
6945,3082,23,1,19.99,0.05
6946,3083,23,1,19.99,0.00
6947,3083,40,2,549.99,0.00
6948,3084,23,1,19.99,0.20
6949,3084,35,1,89.99,0.00
6950,3084,26,10,199.99,0.00
6951,3084,13,2,69.99,0.15
6952,3085,36,10,109.99,0.15
6953,3086,14,3,39.99,0.05
6954,3086,36,1,109.99,0.15
6955,3086,32,5,179.99,0.10
6956,3086,7,10,849.99,0.05
6957,3087,16,1,599.99,0.00
6958,3087,37,3,299.99,0.00
6959,3087,15,2,129.99,0.00
6960,3087,2,3,1349.99,0.05
6961,3087,1,5,899.99,0.05
6962,3088,40,1,549.99,0.00
6963,3088,1,2,899.99,0.00
6964,3089,32,2,179.99,0.05
6965,3090,4,1,1299.99,0.05
6966,3091,32,5,179.99,0.05
6967,3091,22,1,9.99,0.00
6968,3091,20,2,49.99,0.00
6969,3091,31,1,599.99,0.00
6970,3091,14,1,39.99,0.00
6971,3092,35,1,89.99,0.00
6972,3093,6,2,999.00,0.00
6973,3093,29,3,59.99,0.10
6974,3094,8,1,699.00,0.05
6975,3094,34,1,34.99,0.00
6976,3094,41,1,199.99,0.00
6977,3095,18,3,189.99,0.00
6978,3096,10,3,49.99,0.00
6979,3096,31,3,599.99,0.05
6980,3096,27,5,129.99,0.05
6981,3097,10,1,49.99,0.00
6982,3097,24,1,79.99,0.20
6983,3098,8,1,699.00,0.00
6984,3099,37,1,299.99,0.00
6985,3099,15,1,129.99,0.00
6986,3099,28,10,149.99,0.00
6987,3100,39,1,399.99,0.00
6988,3100,18,3,189.99,0.00
6989,3101,15,2,129.99,0.05
6990,3101,7,2,849.99,0.15
6991,3102,18,1,189.99,0.10
6992,3103,37,1,299.99,0.10
6993,3104,1,1,899.99,0.00
6994,3105,30,3,99.99,0.05
6995,3105,3,1,1199.00,0.10
6996,3106,27,1,129.99,0.00
6997,3106,33,10,249.99,0.00
6998,3107,3,2,1199.00,0.00
6999,3108,41,1,199.99,0.05
7000,3108,30,5,99.99,0.00
7001,3109,27,2,129.99,0.15
7002,3109,13,2,69.99,0.05
7003,3109,26,2,199.99,0.15
7004,3110,33,2,249.99,0.00
7005,3110,34,3,34.99,0.00
7006,3110,5,1,999.99,0.05
7007,3110,11,1,29.99,0.05
7008,3111,41,1,199.99,0.05
7009,3112,36,1,109.99,0.00
7010,3113,17,2,449.99,0.15
7011,3113,34,3,34.99,0.00
7012,3113,30,5,99.99,0.00
7013,3113,36,1,109.99,0.15
7014,3114,25,1,349.99,0.00
7015,3114,4,2,1299.99,0.05
7016,3115,41,2,199.99,0.05
7017,3116,1,2,899.99,0.15
7018,3116,14,2,39.99,0.00
7019,3116,29,5,59.99,0.00
7020,3117,19,1,159.99,0.20
7021,3117,6,2,999.00,0.20
7022,3118,11,10,29.99,0.00
7023,3119,18,1,189.99,0.10
7024,3119,17,2,449.99,0.05
7025,3120,27,1,129.99,0.05
7026,3120,28,3,149.99,0.15
7027,3121,8,1,699.00,0.00
7028,3122,21,1,12.99,0.00
7029,3122,28,5,149.99,0.05
7030,3123,40,2,549.99,0.00
7031,3123,12,2,89.99,0.00
7032,3124,21,10,12.99,0.00
7033,3125,35,1,89.99,0.00
7034,3125,34,1,34.99,0.00
7035,3126,17,2,449.99,0.10
7036,3126,28,1,149.99,0.00
7037,3127,36,1,109.99,0.15
7038,3128,11,2,29.99,0.05
7039,3128,27,1,129.99,0.00
7040,3128,10,1,49.99,0.00
7041,3129,28,1,149.99,0.05
7042,3130,26,1,199.99,0.05
7043,3131,7,2,849.99,0.05
7044,3132,11,1,29.99,0.10
7045,3132,1,1,899.99,0.05
7046,3132,21,2,12.99,0.15
7047,3133,11,3,29.99,0.15
7048,3133,7,2,849.99,0.00
7049,3133,27,3,129.99,0.00
7050,3133,26,2,199.99,0.05
7051,3133,24,3,79.99,0.00
7052,3134,10,1,49.99,0.20
7053,3135,17,2,449.99,0.10
7054,3135,16,2,599.99,0.00
7055,3135,20,2,49.99,0.05
7056,3135,37,1,299.99,0.10
7057,3136,27,1,129.99,0.05
7058,3137,36,1,109.99,0.05
7059,3137,35,2,89.99,0.15
7060,3137,32,2,179.99,0.10
7061,3137,22,1,9.99,0.10
7062,3138,11,1,29.99,0.15
7063,3138,15,1,129.99,0.15
7064,3139,39,2,399.99,0.00
7065,3139,32,1,179.99,0.10
7066,3139,30,1,99.99,0.10
7067,3139,18,1,189.99,0.00
7068,3139,19,2,159.99,0.15
7069,3140,31,5,599.99,0.00
7070,3141,33,2,249.99,0.00
7071,3141,14,2,39.99,0.00
7072,3142,37,2,299.99,0.00
7073,3143,17,1,449.99,0.05
7074,3143,9,2,799.99,0.05
7075,3144,19,1,159.99,0.00
7076,3144,34,1,34.99,0.05
7077,3144,38,2,14.99,0.00
7078,3145,23,1,19.99,0.15
7079,3145,8,1,699.00,0.10
7080,3145,10,2,49.99,0.00
7081,3145,15,3,129.99,0.00
7082,3146,19,1,159.99,0.00
7083,3146,16,3,599.99,0.05
7084,3147,8,2,699.00,0.10
7085,3147,10,1,49.99,0.00
7086,3147,34,1,34.99,0.20
7087,3147,11,2,29.99,0.00
7088,3147,5,1,999.99,0.00
7089,3148,32,1,179.99,0.00
7090,3148,4,1,1299.99,0.00
7091,3149,12,1,89.99,0.00
7092,3149,29,2,59.99,0.10
7093,3149,26,10,199.99,0.00
7094,3150,17,1,449.99,0.05
7095,3150,32,10,179.99,0.10
7096,3151,11,2,29.99,0.00
7097,3151,13,3,69.99,0.00
7098,3151,40,3,549.99,0.10
7099,3152,15,5,129.99,0.00
7100,3152,33,3,249.99,0.05
7101,3153,23,1,19.99,0.05
7102,3154,32,2,179.99,0.10
7103,3154,7,1,849.99,0.00
7104,3154,24,10,79.99,0.00
7105,3155,22,2,9.99,0.00
7106,3155,25,1,349.99,0.00
7107,3155,5,1,999.99,0.00
7108,3156,28,2,149.99,0.10
7109,3156,20,1,49.99,0.10
7110,3157,23,1,19.99,0.00
7111,3157,8,2,699.00,0.05
7112,3157,41,5,199.99,0.10
7113,3158,25,3,349.99,0.00
7114,3158,39,2,399.99,0.10
7115,3158,14,1,39.99,0.15
7116,3158,11,10,29.99,0.00
7117,3159,21,1,12.99,0.10
7118,3159,13,1,69.99,0.05
7119,3160,21,2,12.99,0.00
7120,3161,8,2,699.00,0.05
7121,3162,25,1,349.99,0.00
7122,3162,12,1,89.99,0.20
7123,3162,41,5,199.99,0.10
7124,3163,15,2,129.99,0.00
7125,3163,41,2,199.99,0.00
7126,3164,2,2,1349.99,0.00
7127,3164,13,1,69.99,0.00
7128,3164,6,1,999.00,0.00
7129,3164,35,3,89.99,0.00
7130,3165,1,3,899.99,0.00
7131,3165,6,1,999.00,0.00
7132,3166,30,2,99.99,0.00
7133,3166,25,2,349.99,0.05
7134,3167,9,2,799.99,0.00
7135,3168,2,1,1349.99,0.00
7136,3168,10,3,49.99,0.15
7137,3169,27,3,129.99,0.20
7138,3169,7,1,849.99,0.10
7139,3170,19,2,159.99,0.20
7140,3170,11,3,29.99,0.00
7141,3170,35,5,89.99,0.00
7142,3171,4,2,1299.99,0.15
7143,3172,30,1,99.99,0.00
7144,3172,4,1,1299.99,0.00
7145,3173,7,10,849.99,0.00
7146,3173,39,1,399.99,0.15
7147,3173,37,1,299.99,0.00
7148,3174,33,1,249.99,0.05
7149,3175,35,1,89.99,0.00
7150,3175,33,1,249.99,0.00
7151,3175,10,2,49.99,0.00
7152,3176,15,5,129.99,0.15
7153,3176,1,2,899.99,0.00
7154,3177,13,5,69.99,0.10
7155,3178,21,1,12.99,0.10
7156,3179,19,3,159.99,0.00
7157,3180,29,2,59.99,0.00
7158,3180,6,2,999.00,0.05
7159,3181,27,10,129.99,0.00
7160,3181,41,1,199.99,0.15
7161,3181,16,3,599.99,0.00
7162,3181,31,1,599.99,0.10
7163,3182,29,2,59.99,0.00
7164,3183,35,1,89.99,0.10
7165,3183,5,2,999.99,0.15
7166,3183,22,2,9.99,0.05
7167,3184,28,1,149.99,0.05
7168,3184,35,3,89.99,0.00
7169,3184,39,2,399.99,0.05
7170,3185,41,2,199.99,0.10
7171,3186,11,2,29.99,0.15
7172,3186,1,1,899.99,0.20
7173,3187,1,1,899.99,0.05
7174,3188,19,1,159.99,0.00
7175,3188,1,1,899.99,0.00
7176,3189,12,2,89.99,0.05
7177,3189,10,2,49.99,0.00
7178,3190,33,10,249.99,0.00
7179,3190,14,2,39.99,0.00
7180,3190,12,1,89.99,0.15
7181,3191,29,1,59.99,0.00
7182,3191,32,2,179.99,0.00
7183,3191,31,1,599.99,0.05
7184,3191,4,3,1299.99,0.10
7185,3191,35,1,89.99,0.05
7186,3192,8,1,699.00,0.15
7187,3193,7,2,849.99,0.10
7188,3193,14,1,39.99,0.00
7189,3194,14,2,39.99,0.00
7190,3194,40,1,549.99,0.00
7191,3195,10,1,49.99,0.00
7192,3196,28,2,149.99,0.00
7193,3196,11,5,29.99,0.00
7194,3197,34,10,34.99,0.00
7195,3197,3,2,1199.00,0.05
7196,3198,24,2,79.99,0.10
7197,3198,23,2,19.99,0.15
7198,3199,24,10,79.99,0.10
7199,3199,33,1,249.99,0.05
7200,3200,13,5,69.99,0.05
7201,3201,9,2,799.99,0.00
7202,3202,19,3,159.99,0.15
7203,3202,29,2,59.99,0.05
7204,3202,31,2,599.99,0.10
7205,3202,22,1,9.99,0.20
7206,3203,22,1,9.99,0.15
7207,3203,16,2,599.99,0.20
7208,3203,33,3,249.99,0.10
7209,3204,22,2,9.99,0.00
7210,3204,29,1,59.99,0.05
7211,3205,25,5,349.99,0.00
7212,3205,10,2,49.99,0.15
7213,3206,9,2,799.99,0.05
7214,3207,25,2,349.99,0.10
7215,3207,3,1,1199.00,0.05
7216,3207,28,1,149.99,0.00
7217,3208,5,1,999.99,0.05
7218,3208,25,10,349.99,0.00
7219,3209,7,2,849.99,0.00
7220,3209,4,1,1299.99,0.00
7221,3209,16,1,599.99,0.20
7222,3210,40,1,549.99,0.00
7223,3210,20,1,49.99,0.05
7224,3211,33,2,249.99,0.00
7225,3211,34,5,34.99,0.00
7226,3211,25,1,349.99,0.10
7227,3211,2,5,1349.99,0.00
7228,3212,22,2,9.99,0.00
7229,3212,36,3,109.99,0.00
7230,3213,32,3,179.99,0.00
7231,3213,27,5,129.99,0.10
7232,3213,14,1,39.99,0.15
7233,3213,36,1,109.99,0.00
7234,3214,37,3,299.99,0.00
7235,3214,32,1,179.99,0.00
7236,3214,22,3,9.99,0.00
7237,3214,25,3,349.99,0.10
7238,3214,33,2,249.99,0.00
7239,3215,25,1,349.99,0.05
7240,3216,5,2,999.99,0.00
7241,3217,21,2,12.99,0.00
7242,3217,34,1,34.99,0.00
7243,3218,9,1,799.99,0.00
7244,3218,30,2,99.99,0.05
7245,3219,5,1,999.99,0.00
7246,3219,30,2,99.99,0.00
7247,3219,39,2,399.99,0.00
7248,3219,12,1,89.99,0.00
7249,3219,21,1,12.99,0.00
7250,3220,1,5,899.99,0.10
7251,3220,5,1,999.99,0.00
7252,3221,32,1,179.99,0.05
7253,3222,14,2,39.99,0.15
7254,3223,12,1,89.99,0.10
7255,3223,27,2,129.99,0.00
7256,3223,9,1,799.99,0.00
7257,3223,21,5,12.99,0.00
7258,3223,5,1,999.99,0.10
7259,3224,13,5,69.99,0.15
7260,3224,4,3,1299.99,0.10
7261,3225,22,2,9.99,0.00
7262,3225,37,1,299.99,0.05
7263,3225,41,1,199.99,0.00
7264,3226,7,2,849.99,0.15
7265,3227,25,1,349.99,0.00
7266,3227,32,1,179.99,0.05
7267,3228,15,3,129.99,0.15
7268,3228,37,1,299.99,0.10
7269,3228,17,2,449.99,0.05
7270,3229,33,1,249.99,0.05
7271,3230,7,2,849.99,0.00
7272,3230,39,2,399.99,0.15
7273,3230,34,3,34.99,0.00
7274,3230,36,10,109.99,0.00
7275,3230,1,10,899.99,0.05
7276,3231,18,5,189.99,0.05
7277,3231,26,2,199.99,0.05
7278,3231,7,5,849.99,0.05
7279,3232,41,3,199.99,0.05
7280,3232,36,3,109.99,0.00
7281,3233,6,1,999.00,0.00
7282,3233,2,3,1349.99,0.00
7283,3233,15,1,129.99,0.00
7284,3233,25,10,349.99,0.15
7285,3233,22,2,9.99,0.05
7286,3234,24,10,79.99,0.20
7287,3234,38,1,14.99,0.05
7288,3234,23,5,19.99,0.20
7289,3234,1,3,899.99,0.00
7290,3235,29,2,59.99,0.05
7291,3236,34,5,34.99,0.00
7292,3237,3,1,1199.00,0.00
7293,3238,12,1,89.99,0.00
7294,3239,12,1,89.99,0.05
7295,3239,35,1,89.99,0.00
7296,3240,40,2,549.99,0.05
7297,3240,3,2,1199.00,0.05
7298,3240,23,1,19.99,0.10
7299,3240,36,3,109.99,0.05
7300,3240,18,5,189.99,0.00
7301,3241,23,1,19.99,0.00
7302,3241,28,3,149.99,0.00
7303,3241,7,1,849.99,0.10
7304,3242,4,2,1299.99,0.15
7305,3243,16,1,599.99,0.15
7306,3243,37,5,299.99,0.05
7307,3243,38,1,14.99,0.00
7308,3243,10,1,49.99,0.05
7309,3244,10,1,49.99,0.00
7310,3244,21,5,12.99,0.05
7311,3244,22,3,9.99,0.10
7312,3245,37,1,299.99,0.15
7313,3245,34,3,34.99,0.10
7314,3245,3,5,1199.00,0.15
7315,3245,23,1,19.99,0.00
7316,3246,4,1,1299.99,0.15
7317,3247,38,2,14.99,0.05
7318,3247,10,3,49.99,0.00
7319,3247,5,3,999.99,0.15
7320,3248,20,2,49.99,0.20
7321,3248,23,1,19.99,0.00
7322,3248,18,2,189.99,0.10
7323,3248,2,2,1349.99,0.05
7324,3248,28,1,149.99,0.00
7325,3249,39,2,399.99,0.00
7326,3249,21,1,12.99,0.00
7327,3250,15,2,129.99,0.05
7328,3250,32,10,179.99,0.00
7329,3250,3,2,1199.00,0.00
7330,3250,13,3,69.99,0.00
7331,3250,41,5,199.99,0.00
7332,3251,15,3,129.99,0.00
7333,3251,10,3,49.99,0.05
7334,3251,37,2,299.99,0.10
7335,3252,1,1,899.99,0.00
7336,3253,16,2,599.99,0.00
7337,3254,31,3,599.99,0.10
7338,3254,8,1,699.00,0.00
7339,3255,29,1,59.99,0.00
7340,3256,21,5,12.99,0.10
7341,3257,7,3,849.99,0.05
7342,3258,1,5,899.99,0.00
7343,3258,35,2,89.99,0.00
7344,3258,34,1,34.99,0.05
7345,3259,1,5,899.99,0.05
7346,3259,34,2,34.99,0.10
7347,3259,4,2,1299.99,0.00
7348,3259,17,5,449.99,0.10
7349,3260,25,1,349.99,0.15
7350,3261,37,1,299.99,0.00
7351,3262,34,1,34.99,0.05
7352,3262,1,1,899.99,0.15
7353,3262,20,2,49.99,0.10
7354,3263,38,3,14.99,0.00
7355,3263,12,2,89.99,0.00
7356,3264,11,2,29.99,0.10
7357,3265,38,1,14.99,0.05
7358,3266,27,2,129.99,0.00
7359,3266,4,1,1299.99,0.15
7360,3267,39,2,399.99,0.00
7361,3267,1,2,899.99,0.00
7362,3268,31,2,599.99,0.00
7363,3269,22,2,9.99,0.15
7364,3269,41,10,199.99,0.10
7365,3270,28,2,149.99,0.00
7366,3271,12,1,89.99,0.00
7367,3272,11,10,29.99,0.10
7368,3272,15,1,129.99,0.05
7369,3273,5,3,999.99,0.05
7370,3274,3,1,1199.00,0.05
7371,3274,36,1,109.99,0.00
7372,3274,13,1,69.99,0.10
7373,3274,27,2,129.99,0.20
7374,3275,29,2,59.99,0.00
7375,3276,41,2,199.99,0.05
7376,3276,5,2,999.99,0.00
7377,3276,16,3,599.99,0.00
7378,3277,26,2,199.99,0.00
7379,3277,16,5,599.99,0.00
7380,3277,31,1,599.99,0.00
7381,3277,24,2,79.99,0.00
7382,3278,15,1,129.99,0.20
7383,3278,27,5,129.99,0.05
7384,3279,13,1,69.99,0.00
7385,3279,40,1,549.99,0.00
7386,3279,25,3,349.99,0.00
7387,3279,3,2,1199.00,0.00
7388,3280,35,5,89.99,0.10
7389,3280,5,3,999.99,0.20
7390,3281,33,10,249.99,0.10
7391,3282,36,2,109.99,0.00
7392,3282,1,1,899.99,0.00
7393,3283,1,3,899.99,0.10
7394,3283,32,1,179.99,0.10
7395,3284,24,1,79.99,0.15
7396,3284,38,1,14.99,0.15
7397,3284,19,1,159.99,0.00
7398,3285,1,2,899.99,0.10
7399,3285,32,3,179.99,0.00
7400,3286,19,1,159.99,0.00
7401,3286,8,2,699.00,0.00
7402,3286,4,1,1299.99,0.15
7403,3286,37,3,299.99,0.15
7404,3286,26,2,199.99,0.00
7405,3287,24,1,79.99,0.00
7406,3288,25,1,349.99,0.00
7407,3288,40,3,549.99,0.00
7408,3288,29,3,59.99,0.00
7409,3289,34,2,34.99,0.10
7410,3290,4,3,1299.99,0.15
7411,3290,35,3,89.99,0.05
7412,3291,41,1,199.99,0.00
7413,3292,25,5,349.99,0.15
7414,3292,8,2,699.00,0.15
7415,3292,37,1,299.99,0.10
7416,3293,5,2,999.99,0.00
7417,3294,40,1,549.99,0.00
7418,3294,39,1,399.99,0.00
7419,3295,27,2,129.99,0.05
7420,3295,23,1,19.99,0.05
7421,3296,26,2,199.99,0.00
7422,3297,9,5,799.99,0.00
7423,3297,18,1,189.99,0.00
7424,3298,9,1,799.99,0.05
7425,3299,18,1,189.99,0.15
7426,3299,20,2,49.99,0.00
7427,3300,25,3,349.99,0.05
7428,3300,32,3,179.99,0.05
7429,3300,18,2,189.99,0.05
7430,3301,20,1,49.99,0.00
7431,3301,8,3,699.00,0.05
7432,3301,35,2,89.99,0.05
7433,3301,16,3,599.99,0.00
7434,3302,10,2,49.99,0.00
7435,3303,18,2,189.99,0.20
7436,3303,4,5,1299.99,0.00
7437,3304,36,1,109.99,0.00
7438,3304,2,5,1349.99,0.05
7439,3305,31,1,599.99,0.10
7440,3305,30,1,99.99,0.00
7441,3306,21,10,12.99,0.00
7442,3306,26,2,199.99,0.20
7443,3307,6,2,999.00,0.00
7444,3307,31,2,599.99,0.00
7445,3307,5,3,999.99,0.05
7446,3308,35,1,89.99,0.15
7447,3308,8,1,699.00,0.10
7448,3309,17,2,449.99,0.00
7449,3310,18,3,189.99,0.20
7450,3310,16,2,599.99,0.00
7451,3311,3,3,1199.00,0.15
7452,3311,5,2,999.99,0.15
7453,3312,2,1,1349.99,0.00
7454,3312,23,1,19.99,0.05
7455,3313,39,1,399.99,0.15
7456,3313,11,1,29.99,0.00
7457,3313,14,5,39.99,0.15
7458,3313,13,1,69.99,0.00
7459,3314,34,10,34.99,0.00
7460,3314,27,3,129.99,0.00
7461,3315,22,2,9.99,0.10
7462,3316,29,1,59.99,0.15
7463,3316,26,3,199.99,0.15
7464,3316,25,5,349.99,0.10
7465,3317,5,2,999.99,0.00
7466,3318,24,1,79.99,0.05
7467,3318,9,2,799.99,0.10
7468,3319,15,3,129.99,0.00
7469,3319,35,2,89.99,0.00
7470,3319,18,1,189.99,0.00
7471,3320,39,5,399.99,0.05
7472,3320,8,3,699.00,0.20
7473,3321,28,3,149.99,0.05
7474,3321,9,5,799.99,0.10
7475,3322,33,3,249.99,0.10
7476,3322,19,1,159.99,0.10
7477,3322,30,3,99.99,0.00
7478,3323,35,2,89.99,0.00
7479,3323,9,1,799.99,0.15
7480,3324,2,2,1349.99,0.00
7481,3324,41,2,199.99,0.10
7482,3325,1,1,899.99,0.05
7483,3325,15,1,129.99,0.00
7484,3326,2,2,1349.99,0.00
7485,3327,7,5,849.99,0.00
7486,3327,37,2,299.99,0.00
7487,3327,23,1,19.99,0.15
7488,3328,41,1,199.99,0.00
7489,3329,24,3,79.99,0.15
7490,3329,23,1,19.99,0.00
7491,3329,25,1,349.99,0.00
7492,3330,39,3,399.99,0.00
7493,3330,38,1,14.99,0.05
7494,3331,12,5,89.99,0.00
7495,3331,34,3,34.99,0.00
7496,3332,1,2,899.99,0.05
7497,3332,5,3,999.99,0.05
7498,3333,2,1,1349.99,0.00
7499,3333,29,2,59.99,0.05
7500,3333,19,1,159.99,0.00
7501,3334,29,2,59.99,0.10
7502,3334,23,1,19.99,0.05
7503,3335,9,2,799.99,0.15
7504,3335,3,5,1199.00,0.15
7505,3335,17,10,449.99,0.00
7506,3336,32,2,179.99,0.00
7507,3336,13,1,69.99,0.10
7508,3337,6,2,999.00,0.10
7509,3337,35,1,89.99,0.00
7510,3338,5,2,999.99,0.05
7511,3338,26,5,199.99,0.15
7512,3339,5,10,999.99,0.00
7513,3340,2,2,1349.99,0.00
7514,3341,25,1,349.99,0.15
7515,3342,32,1,179.99,0.10
7516,3343,25,1,349.99,0.00
7517,3344,20,1,49.99,0.10
7518,3345,30,10,99.99,0.00
7519,3346,8,1,699.00,0.00
7520,3347,35,1,89.99,0.00
7521,3347,3,1,1199.00,0.00
7522,3347,7,5,849.99,0.00
7523,3347,30,1,99.99,0.05
7524,3348,15,2,129.99,0.10
7525,3348,26,2,199.99,0.10
7526,3348,41,5,199.99,0.10
7527,3349,40,3,549.99,0.00
7528,3349,38,3,14.99,0.00
7529,3350,35,1,89.99,0.00
7530,3350,1,1,899.99,0.00
7531,3350,19,1,159.99,0.10
7532,3351,30,1,99.99,0.00
7533,3352,6,5,999.00,0.00
7534,3353,41,1,199.99,0.10
7535,3353,13,2,69.99,0.00
7536,3353,4,3,1299.99,0.00
7537,3354,17,2,449.99,0.05
7538,3354,36,3,109.99,0.15
7539,3354,41,1,199.99,0.00
7540,3354,1,1,899.99,0.00
7541,3355,30,1,99.99,0.00
7542,3355,31,1,599.99,0.00
7543,3355,9,1,799.99,0.05
7544,3356,15,1,129.99,0.00
7545,3356,24,5,79.99,0.00
7546,3357,35,1,89.99,0.20
7547,3357,27,3,129.99,0.00
7548,3357,34,2,34.99,0.00
7549,3357,28,5,149.99,0.10
7550,3358,22,5,9.99,0.05
7551,3358,12,3,89.99,0.05
7552,3358,21,2,12.99,0.00
7553,3358,30,3,99.99,0.05
7554,3358,29,2,59.99,0.00
7555,3359,16,1,599.99,0.05
7556,3359,31,1,599.99,0.05
7557,3359,2,3,1349.99,0.20
7558,3360,7,1,849.99,0.00
7559,3360,40,1,549.99,0.15
7560,3360,25,1,349.99,0.10
7561,3360,41,2,199.99,0.10
7562,3360,15,1,129.99,0.20
7563,3361,33,3,249.99,0.00
7564,3362,2,1,1349.99,0.10
7565,3362,28,3,149.99,0.00
7566,3362,12,2,89.99,0.10
7567,3362,36,1,109.99,0.20
7568,3362,33,2,249.99,0.00
7569,3363,14,1,39.99,0.05
7570,3363,27,2,129.99,0.15
7571,3363,16,2,599.99,0.05
7572,3364,7,1,849.99,0.00
7573,3364,28,2,149.99,0.10
7574,3364,30,1,99.99,0.05
7575,3365,16,2,599.99,0.00
7576,3365,20,3,49.99,0.05
7577,3366,3,1,1199.00,0.05
7578,3366,36,1,109.99,0.00
7579,3366,20,2,49.99,0.00
7580,3367,36,10,109.99,0.00
7581,3367,30,1,99.99,0.10
7582,3367,26,2,199.99,0.20
7583,3368,9,3,799.99,0.00
7584,3368,20,3,49.99,0.15
7585,3368,26,1,199.99,0.05
7586,3369,10,1,49.99,0.00
7587,3369,41,2,199.99,0.10
7588,3369,36,3,109.99,0.00
7589,3370,3,2,1199.00,0.05
7590,3370,32,2,179.99,0.00
7591,3370,27,2,129.99,0.00
7592,3371,39,1,399.99,0.00
7593,3372,35,5,89.99,0.05
7594,3372,8,5,699.00,0.10
7595,3372,25,1,349.99,0.00
7596,3373,38,2,14.99,0.00
7597,3374,6,1,999.00,0.05
7598,3374,41,3,199.99,0.00
7599,3375,7,1,849.99,0.00
7600,3376,33,1,249.99,0.10
7601,3376,22,1,9.99,0.05
7602,3377,34,1,34.99,0.00
7603,3378,26,1,199.99,0.00
7604,3379,37,1,299.99,0.00
7605,3380,34,5,34.99,0.00
7606,3380,1,1,899.99,0.00
7607,3380,11,10,29.99,0.05
7608,3380,16,1,599.99,0.05
7609,3380,36,2,109.99,0.00
7610,3381,22,5,9.99,0.00
7611,3382,41,1,199.99,0.10
7612,3382,10,1,49.99,0.00
7613,3383,11,2,29.99,0.15
7614,3383,14,1,39.99,0.00
7615,3383,38,1,14.99,0.00
7616,3384,9,2,799.99,0.00
7617,3385,10,1,49.99,0.05
7618,3385,36,5,109.99,0.00
7619,3385,27,1,129.99,0.15
7620,3386,18,1,189.99,0.05
7621,3386,40,1,549.99,0.00
7622,3387,23,3,19.99,0.00
7623,3387,30,2,99.99,0.00
7624,3388,6,1,999.00,0.15
7625,3388,39,2,399.99,0.00
7626,3388,2,2,1349.99,0.00
7627,3388,23,2,19.99,0.00
7628,3389,40,2,549.99,0.05
7629,3389,20,2,49.99,0.00
7630,3389,5,1,999.99,0.00
7631,3390,17,5,449.99,0.00
7632,3391,18,1,189.99,0.05
7633,3392,12,2,89.99,0.05
7634,3393,32,2,179.99,0.20
7635,3394,37,5,299.99,0.00
7636,3395,40,1,549.99,0.10
7637,3395,9,2,799.99,0.00
7638,3395,22,2,9.99,0.05
7639,3396,7,1,849.99,0.05
7640,3397,19,2,159.99,0.00
7641,3397,40,10,549.99,0.00
7642,3397,31,2,599.99,0.00
7643,3398,40,3,549.99,0.00
7644,3398,24,2,79.99,0.00
7645,3399,4,1,1299.99,0.05
7646,3399,35,1,89.99,0.05
7647,3399,14,5,39.99,0.05
7648,3399,22,1,9.99,0.05
7649,3399,29,2,59.99,0.00
7650,3400,9,1,799.99,0.00
7651,3400,3,3,1199.00,0.05
7652,3400,10,5,49.99,0.00
7653,3401,33,1,249.99,0.00
7654,3401,31,3,599.99,0.00
7655,3401,25,1,349.99,0.00
7656,3402,25,10,349.99,0.05
7657,3402,18,2,189.99,0.05
7658,3403,12,1,89.99,0.00
7659,3404,23,2,19.99,0.05
7660,3404,9,10,799.99,0.00
7661,3405,22,1,9.99,0.00
7662,3405,25,1,349.99,0.05
7663,3406,8,2,699.00,0.00
7664,3406,13,5,69.99,0.05
7665,3407,13,1,69.99,0.05
7666,3407,16,2,599.99,0.20
7667,3407,10,2,49.99,0.00
7668,3407,19,2,159.99,0.15
7669,3408,13,2,69.99,0.20
7670,3408,25,5,349.99,0.05
7671,3408,4,2,1299.99,0.00
7672,3408,17,10,449.99,0.00
7673,3409,41,1,199.99,0.00
7674,3410,41,3,199.99,0.10
7675,3411,34,1,34.99,0.00
7676,3411,4,2,1299.99,0.05
7677,3411,35,1,89.99,0.00
7678,3412,21,1,12.99,0.00
7679,3413,41,10,199.99,0.05
7680,3414,28,2,149.99,0.10
7681,3414,37,2,299.99,0.00
7682,3414,21,1,12.99,0.00
7683,3414,24,2,79.99,0.00
7684,3415,20,1,49.99,0.00
7685,3415,7,3,849.99,0.00
7686,3416,12,1,89.99,0.10
7687,3416,19,1,159.99,0.00
7688,3417,19,1,159.99,0.10
7689,3417,39,1,399.99,0.00
7690,3418,9,1,799.99,0.05
7691,3418,34,2,34.99,0.00
7692,3418,5,1,999.99,0.00
7693,3418,3,1,1199.00,0.00
7694,3418,25,1,349.99,0.20
7695,3419,5,2,999.99,0.05
7696,3419,26,2,199.99,0.15
7697,3420,6,10,999.00,0.00
7698,3420,18,1,189.99,0.15
7699,3420,41,2,199.99,0.05
7700,3421,20,1,49.99,0.00
7701,3421,35,5,89.99,0.00
7702,3421,24,3,79.99,0.00
7703,3422,24,5,79.99,0.20
7704,3422,16,10,599.99,0.05
7705,3422,3,1,1199.00,0.00
7706,3422,26,2,199.99,0.05
7707,3423,3,2,1199.00,0.10
7708,3423,24,10,79.99,0.05
7709,3424,36,2,109.99,0.00
7710,3424,5,1,999.99,0.00
7711,3425,3,3,1199.00,0.00
7712,3425,23,10,19.99,0.10
7713,3426,26,2,199.99,0.00
7714,3426,41,1,199.99,0.15
7715,3426,25,1,349.99,0.00
7716,3426,1,3,899.99,0.00
7717,3426,37,2,299.99,0.10
7718,3427,3,2,1199.00,0.10
7719,3427,26,3,199.99,0.00
7720,3427,21,1,12.99,0.00
7721,3427,35,1,89.99,0.00
7722,3427,38,1,14.99,0.00
7723,3428,7,1,849.99,0.00
7724,3428,16,2,599.99,0.10
7725,3429,10,3,49.99,0.00
7726,3429,36,2,109.99,0.05
7727,3429,26,5,199.99,0.10
7728,3429,7,1,849.99,0.10
7729,3429,9,1,799.99,0.00
7730,3430,16,1,599.99,0.00
7731,3431,34,5,34.99,0.00
7732,3432,32,1,179.99,0.15
7733,3432,37,1,299.99,0.10
7734,3433,12,3,89.99,0.10
7735,3433,38,1,14.99,0.15
7736,3433,18,2,189.99,0.20
7737,3433,34,5,34.99,0.15
7738,3433,27,2,129.99,0.15
7739,3434,30,1,99.99,0.00
7740,3435,8,3,699.00,0.00
7741,3435,22,1,9.99,0.10
7742,3435,28,5,149.99,0.00
7743,3435,31,1,599.99,0.00
7744,3436,30,2,99.99,0.10
7745,3436,13,2,69.99,0.00
7746,3437,11,5,29.99,0.15
7747,3438,12,2,89.99,0.00
7748,3438,11,1,29.99,0.05
7749,3438,14,3,39.99,0.15
7750,3438,22,1,9.99,0.20
7751,3439,20,1,49.99,0.00
7752,3440,37,1,299.99,0.10
7753,3441,40,1,549.99,0.00
7754,3441,13,1,69.99,0.00
7755,3441,30,3,99.99,0.10
7756,3442,40,3,549.99,0.10
7757,3442,6,2,999.00,0.00
7758,3443,37,1,299.99,0.05
7759,3443,23,1,19.99,0.10
7760,3444,31,1,599.99,0.00
7761,3445,30,1,99.99,0.10
7762,3446,24,10,79.99,0.00
7763,3447,9,3,799.99,0.00
7764,3447,30,1,99.99,0.05
7765,3447,1,3,899.99,0.05
7766,3448,24,1,79.99,0.00
7767,3448,23,1,19.99,0.00
7768,3448,27,2,129.99,0.00
7769,3449,4,3,1299.99,0.05
7770,3450,19,3,159.99,0.00
7771,3451,15,2,129.99,0.00
7772,3451,9,1,799.99,0.15
7773,3451,27,2,129.99,0.15
7774,3452,18,1,189.99,0.00
7775,3452,13,2,69.99,0.15
7776,3452,8,2,699.00,0.05
7777,3453,5,1,999.99,0.00
7778,3453,12,2,89.99,0.00
7779,3453,11,2,29.99,0.05
7780,3453,24,2,79.99,0.00
7781,3453,26,1,199.99,0.00
7782,3454,3,3,1199.00,0.00
7783,3454,5,1,999.99,0.10
7784,3455,9,1,799.99,0.10
7785,3456,5,3,999.99,0.05
7786,3457,19,5,159.99,0.00
7787,3458,4,1,1299.99,0.00
7788,3458,17,2,449.99,0.05
7789,3459,1,1,899.99,0.10
7790,3459,14,2,39.99,0.05
7791,3460,8,2,699.00,0.00
7792,3460,18,1,189.99,0.00
7793,3460,17,2,449.99,0.00
7794,3461,15,2,129.99,0.00
7795,3462,31,3,599.99,0.05
7796,3462,7,1,849.99,0.00
7797,3462,17,1,449.99,0.15
7798,3462,14,10,39.99,0.00
7799,3463,3,2,1199.00,0.00
7800,3464,20,1,49.99,0.10
7801,3465,40,1,549.99,0.10
7802,3465,28,1,149.99,0.00
7803,3465,38,1,14.99,0.05
7804,3466,38,3,14.99,0.00
7805,3466,7,2,849.99,0.05
7806,3466,18,1,189.99,0.10
7807,3467,12,2,89.99,0.00
7808,3468,10,3,49.99,0.00
7809,3469,12,1,89.99,0.15
7810,3469,31,2,599.99,0.05
7811,3470,22,1,9.99,0.10
7812,3471,13,2,69.99,0.00
7813,3471,2,2,1349.99,0.05
7814,3471,28,2,149.99,0.05
7815,3472,33,1,249.99,0.05
7816,3472,40,5,549.99,0.00
7817,3472,15,3,129.99,0.20
7818,3472,41,2,199.99,0.00
7819,3472,23,2,19.99,0.05
7820,3473,29,3,59.99,0.15
7821,3474,26,5,199.99,0.05
7822,3474,4,5,1299.99,0.20
7823,3475,1,2,899.99,0.10
7824,3475,16,1,599.99,0.05
7825,3476,27,1,129.99,0.05
7826,3476,15,2,129.99,0.00
7827,3476,14,1,39.99,0.10
7828,3477,2,2,1349.99,0.00
7829,3478,12,1,89.99,0.10
7830,3478,24,3,79.99,0.10
7831,3479,37,3,299.99,0.10
7832,3480,12,2,89.99,0.10
7833,3481,41,2,199.99,0.10
7834,3482,1,1,899.99,0.10
7835,3483,8,3,699.00,0.00
7836,3484,13,3,69.99,0.00
7837,3485,9,2,799.99,0.00
7838,3485,12,2,89.99,0.10
7839,3486,19,2,159.99,0.15
7840,3486,36,5,109.99,0.00
7841,3487,16,1,599.99,0.15
7842,3487,17,2,449.99,0.05
7843,3487,32,1,179.99,0.00
7844,3487,19,1,159.99,0.10
7845,3488,41,1,199.99,0.15
7846,3489,1,1,899.99,0.00
7847,3489,39,2,399.99,0.05
7848,3489,40,3,549.99,0.00
7849,3490,18,5,189.99,0.00
7850,3491,5,2,999.99,0.20
7851,3491,28,2,149.99,0.15
7852,3491,10,1,49.99,0.00
7853,3491,9,1,799.99,0.10
7854,3492,20,1,49.99,0.00
7855,3492,27,1,129.99,0.00
7856,3493,40,2,549.99,0.00
7857,3493,37,1,299.99,0.00
7858,3493,14,2,39.99,0.00
7859,3493,13,1,69.99,0.00
7860,3494,15,5,129.99,0.00
7861,3494,29,2,59.99,0.00
7862,3495,20,1,49.99,0.00
7863,3495,29,2,59.99,0.00
7864,3496,11,1,29.99,0.00
7865,3496,32,1,179.99,0.20
7866,3496,35,1,89.99,0.00
7867,3496,22,10,9.99,0.20
7868,3497,39,1,399.99,0.00
7869,3497,27,5,129.99,0.15
7870,3497,3,2,1199.00,0.05
7871,3498,24,3,79.99,0.00
7872,3498,36,3,109.99,0.00
7873,3498,9,2,799.99,0.00
7874,3499,37,2,299.99,0.00
7875,3500,2,1,1349.99,0.00
7876,3500,34,2,34.99,0.00
7877,3501,36,3,109.99,0.00
7878,3502,39,2,399.99,0.10
7879,3502,7,3,849.99,0.05
7880,3503,41,5,199.99,0.00
7881,3503,15,1,129.99,0.00
7882,3503,16,2,599.99,0.05
7883,3504,32,2,179.99,0.00
7884,3505,30,1,99.99,0.10
7885,3505,20,1,49.99,0.00
7886,3506,28,2,149.99,0.00
7887,3506,29,1,59.99,0.10
7888,3507,25,2,349.99,0.00
7889,3507,4,2,1299.99,0.00
7890,3508,23,3,19.99,0.00
7891,3509,18,10,189.99,0.00
7892,3509,33,1,249.99,0.00
7893,3509,11,1,29.99,0.00
7894,3510,25,1,349.99,0.15
7895,3511,20,5,49.99,0.00
7896,3511,2,3,1349.99,0.05
7897,3512,39,2,399.99,0.00
7898,3512,28,3,149.99,0.05
7899,3512,9,2,799.99,0.00
7900,3513,19,5,159.99,0.00
7901,3513,23,2,19.99,0.00
7902,3513,8,1,699.00,0.05
7903,3514,22,2,9.99,0.15
7904,3514,12,1,89.99,0.00
7905,3515,15,3,129.99,0.05
7906,3516,23,1,19.99,0.05
7907,3516,22,2,9.99,0.00
7908,3517,17,2,449.99,0.00
7909,3518,1,3,899.99,0.00
7910,3518,5,3,999.99,0.15
7911,3518,36,1,109.99,0.00
7912,3519,34,2,34.99,0.15
7913,3520,18,1,189.99,0.10
7914,3520,15,2,129.99,0.05
7915,3521,18,1,189.99,0.05
7916,3522,33,3,249.99,0.15
7917,3522,34,2,34.99,0.20
7918,3522,25,2,349.99,0.00
7919,3523,12,2,89.99,0.00
7920,3523,32,1,179.99,0.00
7921,3523,11,2,29.99,0.00
7922,3523,20,5,49.99,0.00
7923,3524,25,3,349.99,0.00
7924,3524,31,2,599.99,0.00
7925,3525,8,1,699.00,0.00
7926,3526,40,3,549.99,0.05
7927,3526,35,2,89.99,0.15
7928,3526,34,1,34.99,0.15
7929,3527,12,1,89.99,0.00
7930,3527,9,10,799.99,0.15
7931,3528,6,2,999.00,0.05
7932,3528,41,2,199.99,0.00
7933,3528,18,2,189.99,0.00
7934,3529,2,3,1349.99,0.00
7935,3530,19,2,159.99,0.15
7936,3531,12,1,89.99,0.00
7937,3531,5,3,999.99,0.20
7938,3531,36,2,109.99,0.00
7939,3531,8,2,699.00,0.05
7940,3531,37,10,299.99,0.05
7941,3532,16,2,599.99,0.00
7942,3533,16,1,599.99,0.15
7943,3533,12,2,89.99,0.00
7944,3533,6,3,999.00,0.05
7945,3533,3,1,1199.00,0.05
7946,3533,7,2,849.99,0.10
7947,3534,31,2,599.99,0.05
7948,3534,1,1,899.99,0.05
7949,3534,24,1,79.99,0.00
7950,3535,13,2,69.99,0.05
7951,3535,26,3,199.99,0.20
7952,3535,31,2,599.99,0.00
7953,3536,38,1,14.99,0.00
7954,3536,33,10,249.99,0.10
7955,3536,8,3,699.00,0.15
7956,3537,2,5,1349.99,0.05
7957,3537,18,1,189.99,0.05
7958,3537,9,1,799.99,0.00
7959,3538,41,1,199.99,0.05
7960,3538,22,2,9.99,0.15
7961,3539,7,2,849.99,0.10
7962,3539,9,2,799.99,0.00
7963,3539,2,3,1349.99,0.20
7964,3539,14,5,39.99,0.15
7965,3540,24,5,79.99,0.00
7966,3540,40,2,549.99,0.00
7967,3540,23,10,19.99,0.00
7968,3541,2,2,1349.99,0.05
7969,3541,1,5,899.99,0.05
7970,3541,21,1,12.99,0.10
7971,3542,1,5,899.99,0.00
7972,3543,18,3,189.99,0.05
7973,3543,37,1,299.99,0.00
7974,3543,22,2,9.99,0.05
7975,3543,40,10,549.99,0.05
7976,3543,41,3,199.99,0.20
7977,3544,5,2,999.99,0.00
7978,3544,32,2,179.99,0.00
7979,3545,37,10,299.99,0.15
7980,3546,14,1,39.99,0.00
7981,3546,27,1,129.99,0.00
7982,3547,9,1,799.99,0.05
7983,3547,4,1,1299.99,0.00
7984,3548,15,1,129.99,0.10
7985,3549,36,1,109.99,0.10
7986,3549,35,10,89.99,0.00
7987,3550,7,2,849.99,0.00
7988,3550,26,3,199.99,0.00
7989,3551,19,5,159.99,0.05
7990,3551,7,1,849.99,0.05
7991,3551,6,2,999.00,0.00
7992,3552,29,2,59.99,0.05
7993,3552,2,1,1349.99,0.00
7994,3553,3,2,1199.00,0.00
7995,3553,17,1,449.99,0.05
7996,3554,35,3,89.99,0.00
7997,3555,31,1,599.99,0.00
7998,3556,27,2,129.99,0.00
7999,3556,37,1,299.99,0.00
8000,3556,20,2,49.99,0.05
8001,3557,18,1,189.99,0.00
8002,3557,1,1,899.99,0.10
8003,3557,21,3,12.99,0.00
8004,3558,7,2,849.99,0.05
8005,3558,9,2,799.99,0.00
8006,3559,37,3,299.99,0.00
8007,3559,25,1,349.99,0.00
8008,3559,10,1,49.99,0.20
8009,3559,21,3,12.99,0.10
8010,3560,9,1,799.99,0.05
8011,3560,8,1,699.00,0.10
8012,3561,17,3,449.99,0.00
8013,3562,5,1,999.99,0.10
8014,3562,9,2,799.99,0.10
8015,3563,5,1,999.99,0.00
8016,3564,24,10,79.99,0.05
8017,3564,41,5,199.99,0.00
8018,3565,7,1,849.99,0.00
8019,3565,19,5,159.99,0.00
8020,3566,13,2,69.99,0.20
8021,3567,40,1,549.99,0.05
8022,3567,18,2,189.99,0.00
8023,3568,32,1,179.99,0.15
8024,3568,12,10,89.99,0.10
8025,3568,30,1,99.99,0.00
8026,3569,6,1,999.00,0.05
8027,3569,24,2,79.99,0.10
8028,3569,22,3,9.99,0.00
8029,3570,9,1,799.99,0.00
8030,3570,36,2,109.99,0.15
8031,3571,40,1,549.99,0.10
8032,3571,5,2,999.99,0.00
8033,3571,30,1,99.99,0.00
8034,3571,12,2,89.99,0.10
8035,3572,25,3,349.99,0.00
8036,3572,9,1,799.99,0.15
8037,3573,19,2,159.99,0.10
8038,3574,2,2,1349.99,0.05
8039,3574,24,3,79.99,0.15
8040,3574,22,10,9.99,0.00
8041,3575,31,2,599.99,0.20
8042,3575,40,5,549.99,0.05
8043,3576,14,1,39.99,0.15
8044,3577,29,3,59.99,0.00
8045,3578,40,1,549.99,0.15
8046,3578,19,1,159.99,0.00
8047,3578,32,1,179.99,0.00
8048,3578,21,5,12.99,0.10
8049,3579,24,5,79.99,0.10
8050,3580,20,1,49.99,0.00
8051,3581,20,2,49.99,0.00
8052,3581,27,1,129.99,0.20
8053,3581,38,3,14.99,0.05
8054,3582,16,1,599.99,0.00
8055,3582,38,1,14.99,0.05
8056,3583,12,1,89.99,0.05
8057,3583,20,3,49.99,0.00
8058,3584,36,2,109.99,0.15
8059,3585,32,2,179.99,0.05
8060,3586,39,1,399.99,0.15
8061,3586,17,2,449.99,0.10
8062,3586,11,2,29.99,0.00
8063,3587,8,1,699.00,0.00
8064,3587,35,1,89.99,0.00
8065,3587,34,2,34.99,0.00
8066,3588,24,5,79.99,0.05
8067,3588,9,1,799.99,0.05
8068,3588,30,1,99.99,0.05
8069,3589,14,3,39.99,0.00
8070,3590,2,2,1349.99,0.10
8071,3590,30,2,99.99,0.00
8072,3591,2,1,1349.99,0.00
8073,3592,12,2,89.99,0.05
8074,3592,7,2,849.99,0.00
8075,3593,41,1,199.99,0.10
8076,3593,11,2,29.99,0.00
8077,3594,10,1,49.99,0.00
8078,3594,18,2,189.99,0.00
8079,3595,37,1,299.99,0.00
8080,3595,26,1,199.99,0.10
8081,3596,29,2,59.99,0.00
8082,3596,15,1,129.99,0.00
8083,3597,13,2,69.99,0.00
8084,3597,12,1,89.99,0.05
8085,3597,4,5,1299.99,0.00
8086,3597,24,3,79.99,0.20
8087,3597,1,5,899.99,0.05
8088,3598,5,3,999.99,0.05
8089,3598,7,1,849.99,0.05
8090,3598,2,2,1349.99,0.10
8091,3598,3,1,1199.00,0.15
8092,3599,30,1,99.99,0.05
8093,3600,28,1,149.99,0.15
8094,3600,23,2,19.99,0.00
8095,3601,3,5,1199.00,0.00
8096,3602,22,2,9.99,0.10
8097,3602,33,2,249.99,0.00
8098,3603,31,3,599.99,0.05
8099,3603,34,1,34.99,0.00
8100,3603,29,1,59.99,0.05
8101,3603,14,1,39.99,0.15
8102,3603,33,1,249.99,0.00
8103,3604,3,1,1199.00,0.05
8104,3604,18,1,189.99,0.05
8105,3605,27,1,129.99,0.00
8106,3605,3,5,1199.00,0.00
8107,3606,38,1,14.99,0.05
8108,3607,5,3,999.99,0.10
8109,3607,25,1,349.99,0.05
8110,3607,40,1,549.99,0.00
8111,3608,19,2,159.99,0.00
8112,3608,6,3,999.00,0.00
8113,3609,3,1,1199.00,0.10
8114,3609,22,3,9.99,0.00
8115,3609,1,2,899.99,0.00
8116,3609,14,3,39.99,0.00
8117,3610,23,5,19.99,0.00
8118,3611,12,2,89.99,0.00
8119,3612,23,2,19.99,0.00
8120,3613,9,3,799.99,0.00
8121,3614,22,10,9.99,0.00
8122,3614,31,2,599.99,0.00
8123,3615,34,2,34.99,0.00
8124,3615,16,2,599.99,0.00
8125,3616,33,1,249.99,0.15
8126,3617,26,2,199.99,0.00
8127,3617,25,5,349.99,0.00
8128,3618,32,2,179.99,0.05
8129,3618,24,2,79.99,0.00
8130,3618,1,2,899.99,0.00
8131,3619,10,2,49.99,0.00
8132,3620,12,2,89.99,0.05
8133,3621,32,3,179.99,0.10
8134,3622,37,1,299.99,0.10
8135,3622,33,1,249.99,0.00
8136,3623,41,5,199.99,0.05
8137,3623,27,1,129.99,0.10
8138,3624,14,1,39.99,0.10
8139,3625,31,1,599.99,0.00
8140,3626,12,3,89.99,0.20
8141,3626,10,1,49.99,0.00
8142,3626,7,3,849.99,0.00
8143,3627,24,1,79.99,0.05
8144,3627,7,1,849.99,0.10
8145,3628,19,5,159.99,0.00
8146,3628,38,2,14.99,0.00
8147,3628,21,3,12.99,0.15
8148,3629,20,1,49.99,0.05
8149,3629,31,2,599.99,0.00
8150,3630,6,2,999.00,0.20
8151,3631,38,2,14.99,0.15
8152,3632,27,2,129.99,0.15
8153,3632,24,2,79.99,0.15
8154,3632,23,2,19.99,0.20
8155,3633,18,10,189.99,0.05
8156,3634,1,3,899.99,0.00
8157,3635,28,1,149.99,0.00
8158,3635,13,3,69.99,0.10
8159,3636,7,3,849.99,0.00
8160,3636,38,2,14.99,0.05
8161,3637,21,1,12.99,0.05
8162,3638,14,1,39.99,0.00
8163,3639,21,1,12.99,0.00
8164,3639,28,1,149.99,0.05
8165,3639,13,2,69.99,0.00
8166,3639,19,10,159.99,0.00
8167,3639,15,3,129.99,0.10
8168,3640,14,5,39.99,0.00
8169,3640,16,1,599.99,0.00
8170,3640,41,2,199.99,0.05
8171,3640,33,1,249.99,0.05
8172,3641,17,3,449.99,0.05
8173,3641,22,1,9.99,0.05
8174,3642,7,3,849.99,0.00
8175,3642,37,1,299.99,0.05
8176,3642,33,1,249.99,0.00
8177,3642,6,1,999.00,0.00
8178,3642,28,1,149.99,0.00
8179,3643,25,1,349.99,0.00
8180,3644,16,2,599.99,0.00
8181,3644,25,3,349.99,0.00
8182,3645,12,3,89.99,0.10
8183,3645,7,2,849.99,0.15
8184,3645,30,2,99.99,0.00
8185,3646,4,1,1299.99,0.05
8186,3647,29,5,59.99,0.05
8187,3647,36,1,109.99,0.05
8188,3648,8,1,699.00,0.00
8189,3648,39,1,399.99,0.20
8190,3648,10,1,49.99,0.00
8191,3648,41,1,199.99,0.00
8192,3649,4,1,1299.99,0.00
8193,3649,15,1,129.99,0.00
8194,3649,39,2,399.99,0.05
8195,3649,30,1,99.99,0.00
8196,3650,13,2,69.99,0.00
8197,3650,27,2,129.99,0.05
8198,3651,40,2,549.99,0.00
8199,3652,24,2,79.99,0.15
8200,3652,40,2,549.99,0.10
8201,3653,37,3,299.99,0.05
8202,3653,10,1,49.99,0.00
8203,3653,22,2,9.99,0.00
8204,3654,28,2,149.99,0.00
8205,3654,24,10,79.99,0.05
8206,3654,14,5,39.99,0.10
8207,3654,41,2,199.99,0.05
8208,3654,22,2,9.99,0.05
8209,3655,39,3,399.99,0.05
8210,3655,37,1,299.99,0.05
8211,3655,30,1,99.99,0.05
8212,3656,37,1,299.99,0.15
8213,3656,8,1,699.00,0.00
8214,3657,36,1,109.99,0.00
8215,3657,24,3,79.99,0.00
8216,3657,32,2,179.99,0.00
8217,3657,17,2,449.99,0.20
8218,3658,15,3,129.99,0.00
8219,3658,4,1,1299.99,0.05
8220,3658,29,2,59.99,0.00
8221,3658,37,2,299.99,0.10
8222,3659,15,1,129.99,0.10
8223,3659,18,1,189.99,0.10
8224,3659,27,1,129.99,0.00
8225,3660,14,1,39.99,0.00
8226,3660,40,2,549.99,0.00
8227,3661,12,1,89.99,0.00
8228,3661,40,1,549.99,0.00
8229,3661,37,2,299.99,0.00
8230,3662,19,1,159.99,0.05
8231,3662,21,1,12.99,0.10
8232,3663,36,1,109.99,0.05
8233,3663,35,1,89.99,0.10
8234,3663,20,2,49.99,0.10
8235,3663,27,2,129.99,0.00
8236,3664,17,1,449.99,0.05
8237,3664,38,2,14.99,0.15
8238,3664,3,1,1199.00,0.15
8239,3665,15,5,129.99,0.10
8240,3666,10,2,49.99,0.05
8241,3666,7,1,849.99,0.00
8242,3667,34,5,34.99,0.00
8243,3668,35,5,89.99,0.00
8244,3668,4,2,1299.99,0.00
8245,3668,10,1,49.99,0.05
8246,3669,23,5,19.99,0.00
8247,3669,29,1,59.99,0.00
8248,3669,39,2,399.99,0.15
8249,3670,12,1,89.99,0.05
8250,3670,34,2,34.99,0.00
8251,3671,40,1,549.99,0.00
8252,3672,39,2,399.99,0.05
8253,3672,2,1,1349.99,0.00
8254,3673,41,1,199.99,0.15
8255,3673,6,2,999.00,0.00
8256,3674,19,2,159.99,0.00
8257,3675,11,10,29.99,0.00
8258,3675,16,1,599.99,0.00
8259,3676,24,1,79.99,0.00
8260,3676,20,3,49.99,0.00
8261,3677,36,10,109.99,0.05
8262,3677,30,1,99.99,0.10
8263,3677,1,2,899.99,0.00
8264,3678,34,2,34.99,0.00
8265,3678,16,10,599.99,0.00
8266,3679,5,1,999.99,0.00
8267,3680,21,1,12.99,0.00
8268,3680,23,1,19.99,0.00
8269,3680,8,3,699.00,0.00
8270,3681,7,2,849.99,0.00
8271,3682,11,1,29.99,0.00
8272,3683,24,5,79.99,0.00
8273,3683,26,1,199.99,0.20
8274,3684,37,1,299.99,0.00
8275,3684,20,2,49.99,0.10
8276,3684,5,3,999.99,0.10
8277,3684,32,5,179.99,0.20
8278,3685,28,10,149.99,0.00
8279,3685,20,2,49.99,0.15
8280,3686,24,1,79.99,0.05
8281,3686,4,3,1299.99,0.00
8282,3687,40,1,549.99,0.20
8283,3688,25,2,349.99,0.00
8284,3688,40,3,549.99,0.05
8285,3689,25,1,349.99,0.00
8286,3689,15,2,129.99,0.10
8287,3689,33,1,249.99,0.15
8288,3689,12,2,89.99,0.00
8289,3689,24,2,79.99,0.00
8290,3690,12,3,89.99,0.10
8291,3690,38,1,14.99,0.10
8292,3691,19,2,159.99,0.00
8293,3692,22,1,9.99,0.10
8294,3692,18,2,189.99,0.10
8295,3693,19,2,159.99,0.10
8296,3693,37,2,299.99,0.10
8297,3694,39,1,399.99,0.10
8298,3694,22,2,9.99,0.00
8299,3694,10,1,49.99,0.00
8300,3695,30,1,99.99,0.00
8301,3695,16,2,599.99,0.00
8302,3695,5,2,999.99,0.00
8303,3696,19,3,159.99,0.05
8304,3696,21,1,12.99,0.05
8305,3696,39,5,399.99,0.20
8306,3697,14,1,39.99,0.10
8307,3697,17,1,449.99,0.00
8308,3697,19,1,159.99,0.00
8309,3698,27,1,129.99,0.00
8310,3698,21,2,12.99,0.00
8311,3699,8,2,699.00,0.10
8312,3699,39,3,399.99,0.20
8313,3699,4,10,1299.99,0.15
8314,3699,37,3,299.99,0.05
8315,3699,14,1,39.99,0.15
8316,3700,24,3,79.99,0.00
8317,3701,24,3,79.99,0.05
8318,3701,38,1,14.99,0.00
8319,3702,39,3,399.99,0.00
8320,3703,2,5,1349.99,0.05
8321,3704,5,1,999.99,0.05
8322,3704,9,5,799.99,0.00
8323,3705,14,1,39.99,0.00
8324,3705,17,1,449.99,0.05
8325,3705,39,2,399.99,0.00
8326,3706,16,5,599.99,0.05
8327,3706,35,5,89.99,0.00
8328,3706,31,2,599.99,0.05
8329,3707,31,2,599.99,0.15
8330,3708,29,1,59.99,0.00
8331,3709,16,2,599.99,0.10
8332,3709,33,2,249.99,0.10
8333,3710,33,5,249.99,0.00
8334,3711,21,1,12.99,0.00
8335,3712,31,3,599.99,0.00
8336,3712,8,1,699.00,0.00
8337,3713,33,1,249.99,0.00
8338,3713,19,1,159.99,0.00
8339,3714,41,3,199.99,0.00
8340,3715,4,1,1299.99,0.10
8341,3715,22,2,9.99,0.00
8342,3715,31,1,599.99,0.15
8343,3715,37,2,299.99,0.00
8344,3716,10,10,49.99,0.05
8345,3716,40,2,549.99,0.05
8346,3717,4,2,1299.99,0.00
8347,3718,25,3,349.99,0.05
8348,3718,28,2,149.99,0.00
8349,3718,19,1,159.99,0.05
8350,3719,7,1,849.99,0.15
8351,3719,16,1,599.99,0.15
8352,3720,34,5,34.99,0.15
8353,3720,19,1,159.99,0.00
8354,3720,33,5,249.99,0.05
8355,3721,4,1,1299.99,0.00
8356,3722,17,2,449.99,0.15
8357,3723,24,1,79.99,0.00
8358,3723,32,1,179.99,0.00
8359,3724,26,1,199.99,0.00
8360,3724,20,2,49.99,0.00
8361,3724,25,1,349.99,0.00
8362,3725,7,2,849.99,0.00
8363,3725,15,1,129.99,0.00
8364,3725,28,1,149.99,0.00
8365,3725,39,5,399.99,0.00
8366,3726,17,1,449.99,0.20
8367,3727,7,1,849.99,0.00
8368,3728,20,5,49.99,0.05
8369,3729,16,2,599.99,0.05
8370,3729,11,2,29.99,0.00
8371,3729,39,1,399.99,0.00
8372,3729,36,1,109.99,0.00
8373,3730,35,10,89.99,0.15
8374,3730,12,1,89.99,0.00
8375,3731,4,2,1299.99,0.00
8376,3732,34,3,34.99,0.05
8377,3732,8,1,699.00,0.05
8378,3732,7,2,849.99,0.15
8379,3733,13,2,69.99,0.05
8380,3734,19,2,159.99,0.00
8381,3735,37,2,299.99,0.00
8382,3736,3,2,1199.00,0.05
8383,3736,2,10,1349.99,0.00
8384,3736,40,1,549.99,0.00
8385,3737,32,1,179.99,0.05
8386,3737,11,3,29.99,0.10
8387,3737,20,5,49.99,0.00
8388,3738,38,10,14.99,0.00
8389,3738,28,1,149.99,0.00
8390,3738,39,10,399.99,0.10
8391,3739,24,2,79.99,0.05
8392,3739,12,2,89.99,0.00
8393,3739,3,1,1199.00,0.15
8394,3740,23,2,19.99,0.00
8395,3740,7,5,849.99,0.15
8396,3741,30,1,99.99,0.05
8397,3741,29,1,59.99,0.00
8398,3741,25,1,349.99,0.10
8399,3742,35,1,89.99,0.10
8400,3742,23,10,19.99,0.20
8401,3742,31,1,599.99,0.00
8402,3742,20,3,49.99,0.20
8403,3743,25,5,349.99,0.15
8404,3743,15,1,129.99,0.05
8405,3744,9,3,799.99,0.00
8406,3744,22,2,9.99,0.05
8407,3745,25,1,349.99,0.00
8408,3746,12,5,89.99,0.00
8409,3746,23,1,19.99,0.00
8410,3746,11,5,29.99,0.00
8411,3747,39,1,399.99,0.00
8412,3748,19,2,159.99,0.00
8413,3748,11,1,29.99,0.10
8414,3748,14,1,39.99,0.15
8415,3748,29,2,59.99,0.00
8416,3748,17,1,449.99,0.00
8417,3749,10,1,49.99,0.10
8418,3750,24,1,79.99,0.00
8419,3750,19,2,159.99,0.05
8420,3750,39,5,399.99,0.05
8421,3750,29,1,59.99,0.05
8422,3750,35,1,89.99,0.15
8423,3751,8,1,699.00,0.00
8424,3751,23,5,19.99,0.05
8425,3752,21,1,12.99,0.00
8426,3752,18,1,189.99,0.10
8427,3752,12,1,89.99,0.05
8428,3753,33,1,249.99,0.05
8429,3754,28,2,149.99,0.00
8430,3754,17,2,449.99,0.05
8431,3754,21,3,12.99,0.10
8432,3754,41,1,199.99,0.00
8433,3755,20,2,49.99,0.10
8434,3755,14,1,39.99,0.05
8435,3755,25,2,349.99,0.00
8436,3756,28,5,149.99,0.10
8437,3756,31,1,599.99,0.10
8438,3757,39,1,399.99,0.00
8439,3757,17,10,449.99,0.05
8440,3758,37,2,299.99,0.00
8441,3758,40,1,549.99,0.00
8442,3759,24,2,79.99,0.00
8443,3759,40,1,549.99,0.10
8444,3760,16,1,599.99,0.00
8445,3761,7,1,849.99,0.05
8446,3761,40,10,549.99,0.00
8447,3761,31,2,599.99,0.00
8448,3762,10,1,49.99,0.00
8449,3762,34,1,34.99,0.00
8450,3762,38,1,14.99,0.00
8451,3763,30,2,99.99,0.05
8452,3764,27,3,129.99,0.10
8453,3765,3,1,1199.00,0.00
8454,3766,30,1,99.99,0.05
8455,3767,5,1,999.99,0.00
8456,3767,35,5,89.99,0.10
8457,3767,1,3,899.99,0.00
8458,3768,9,3,799.99,0.05
8459,3768,8,1,699.00,0.20
8460,3768,11,2,29.99,0.00
8461,3769,35,1,89.99,0.00
8462,3769,5,2,999.99,0.00
8463,3769,25,1,349.99,0.00
8464,3769,37,2,299.99,0.15
8465,3770,28,1,149.99,0.00
8466,3771,38,2,14.99,0.00
8467,3771,22,2,9.99,0.00
8468,3771,33,5,249.99,0.00
8469,3772,21,10,12.99,0.10
8470,3772,3,5,1199.00,0.00
8471,3773,17,1,449.99,0.00
8472,3773,41,1,199.99,0.10
8473,3773,34,1,34.99,0.20
8474,3773,4,1,1299.99,0.00
8475,3774,15,2,129.99,0.05
8476,3774,8,1,699.00,0.00
8477,3775,6,2,999.00,0.05
8478,3776,30,1,99.99,0.15
8479,3776,18,1,189.99,0.10
8480,3777,20,1,49.99,0.05
8481,3777,40,1,549.99,0.00
8482,3777,28,2,149.99,0.10
8483,3777,15,1,129.99,0.00
8484,3778,20,5,49.99,0.05
8485,3778,40,1,549.99,0.10
8486,3778,39,1,399.99,0.00
8487,3778,5,3,999.99,0.05
8488,3779,27,2,129.99,0.15
8489,3779,23,1,19.99,0.10
8490,3779,30,2,99.99,0.00
8491,3780,12,5,89.99,0.00
8492,3780,34,1,34.99,0.15
8493,3781,35,1,89.99,0.00
8494,3781,41,1,199.99,0.05
8495,3782,2,3,1349.99,0.00
8496,3783,37,2,299.99,0.05
8497,3783,19,10,159.99,0.00
8498,3783,23,10,19.99,0.00
8499,3783,13,10,69.99,0.10
8500,3784,34,2,34.99,0.10
8501,3785,41,2,199.99,0.20
8502,3785,10,10,49.99,0.10
8503,3786,26,3,199.99,0.00
8504,3786,5,1,999.99,0.00
8505,3787,34,1,34.99,0.00
8506,3788,8,2,699.00,0.15
8507,3788,23,5,19.99,0.00
8508,3789,24,3,79.99,0.10
8509,3789,2,1,1349.99,0.10
8510,3789,29,1,59.99,0.05
8511,3789,39,2,399.99,0.10
8512,3790,9,2,799.99,0.00
8513,3791,27,2,129.99,0.05
8514,3792,29,1,59.99,0.00
8515,3792,27,3,129.99,0.00
8516,3792,15,1,129.99,0.05
8517,3792,7,5,849.99,0.15
8518,3793,19,1,159.99,0.00
8519,3794,13,2,69.99,0.00
8520,3795,9,3,799.99,0.15
8521,3795,35,5,89.99,0.00
8522,3795,39,1,399.99,0.00
8523,3796,33,5,249.99,0.00
8524,3797,38,1,14.99,0.15
8525,3797,35,1,89.99,0.00
8526,3798,8,1,699.00,0.05
8527,3799,18,1,189.99,0.10
8528,3799,24,2,79.99,0.10
8529,3800,28,2,149.99,0.10
8530,3800,39,5,399.99,0.10
8531,3800,12,1,89.99,0.10
8532,3800,14,2,39.99,0.00
8533,3800,16,1,599.99,0.00
8534,3801,14,3,39.99,0.00
8535,3801,30,3,99.99,0.00
8536,3802,8,3,699.00,0.00
8537,3802,15,2,129.99,0.00
8538,3802,7,1,849.99,0.00
8539,3803,8,1,699.00,0.00
8540,3803,22,1,9.99,0.00
8541,3804,39,1,399.99,0.15
8542,3805,18,5,189.99,0.10
8543,3805,35,1,89.99,0.00
8544,3806,13,5,69.99,0.00
8545,3807,35,2,89.99,0.00
8546,3807,31,2,599.99,0.00
8547,3808,38,2,14.99,0.15
8548,3809,9,10,799.99,0.10
8549,3809,35,2,89.99,0.05
8550,3809,21,1,12.99,0.00
8551,3810,21,1,12.99,0.05
8552,3811,7,1,849.99,0.05
8553,3811,34,3,34.99,0.10
8554,3811,3,3,1199.00,0.00
8555,3812,10,3,49.99,0.00
8556,3812,39,1,399.99,0.15
8557,3812,6,3,999.00,0.10
8558,3812,28,1,149.99,0.05
8559,3813,18,5,189.99,0.00
8560,3813,20,1,49.99,0.05
8561,3814,19,2,159.99,0.00
8562,3814,8,2,699.00,0.10
8563,3815,12,5,89.99,0.00
8564,3816,33,2,249.99,0.00
8565,3816,25,10,349.99,0.00
8566,3817,25,2,349.99,0.05
8567,3818,27,1,129.99,0.10
8568,3818,33,1,249.99,0.00
8569,3818,40,10,549.99,0.00
8570,3818,24,5,79.99,0.05
8571,3819,13,2,69.99,0.05
8572,3819,37,1,299.99,0.05
8573,3819,28,3,149.99,0.00
8574,3820,32,1,179.99,0.15
8575,3820,7,1,849.99,0.00
8576,3820,25,2,349.99,0.05
8577,3820,41,1,199.99,0.00
8578,3821,40,1,549.99,0.00
8579,3821,35,1,89.99,0.10
8580,3821,31,10,599.99,0.00
8581,3821,39,1,399.99,0.00
8582,3822,21,1,12.99,0.00
8583,3822,9,2,799.99,0.00
8584,3823,26,2,199.99,0.00
8585,3823,28,1,149.99,0.00
8586,3823,22,2,9.99,0.10
8587,3823,6,5,999.00,0.05
8588,3824,28,3,149.99,0.00
8589,3824,12,2,89.99,0.20
8590,3825,28,3,149.99,0.00
8591,3826,7,3,849.99,0.00
8592,3827,13,1,69.99,0.00
8593,3827,19,2,159.99,0.10
8594,3827,8,1,699.00,0.05
8595,3827,15,3,129.99,0.20
8596,3827,22,2,9.99,0.00
8597,3828,10,1,49.99,0.10
8598,3829,22,2,9.99,0.00
8599,3829,21,2,12.99,0.10
8600,3829,33,5,249.99,0.00
8601,3830,24,3,79.99,0.00
8602,3830,4,2,1299.99,0.05
8603,3830,35,5,89.99,0.05
8604,3831,15,1,129.99,0.00
8605,3831,20,1,49.99,0.10
8606,3832,2,3,1349.99,0.10
8607,3832,28,1,149.99,0.10
8608,3832,24,10,79.99,0.05
8609,3833,3,1,1199.00,0.00
8610,3833,27,2,129.99,0.00
8611,3833,32,1,179.99,0.15
8612,3833,41,2,199.99,0.00
8613,3834,38,2,14.99,0.00
8614,3835,14,3,39.99,0.00
8615,3835,18,3,189.99,0.00
8616,3835,3,3,1199.00,0.00
8617,3835,40,5,549.99,0.00
8618,3836,1,2,899.99,0.00
8619,3837,33,3,249.99,0.00
8620,3838,33,3,249.99,0.00
8621,3838,41,3,199.99,0.00
8622,3839,39,3,399.99,0.00
8623,3840,12,3,89.99,0.00
8624,3840,15,2,129.99,0.05
8625,3840,41,5,199.99,0.10
8626,3840,37,5,299.99,0.15
8627,3841,35,1,89.99,0.00
8628,3841,39,1,399.99,0.15
8629,3841,37,5,299.99,0.00
8630,3841,34,2,34.99,0.20
8631,3842,29,10,59.99,0.00
8632,3843,24,2,79.99,0.00
8633,3844,35,3,89.99,0.05
8634,3844,18,1,189.99,0.10
8635,3844,41,1,199.99,0.20
8636,3844,37,2,299.99,0.00
8637,3844,11,1,29.99,0.10
8638,3845,13,1,69.99,0.10
8639,3845,22,10,9.99,0.10
8640,3845,20,10,49.99,0.00
8641,3845,41,3,199.99,0.15
8642,3846,37,1,299.99,0.15
8643,3846,38,1,14.99,0.20
8644,3846,24,1,79.99,0.05
8645,3847,12,1,89.99,0.20
8646,3848,32,3,179.99,0.00
8647,3849,29,5,59.99,0.15
8648,3849,8,1,699.00,0.10
8649,3849,33,3,249.99,0.10
8650,3849,37,2,299.99,0.15
8651,3850,40,1,549.99,0.15
8652,3850,12,2,89.99,0.00
8653,3850,7,3,849.99,0.15
8654,3850,3,5,1199.00,0.10
8655,3850,32,10,179.99,0.10
8656,3851,4,2,1299.99,0.10
8657,3852,41,2,199.99,0.00
8658,3852,21,2,12.99,0.00
8659,3852,6,2,999.00,0.20
8660,3853,11,2,29.99,0.00
8661,3853,14,3,39.99,0.00
8662,3854,13,3,69.99,0.00
8663,3854,39,3,399.99,0.00
8664,3855,29,2,59.99,0.00
8665,3856,19,2,159.99,0.05
8666,3856,13,3,69.99,0.00
8667,3856,1,3,899.99,0.00
8668,3856,15,5,129.99,0.00
8669,3856,39,2,399.99,0.10
8670,3857,20,2,49.99,0.00
8671,3857,39,3,399.99,0.05
8672,3857,33,1,249.99,0.10
8673,3858,14,1,39.99,0.20
8674,3858,31,3,599.99,0.00
8675,3859,21,1,12.99,0.10
8676,3859,14,2,39.99,0.00
8677,3859,1,5,899.99,0.00
8678,3859,38,1,14.99,0.00
8679,3860,16,3,599.99,0.00
8680,3860,24,1,79.99,0.15
8681,3861,10,1,49.99,0.05
8682,3861,28,2,149.99,0.00
8683,3861,12,1,89.99,0.05
8684,3862,21,2,12.99,0.10
8685,3863,16,2,599.99,0.05
8686,3863,39,2,399.99,0.10
8687,3863,25,3,349.99,0.00
8688,3864,28,2,149.99,0.05
8689,3864,36,3,109.99,0.05
8690,3865,28,1,149.99,0.20
8691,3865,35,1,89.99,0.10
8692,3866,41,2,199.99,0.20
8693,3866,40,1,549.99,0.05
8694,3866,16,1,599.99,0.05
8695,3867,2,5,1349.99,0.15
8696,3867,13,1,69.99,0.15
8697,3868,10,2,49.99,0.05
8698,3869,29,5,59.99,0.20
8699,3869,35,2,89.99,0.00
8700,3870,37,2,299.99,0.15
8701,3871,32,1,179.99,0.00
8702,3871,18,10,189.99,0.00
8703,3872,31,1,599.99,0.00
8704,3872,32,2,179.99,0.00
8705,3873,10,2,49.99,0.00
8706,3874,39,2,399.99,0.00
8707,3874,36,1,109.99,0.05
8708,3874,23,1,19.99,0.00
8709,3875,23,3,19.99,0.10
8710,3875,34,1,34.99,0.05
8711,3876,11,2,29.99,0.15
8712,3876,18,1,189.99,0.00
8713,3876,21,1,12.99,0.05
8714,3877,19,10,159.99,0.00
8715,3878,32,3,179.99,0.05
8716,3879,25,3,349.99,0.00
8717,3879,6,1,999.00,0.15
8718,3880,31,2,599.99,0.15
8719,3880,27,2,129.99,0.05
8720,3880,40,5,549.99,0.05
8721,3881,1,5,899.99,0.05
8722,3881,8,5,699.00,0.00
8723,3882,40,10,549.99,0.00
8724,3882,6,5,999.00,0.00
8725,3883,17,1,449.99,0.00
8726,3884,35,1,89.99,0.00
8727,3884,40,2,549.99,0.10
8728,3884,20,2,49.99,0.05
8729,3885,6,1,999.00,0.05
8730,3886,28,3,149.99,0.00
8731,3886,39,2,399.99,0.10
8732,3886,24,2,79.99,0.00
8733,3887,33,2,249.99,0.00
8734,3887,8,1,699.00,0.00
8735,3887,5,3,999.99,0.00
8736,3888,34,1,34.99,0.05
8737,3888,38,10,14.99,0.00
8738,3888,39,3,399.99,0.00
8739,3888,37,1,299.99,0.00
8740,3889,13,2,69.99,0.00
8741,3889,7,2,849.99,0.00
8742,3890,40,1,549.99,0.20
8743,3890,36,1,109.99,0.00
8744,3891,5,3,999.99,0.15
8745,3891,40,2,549.99,0.15
8746,3892,26,1,199.99,0.00
8747,3893,20,2,49.99,0.15
8748,3893,18,1,189.99,0.15
8749,3894,22,1,9.99,0.00
8750,3895,2,1,1349.99,0.05
8751,3895,23,1,19.99,0.00
8752,3895,40,2,549.99,0.00
8753,3896,16,5,599.99,0.00
8754,3896,38,1,14.99,0.00
8755,3896,7,5,849.99,0.10
8756,3897,37,2,299.99,0.00
8757,3897,25,2,349.99,0.15
8758,3897,2,1,1349.99,0.00
8759,3898,6,1,999.00,0.10
8760,3899,32,2,179.99,0.20
8761,3900,35,1,89.99,0.20
8762,3901,20,1,49.99,0.10
8763,3902,27,10,129.99,0.15
8764,3902,21,1,12.99,0.10
8765,3902,26,1,199.99,0.05
8766,3903,37,1,299.99,0.00
8767,3903,23,1,19.99,0.15
8768,3903,14,5,39.99,0.15
8769,3903,35,1,89.99,0.05
8770,3904,4,2,1299.99,0.20
8771,3904,31,3,599.99,0.00
8772,3905,8,2,699.00,0.10
8773,3905,23,10,19.99,0.10
8774,3906,17,2,449.99,0.00
8775,3906,8,5,699.00,0.00
8776,3907,24,5,79.99,0.00
8777,3907,19,1,159.99,0.10
8778,3908,24,2,79.99,0.00
8779,3908,39,2,399.99,0.00
8780,3909,36,1,109.99,0.00
8781,3909,7,1,849.99,0.10
8782,3909,28,2,149.99,0.00
8783,3909,12,2,89.99,0.00
8784,3910,35,3,89.99,0.00
8785,3910,4,2,1299.99,0.00
8786,3910,24,1,79.99,0.05
8787,3911,11,2,29.99,0.00
8788,3911,32,2,179.99,0.10
8789,3911,33,3,249.99,0.00
8790,3911,19,3,159.99,0.00
8791,3912,27,2,129.99,0.15
8792,3913,18,2,189.99,0.10
8793,3913,13,2,69.99,0.05
8794,3913,8,1,699.00,0.05
8795,3913,14,1,39.99,0.00
8796,3914,32,1,179.99,0.00
8797,3915,16,1,599.99,0.00
8798,3915,19,1,159.99,0.00
8799,3916,19,5,159.99,0.05
8800,3916,7,2,849.99,0.00
8801,3916,24,1,79.99,0.00
8802,3917,25,5,349.99,0.00
8803,3917,17,1,449.99,0.20
8804,3917,39,2,399.99,0.20
8805,3918,7,1,849.99,0.15
8806,3919,34,1,34.99,0.00
8807,3919,18,2,189.99,0.05
8808,3919,1,1,899.99,0.00
8809,3919,40,1,549.99,0.00
8810,3920,23,1,19.99,0.15
8811,3920,7,2,849.99,0.00
8812,3921,30,1,99.99,0.00
8813,3922,34,2,34.99,0.00
8814,3923,2,3,1349.99,0.00
8815,3923,39,1,399.99,0.00
8816,3923,3,1,1199.00,0.00
8817,3923,30,2,99.99,0.00
8818,3923,20,3,49.99,0.00
8819,3924,4,1,1299.99,0.00
8820,3925,14,3,39.99,0.00
8821,3926,25,5,349.99,0.00
8822,3927,27,3,129.99,0.05
8823,3928,14,5,39.99,0.10
8824,3928,37,3,299.99,0.00
8825,3928,30,2,99.99,0.00
8826,3929,4,2,1299.99,0.05
8827,3929,2,2,1349.99,0.00
8828,3930,25,1,349.99,0.10
8829,3931,4,2,1299.99,0.15
8830,3931,11,5,29.99,0.00
8831,3932,11,1,29.99,0.00
8832,3932,13,2,69.99,0.15
8833,3932,34,1,34.99,0.05
8834,3933,10,1,49.99,0.00
8835,3933,21,5,12.99,0.00
8836,3934,11,3,29.99,0.10
8837,3934,33,2,249.99,0.05
8838,3935,30,1,99.99,0.10
8839,3935,4,1,1299.99,0.00
8840,3936,23,2,19.99,0.05
8841,3936,14,1,39.99,0.00
8842,3937,22,2,9.99,0.05
8843,3937,30,2,99.99,0.05
8844,3937,19,5,159.99,0.20
8845,3938,40,5,549.99,0.15
8846,3939,32,2,179.99,0.00
8847,3939,13,1,69.99,0.15
8848,3940,10,2,49.99,0.20
8849,3940,17,2,449.99,0.00
8850,3941,2,5,1349.99,0.10
8851,3941,11,1,29.99,0.00
8852,3941,12,1,89.99,0.00
8853,3942,17,1,449.99,0.00
8854,3942,7,1,849.99,0.10
8855,3943,21,1,12.99,0.00
8856,3944,35,2,89.99,0.05
8857,3944,29,1,59.99,0.10
8858,3945,28,2,149.99,0.00
8859,3946,40,2,549.99,0.00
8860,3947,22,2,9.99,0.05
8861,3948,9,10,799.99,0.15
8862,3948,30,3,99.99,0.00
8863,3949,28,1,149.99,0.20
8864,3950,39,2,399.99,0.00
8865,3950,6,2,999.00,0.05
8866,3951,34,10,34.99,0.20
8867,3952,30,1,99.99,0.05
8868,3952,18,2,189.99,0.05
8869,3952,25,1,349.99,0.00
8870,3952,8,1,699.00,0.00
8871,3952,12,3,89.99,0.00
8872,3953,14,1,39.99,0.15
8873,3954,28,2,149.99,0.15
8874,3954,33,2,249.99,0.10
8875,3955,26,1,199.99,0.10
8876,3956,26,3,199.99,0.00
8877,3956,24,1,79.99,0.00
8878,3956,19,1,159.99,0.00
8879,3957,27,2,129.99,0.05
8880,3957,3,10,1199.00,0.10
8881,3958,20,1,49.99,0.00
8882,3958,14,1,39.99,0.00
8883,3958,17,3,449.99,0.00
8884,3958,11,3,29.99,0.20
8885,3959,40,5,549.99,0.00
8886,3960,40,1,549.99,0.10
8887,3960,38,1,14.99,0.00
8888,3960,8,1,699.00,0.10
8889,3961,41,1,199.99,0.00
8890,3962,12,1,89.99,0.00
8891,3963,12,1,89.99,0.05
8892,3963,19,3,159.99,0.00
8893,3964,41,1,199.99,0.00
8894,3965,34,2,34.99,0.10
8895,3965,22,10,9.99,0.05
8896,3965,41,1,199.99,0.05
8897,3965,12,2,89.99,0.05
8898,3966,17,5,449.99,0.10
8899,3967,30,3,99.99,0.05
8900,3967,38,2,14.99,0.00
8901,3968,14,1,39.99,0.00
8902,3968,16,2,599.99,0.00
8903,3969,16,2,599.99,0.00
8904,3970,9,1,799.99,0.00
8905,3971,25,2,349.99,0.10
8906,3972,16,1,599.99,0.00
8907,3972,5,1,999.99,0.00
8908,3972,7,2,849.99,0.10
8909,3972,23,1,19.99,0.00
8910,3973,40,1,549.99,0.00
8911,3974,41,5,199.99,0.10
8912,3974,22,2,9.99,0.00
8913,3974,13,2,69.99,0.00
8914,3975,33,3,249.99,0.00
8915,3976,12,3,89.99,0.05
8916,3976,39,3,399.99,0.05
8917,3976,29,2,59.99,0.20
8918,3977,39,2,399.99,0.20
8919,3978,5,1,999.99,0.00
8920,3979,22,1,9.99,0.00
8921,3979,1,1,899.99,0.00
8922,3979,7,1,849.99,0.00
8923,3979,26,1,199.99,0.00
8924,3980,27,2,129.99,0.00
8925,3980,20,1,49.99,0.15
8926,3980,11,2,29.99,0.15
8927,3981,31,10,599.99,0.00
8928,3981,40,1,549.99,0.00
8929,3982,6,2,999.00,0.10
8930,3982,15,3,129.99,0.15
8931,3982,14,2,39.99,0.00
8932,3982,9,1,799.99,0.00
8933,3983,25,1,349.99,0.05
8934,3983,5,2,999.99,0.15
8935,3984,27,3,129.99,0.10
8936,3985,27,5,129.99,0.10
8937,3985,33,10,249.99,0.00
8938,3986,25,1,349.99,0.05
8939,3987,29,2,59.99,0.15
8940,3987,34,2,34.99,0.10
8941,3988,15,1,129.99,0.00
8942,3988,19,2,159.99,0.00
8943,3988,31,3,599.99,0.00
8944,3988,5,1,999.99,0.05
8945,3989,9,2,799.99,0.00
8946,3990,36,1,109.99,0.00
8947,3991,41,5,199.99,0.00
8948,3991,40,3,549.99,0.00
8949,3991,38,1,14.99,0.05
8950,3991,32,2,179.99,0.20
8951,3991,31,5,599.99,0.10
8952,3992,25,3,349.99,0.10
8953,3993,22,1,9.99,0.00
8954,3993,30,2,99.99,0.10
8955,3994,20,2,49.99,0.00
8956,3994,37,2,299.99,0.00
8957,3995,1,2,899.99,0.00
8958,3996,36,3,109.99,0.00
8959,3996,8,10,699.00,0.00
8960,3997,30,3,99.99,0.00
8961,3998,7,3,849.99,0.05
8962,3999,17,3,449.99,0.00
8963,3999,8,2,699.00,0.05
8964,4000,22,1,9.99,0.00
8965,4000,8,1,699.00,0.00
8966,4000,28,10,149.99,0.10
8967,4001,11,2,29.99,0.10
8968,4001,12,2,89.99,0.00
8969,4002,6,1,999.00,0.00
8970,4002,28,1,149.99,0.10
8971,4003,18,3,189.99,0.00
8972,4003,31,5,599.99,0.00
8973,4003,7,5,849.99,0.10
8974,4004,22,2,9.99,0.05
8975,4004,8,5,699.00,0.10
8976,4004,7,1,849.99,0.00
8977,4005,38,2,14.99,0.05
8978,4005,26,1,199.99,0.10
8979,4006,6,2,999.00,0.00
8980,4006,26,1,199.99,0.00
8981,4007,18,2,189.99,0.05
8982,4007,30,2,99.99,0.00
8983,4008,29,1,59.99,0.00
8984,4008,3,2,1199.00,0.10
8985,4009,12,1,89.99,0.00
8986,4009,34,1,34.99,0.00
8987,4010,20,3,49.99,0.00
8988,4011,10,2,49.99,0.00
8989,4011,21,2,12.99,0.10
8990,4012,39,1,399.99,0.00
8991,4012,15,1,129.99,0.00
8992,4013,25,5,349.99,0.00
8993,4014,18,1,189.99,0.05
8994,4014,27,2,129.99,0.00
8995,4015,34,2,34.99,0.05
8996,4015,5,2,999.99,0.05
8997,4016,10,2,49.99,0.00
8998,4016,20,1,49.99,0.00
8999,4017,38,1,14.99,0.00
9000,4018,11,1,29.99,0.05
9001,4018,13,1,69.99,0.00
9002,4019,9,3,799.99,0.10
9003,4019,7,2,849.99,0.10
9004,4019,35,2,89.99,0.00
9005,4020,24,1,79.99,0.15
9006,4020,30,1,99.99,0.00
9007,4021,21,2,12.99,0.00
9008,4021,26,2,199.99,0.10
9009,4021,25,1,349.99,0.00
9010,4022,2,2,1349.99,0.05
9011,4022,22,3,9.99,0.05
9012,4022,41,2,199.99,0.05
9013,4023,9,1,799.99,0.00
9014,4023,23,3,19.99,0.10
9015,4023,30,5,99.99,0.00
9016,4023,27,5,129.99,0.05
9017,4024,33,2,249.99,0.05
9018,4024,28,2,149.99,0.10
9019,4025,38,2,14.99,0.05
9020,4026,1,1,899.99,0.05
9021,4026,5,2,999.99,0.00
9022,4026,16,2,599.99,0.00
9023,4027,37,1,299.99,0.00
9024,4027,2,5,1349.99,0.00
9025,4028,39,1,399.99,0.00
9026,4029,26,1,199.99,0.05
9027,4030,34,2,34.99,0.05
9028,4030,27,1,129.99,0.00
9029,4030,18,5,189.99,0.00
9030,4031,5,5,999.99,0.00
9031,4031,30,1,99.99,0.00
9032,4032,40,5,549.99,0.10
9033,4032,7,2,849.99,0.00
9034,4032,23,2,19.99,0.10
9035,4033,29,1,59.99,0.10
9036,4033,31,3,599.99,0.00
9037,4033,3,5,1199.00,0.00
9038,4034,35,2,89.99,0.20
9039,4034,25,3,349.99,0.15
9040,4035,4,5,1299.99,0.10
9041,4035,29,1,59.99,0.15
9042,4036,20,10,49.99,0.10
9043,4036,14,2,39.99,0.10
9044,4036,36,1,109.99,0.15
9045,4037,13,5,69.99,0.00
9046,4037,23,2,19.99,0.00
9047,4037,29,5,59.99,0.00
9048,4038,26,2,199.99,0.00
9049,4039,39,2,399.99,0.00
9050,4039,21,3,12.99,0.05
9051,4039,19,1,159.99,0.15
9052,4039,25,2,349.99,0.00
9053,4039,36,2,109.99,0.05
9054,4040,33,2,249.99,0.00
9055,4040,18,1,189.99,0.05
9056,4040,26,1,199.99,0.10
9057,4041,26,1,199.99,0.20
9058,4041,9,3,799.99,0.05
9059,4042,22,1,9.99,0.10
9060,4042,24,3,79.99,0.00
9061,4043,3,5,1199.00,0.00
9062,4043,24,2,79.99,0.10
9063,4043,29,5,59.99,0.00
9064,4044,14,1,39.99,0.00
9065,4044,37,3,299.99,0.05
9066,4044,2,3,1349.99,0.10
9067,4044,21,1,12.99,0.15
9068,4045,34,3,34.99,0.00
9069,4045,39,2,399.99,0.15
9070,4045,13,2,69.99,0.00
9071,4046,21,1,12.99,0.10
9072,4046,14,2,39.99,0.00
9073,4046,12,2,89.99,0.05
9074,4046,18,2,189.99,0.05
9075,4047,28,2,149.99,0.00
9076,4047,23,1,19.99,0.10
9077,4047,34,1,34.99,0.10
9078,4047,22,2,9.99,0.00
9079,4048,40,1,549.99,0.00
9080,4048,36,1,109.99,0.05
9081,4048,24,10,79.99,0.00
9082,4049,41,1,199.99,0.00
9083,4050,38,10,14.99,0.20
9084,4050,29,1,59.99,0.05
9085,4050,5,2,999.99,0.10
9086,4051,27,2,129.99,0.05
9087,4052,12,2,89.99,0.00
9088,4052,1,3,899.99,0.00
9089,4052,22,2,9.99,0.00
9090,4053,6,3,999.00,0.15
9091,4053,35,3,89.99,0.00
9092,4054,34,1,34.99,0.05
9093,4055,33,3,249.99,0.15
9094,4055,28,1,149.99,0.10
9095,4055,21,3,12.99,0.10
9096,4056,27,2,129.99,0.00
9097,4057,9,10,799.99,0.20
9098,4057,17,1,449.99,0.00
9099,4058,13,1,69.99,0.05
9100,4058,21,1,12.99,0.15
9101,4059,6,2,999.00,0.00
9102,4060,35,10,89.99,0.00
9103,4060,17,5,449.99,0.00
9104,4060,29,2,59.99,0.00
9105,4061,13,10,69.99,0.10
9106,4061,9,1,799.99,0.10
9107,4062,34,1,34.99,0.05
9108,4063,14,10,39.99,0.00
9109,4063,9,1,799.99,0.00
9110,4063,37,1,299.99,0.00
9111,4064,20,1,49.99,0.05
9112,4065,25,5,349.99,0.00
9113,4065,26,1,199.99,0.05
9114,4066,22,5,9.99,0.15
9115,4066,33,2,249.99,0.00
9116,4067,10,3,49.99,0.05
9117,4068,16,3,599.99,0.05
9118,4068,37,1,299.99,0.00
9119,4069,9,2,799.99,0.05
9120,4070,25,10,349.99,0.00
9121,4070,22,1,9.99,0.05
9122,4070,11,5,29.99,0.00
9123,4071,28,1,149.99,0.00
9124,4072,17,1,449.99,0.00
9125,4072,35,2,89.99,0.00
9126,4073,23,3,19.99,0.00
9127,4074,22,1,9.99,0.05
9128,4074,35,5,89.99,0.00
9129,4075,6,5,999.00,0.05
9130,4076,34,3,34.99,0.00
9131,4076,13,1,69.99,0.00
9132,4077,27,5,129.99,0.00
9133,4077,29,3,59.99,0.10
9134,4078,22,3,9.99,0.15
9135,4078,20,1,49.99,0.05
9136,4079,27,1,129.99,0.05
9137,4079,34,1,34.99,0.00
9138,4079,32,3,179.99,0.00
9139,4080,34,3,34.99,0.10
9140,4080,19,3,159.99,0.00
9141,4080,24,5,79.99,0.05
9142,4080,33,1,249.99,0.10
9143,4080,14,1,39.99,0.00
9144,4081,5,1,999.99,0.00
9145,4081,39,1,399.99,0.00
9146,4082,36,2,109.99,0.00
9147,4082,2,2,1349.99,0.10
9148,4083,40,2,549.99,0.05
9149,4083,21,3,12.99,0.05
9150,4084,16,1,599.99,0.00
9151,4085,33,10,249.99,0.00
9152,4085,31,5,599.99,0.00
9153,4085,1,10,899.99,0.00
9154,4085,3,1,1199.00,0.00
9155,4086,34,1,34.99,0.00
9156,4086,37,3,299.99,0.00
9157,4086,2,3,1349.99,0.15
9158,4087,37,3,299.99,0.15
9159,4087,40,1,549.99,0.00
9160,4087,7,1,849.99,0.00
9161,4088,28,1,149.99,0.15
9162,4088,3,1,1199.00,0.00
9163,4089,22,1,9.99,0.00
9164,4089,1,3,899.99,0.00
9165,4089,26,2,199.99,0.05
9166,4089,13,1,69.99,0.15
9167,4090,41,5,199.99,0.00
9168,4090,21,2,12.99,0.00
9169,4090,28,3,149.99,0.15
9170,4091,33,1,249.99,0.00
9171,4092,13,2,69.99,0.00
9172,4092,29,1,59.99,0.10
9173,4093,35,1,89.99,0.00
9174,4093,15,3,129.99,0.00
9175,4094,8,1,699.00,0.00
9176,4094,22,2,9.99,0.00
9177,4095,23,2,19.99,0.15
9178,4096,16,1,599.99,0.20
9179,4096,40,10,549.99,0.05
9180,4097,25,1,349.99,0.00
9181,4097,15,2,129.99,0.05
9182,4098,22,1,9.99,0.15
9183,4098,30,1,99.99,0.05
9184,4099,35,1,89.99,0.00
9185,4099,18,5,189.99,0.00
9186,4100,20,2,49.99,0.00
9187,4100,7,2,849.99,0.00
9188,4101,29,1,59.99,0.15
9189,4101,16,2,599.99,0.00
9190,4102,37,1,299.99,0.05
9191,4102,32,1,179.99,0.00
9192,4102,6,1,999.00,0.00
9193,4103,39,2,399.99,0.00
9194,4103,40,2,549.99,0.05
9195,4103,1,1,899.99,0.05
9196,4103,28,1,149.99,0.00
9197,4104,6,10,999.00,0.00
9198,4104,2,2,1349.99,0.00
9199,4105,25,5,349.99,0.15
9200,4105,13,2,69.99,0.05
9201,4105,8,10,699.00,0.00
9202,4105,17,2,449.99,0.00
9203,4105,38,2,14.99,0.05
9204,4106,25,1,349.99,0.00
9205,4106,18,3,189.99,0.05
9206,4106,11,3,29.99,0.05
9207,4107,23,2,19.99,0.05
9208,4108,17,2,449.99,0.00
9209,4108,19,1,159.99,0.20
9210,4108,40,5,549.99,0.00
9211,4108,7,1,849.99,0.05
9212,4108,3,3,1199.00,0.00
9213,4109,14,1,39.99,0.05
9214,4109,19,2,159.99,0.10
9215,4110,32,2,179.99,0.00
9216,4110,29,1,59.99,0.00
9217,4111,30,1,99.99,0.05
9218,4111,17,1,449.99,0.00
9219,4112,6,3,999.00,0.05
9220,4112,15,1,129.99,0.00
9221,4112,16,3,599.99,0.05
9222,4112,4,1,1299.99,0.00
9223,4113,11,1,29.99,0.05
9224,4113,7,5,849.99,0.15
9225,4114,29,3,59.99,0.20
9226,4115,28,1,149.99,0.05
9227,4115,36,2,109.99,0.10
9228,4115,37,1,299.99,0.00
9229,4115,7,1,849.99,0.10
9230,4116,19,2,159.99,0.20
9231,4116,33,1,249.99,0.00
9232,4117,34,5,34.99,0.10
9233,4118,38,5,14.99,0.00
9234,4118,25,2,349.99,0.05
9235,4118,35,2,89.99,0.00
9236,4119,29,2,59.99,0.05
9237,4119,2,2,1349.99,0.05
9238,4120,28,3,149.99,0.00
9239,4120,24,2,79.99,0.00
9240,4121,33,5,249.99,0.00
9241,4121,2,3,1349.99,0.00
9242,4121,3,1,1199.00,0.05
9243,4122,30,3,99.99,0.05
9244,4123,29,2,59.99,0.05
9245,4123,4,5,1299.99,0.00
9246,4123,16,2,599.99,0.10
9247,4124,9,1,799.99,0.00
9248,4124,5,3,999.99,0.05
9249,4124,16,2,599.99,0.10
9250,4124,14,2,39.99,0.15
9251,4125,22,2,9.99,0.00
9252,4125,32,2,179.99,0.05
9253,4125,26,2,199.99,0.05
9254,4126,1,1,899.99,0.05
9255,4126,27,1,129.99,0.10
9256,4126,9,1,799.99,0.00
9257,4127,41,10,199.99,0.00
9258,4127,35,3,89.99,0.00
9259,4128,21,1,12.99,0.00
9260,4128,38,2,14.99,0.10
9261,4129,41,1,199.99,0.05
9262,4129,26,1,199.99,0.05
9263,4129,30,2,99.99,0.00
9264,4129,12,3,89.99,0.00
9265,4130,40,1,549.99,0.00
9266,4131,39,3,399.99,0.00
9267,4131,11,3,29.99,0.15
9268,4132,7,10,849.99,0.05
9269,4133,41,1,199.99,0.00
9270,4134,23,1,19.99,0.00
9271,4134,24,10,79.99,0.20
9272,4135,20,1,49.99,0.00
9273,4135,40,1,549.99,0.05
9274,4135,6,1,999.00,0.00
9275,4136,19,1,159.99,0.00
9276,4136,17,3,449.99,0.10
9277,4137,30,3,99.99,0.05
9278,4137,2,2,1349.99,0.10
9279,4138,14,1,39.99,0.00
9280,4138,17,1,449.99,0.15
9281,4138,5,2,999.99,0.00
9282,4139,37,10,299.99,0.10
9283,4139,2,1,1349.99,0.05
9284,4139,17,1,449.99,0.15
9285,4139,13,5,69.99,0.05
9286,4140,14,1,39.99,0.00
9287,4140,10,2,49.99,0.05
9288,4140,30,5,99.99,0.00
9289,4141,2,1,1349.99,0.10
9290,4141,40,2,549.99,0.00
9291,4141,36,5,109.99,0.00
9292,4142,16,3,599.99,0.10
9293,4143,32,1,179.99,0.05
9294,4143,8,5,699.00,0.00
9295,4144,14,1,39.99,0.00
9296,4144,1,2,899.99,0.05
9297,4144,2,5,1349.99,0.20
9298,4144,28,2,149.99,0.00
9299,4145,37,2,299.99,0.00
9300,4146,15,5,129.99,0.10
9301,4147,16,3,599.99,0.05
9302,4147,23,2,19.99,0.00
9303,4147,28,1,149.99,0.00
9304,4147,11,3,29.99,0.00
9305,4148,18,3,189.99,0.05
9306,4149,12,2,89.99,0.00
9307,4149,5,1,999.99,0.05
9308,4150,28,5,149.99,0.00
9309,4151,11,1,29.99,0.00
9310,4152,14,1,39.99,0.00
9311,4152,26,1,199.99,0.20
9312,4152,33,5,249.99,0.10
9313,4152,6,5,999.00,0.05
9314,4153,29,1,59.99,0.00
9315,4153,28,1,149.99,0.00
9316,4153,20,1,49.99,0.10
9317,4154,41,1,199.99,0.10
9318,4154,9,2,799.99,0.10
9319,4155,1,2,899.99,0.05
9320,4155,36,2,109.99,0.15
9321,4156,29,5,59.99,0.00
9322,4156,2,1,1349.99,0.10
9323,4157,29,2,59.99,0.00
9324,4158,38,2,14.99,0.00
9325,4158,9,5,799.99,0.15
9326,4159,4,5,1299.99,0.05
9327,4160,39,10,399.99,0.05
9328,4160,33,1,249.99,0.00
9329,4160,12,1,89.99,0.05
9330,4160,11,3,29.99,0.00
9331,4161,4,3,1299.99,0.00
9332,4162,6,1,999.00,0.10
9333,4163,30,5,99.99,0.00
9334,4163,37,3,299.99,0.05
9335,4163,33,3,249.99,0.00
9336,4164,4,2,1299.99,0.15
9337,4165,32,3,179.99,0.00
9338,4165,7,1,849.99,0.00
9339,4166,24,10,79.99,0.00
9340,4166,37,1,299.99,0.15
9341,4166,11,1,29.99,0.00
9342,4167,37,2,299.99,0.10
9343,4168,24,5,79.99,0.00
9344,4168,38,1,14.99,0.15
9345,4169,2,1,1349.99,0.05
9346,4169,7,2,849.99,0.05
9347,4169,10,1,49.99,0.10
9348,4170,28,2,149.99,0.00
9349,4170,41,10,199.99,0.20
9350,4171,40,1,549.99,0.05
9351,4171,39,2,399.99,0.15
9352,4171,21,2,12.99,0.00
9353,4171,32,10,179.99,0.05
9354,4172,15,3,129.99,0.15
9355,4172,26,2,199.99,0.00
9356,4173,24,2,79.99,0.10
9357,4173,21,2,12.99,0.20
9358,4174,15,2,129.99,0.00
9359,4175,34,3,34.99,0.05
9360,4176,25,1,349.99,0.05
9361,4177,8,1,699.00,0.00
9362,4177,18,2,189.99,0.00
9363,4178,7,2,849.99,0.00
9364,4178,1,3,899.99,0.00
9365,4178,27,1,129.99,0.10
9366,4178,16,10,599.99,0.05
9367,4179,38,2,14.99,0.05
9368,4179,32,5,179.99,0.00
9369,4180,3,1,1199.00,0.05
9370,4180,14,1,39.99,0.20
9371,4181,39,1,399.99,0.00
9372,4181,5,2,999.99,0.00
9373,4182,13,10,69.99,0.00
9374,4182,6,3,999.00,0.00
9375,4182,26,3,199.99,0.10
9376,4182,31,1,599.99,0.00
9377,4182,38,1,14.99,0.00
9378,4183,4,2,1299.99,0.00
9379,4183,25,1,349.99,0.05
9380,4184,2,2,1349.99,0.00
9381,4185,13,2,69.99,0.15
9382,4185,39,3,399.99,0.00
9383,4185,6,3,999.00,0.00
9384,4186,27,2,129.99,0.00
9385,4186,34,2,34.99,0.15
9386,4186,36,2,109.99,0.05
9387,4187,3,3,1199.00,0.00
9388,4187,41,2,199.99,0.05
9389,4188,34,1,34.99,0.05
9390,4188,35,3,89.99,0.05
9391,4189,7,1,849.99,0.20
9392,4189,35,5,89.99,0.00
9393,4190,17,5,449.99,0.15
9394,4191,17,1,449.99,0.00
9395,4192,39,1,399.99,0.05
9396,4192,26,5,199.99,0.00
9397,4193,2,1,1349.99,0.05
9398,4193,22,1,9.99,0.05
9399,4194,16,5,599.99,0.05
9400,4194,36,3,109.99,0.20
9401,4195,30,3,99.99,0.00
9402,4195,26,3,199.99,0.10
9403,4195,25,2,349.99,0.00
9404,4196,1,5,899.99,0.00
9405,4196,26,2,199.99,0.00
9406,4197,28,1,149.99,0.05
9407,4197,15,2,129.99,0.10
9408,4198,27,2,129.99,0.00
9409,4199,41,10,199.99,0.00
9410,4200,28,1,149.99,0.00
9411,4201,36,1,109.99,0.00
9412,4202,15,1,129.99,0.10
9413,4203,24,1,79.99,0.00
9414,4204,12,1,89.99,0.00
9415,4204,36,2,109.99,0.05
9416,4204,30,5,99.99,0.00
9417,4204,22,1,9.99,0.05
9418,4205,24,2,79.99,0.00
9419,4205,34,1,34.99,0.05
9420,4206,36,1,109.99,0.00
9421,4206,33,2,249.99,0.15
9422,4207,17,5,449.99,0.15
9423,4207,6,3,999.00,0.00
9424,4208,5,2,999.99,0.10
9425,4209,31,3,599.99,0.15
9426,4209,28,3,149.99,0.00
9427,4210,9,1,799.99,0.00
9428,4211,29,3,59.99,0.00
9429,4211,22,10,9.99,0.00
9430,4211,25,1,349.99,0.00
9431,4211,23,1,19.99,0.00
9432,4211,40,10,549.99,0.00
9433,4212,23,2,19.99,0.00
9434,4212,6,3,999.00,0.15
9435,4212,39,1,399.99,0.00
9436,4213,38,2,14.99,0.00
9437,4213,14,1,39.99,0.20
9438,4213,4,2,1299.99,0.00
9439,4213,27,3,129.99,0.00
9440,4213,31,3,599.99,0.05
9441,4214,17,1,449.99,0.00
9442,4215,27,3,129.99,0.00
9443,4215,35,1,89.99,0.10
9444,4215,26,1,199.99,0.00
9445,4216,37,5,299.99,0.10
9446,4217,35,2,89.99,0.20
9447,4217,2,2,1349.99,0.10
9448,4218,23,10,19.99,0.20
9449,4219,19,1,159.99,0.00
9450,4220,5,2,999.99,0.10
9451,4221,10,1,49.99,0.10
9452,4221,11,2,29.99,0.05
9453,4222,34,3,34.99,0.00
9454,4222,23,2,19.99,0.15
9455,4223,24,2,79.99,0.05
9456,4224,13,3,69.99,0.00
9457,4225,8,3,699.00,0.00
9458,4225,9,1,799.99,0.10
9459,4225,14,10,39.99,0.15
9460,4226,1,3,899.99,0.10
9461,4227,30,2,99.99,0.00
9462,4227,36,2,109.99,0.00
9463,4227,2,1,1349.99,0.00
9464,4227,16,10,599.99,0.15
9465,4227,40,2,549.99,0.10
9466,4228,11,5,29.99,0.05
9467,4228,34,1,34.99,0.10
9468,4229,20,2,49.99,0.00
9469,4229,35,1,89.99,0.00
9470,4230,33,1,249.99,0.10
9471,4231,11,1,29.99,0.10
9472,4231,30,3,99.99,0.20
9473,4231,12,1,89.99,0.15
9474,4232,38,1,14.99,0.00
9475,4232,39,1,399.99,0.00
9476,4232,29,1,59.99,0.05
9477,4232,22,1,9.99,0.00
9478,4233,34,1,34.99,0.00
9479,4233,33,1,249.99,0.20
9480,4234,15,10,129.99,0.10
9481,4234,2,2,1349.99,0.00
9482,4235,32,2,179.99,0.15
9483,4236,34,2,34.99,0.00
9484,4236,13,1,69.99,0.10
9485,4237,31,1,599.99,0.05
9486,4237,32,1,179.99,0.05
9487,4238,10,1,49.99,0.15
9488,4238,6,1,999.00,0.00
9489,4238,14,1,39.99,0.05
9490,4239,28,2,149.99,0.15
9491,4239,31,1,599.99,0.00
9492,4240,17,10,449.99,0.10
9493,4240,22,2,9.99,0.00
9494,4241,36,1,109.99,0.00
9495,4241,21,3,12.99,0.05
9496,4241,23,3,19.99,0.00
9497,4242,36,2,109.99,0.10
9498,4243,41,5,199.99,0.05
9499,4243,36,2,109.99,0.00
9500,4243,27,1,129.99,0.05
9501,4244,13,3,69.99,0.00
9502,4244,3,5,1199.00,0.15
9503,4244,21,3,12.99,0.00
9504,4244,12,3,89.99,0.20
9505,4244,14,2,39.99,0.00
9506,4245,41,5,199.99,0.00
9507,4246,40,2,549.99,0.00
9508,4246,15,3,129.99,0.05
9509,4247,39,1,399.99,0.10
9510,4247,2,2,1349.99,0.00
9511,4247,23,1,19.99,0.00
9512,4247,17,1,449.99,0.00
9513,4248,30,3,99.99,0.10
9514,4248,32,1,179.99,0.05
9515,4248,37,2,299.99,0.05
9516,4249,38,2,14.99,0.00
9517,4249,3,2,1199.00,0.05
9518,4250,40,2,549.99,0.15
9519,4251,37,1,299.99,0.15
9520,4251,12,10,89.99,0.00
9521,4251,33,3,249.99,0.00
9522,4251,20,2,49.99,0.00
9523,4252,22,1,9.99,0.00
9524,4252,27,1,129.99,0.00
9525,4253,24,1,79.99,0.15
9526,4253,38,1,14.99,0.05
9527,4253,9,1,799.99,0.05
9528,4254,6,1,999.00,0.15
9529,4255,8,3,699.00,0.05
9530,4256,6,2,999.00,0.10
9531,4257,28,10,149.99,0.15
9532,4257,7,1,849.99,0.00
9533,4258,35,1,89.99,0.10
9534,4258,10,3,49.99,0.05
9535,4259,24,1,79.99,0.00
9536,4259,29,2,59.99,0.00
9537,4260,40,5,549.99,0.05
9538,4261,1,2,899.99,0.00
9539,4261,31,3,599.99,0.00
9540,4261,12,1,89.99,0.15
9541,4261,37,2,299.99,0.20
9542,4262,18,5,189.99,0.15
9543,4262,23,1,19.99,0.00
9544,4262,15,5,129.99,0.00
9545,4262,38,1,14.99,0.05
9546,4262,29,10,59.99,0.00
9547,4263,10,2,49.99,0.00
9548,4264,40,2,549.99,0.00
9549,4264,19,2,159.99,0.00
9550,4264,7,1,849.99,0.00
9551,4264,30,2,99.99,0.00
9552,4265,9,1,799.99,0.20
9553,4265,16,1,599.99,0.05
9554,4265,34,1,34.99,0.00
9555,4266,28,2,149.99,0.00
9556,4266,21,2,12.99,0.00
9557,4267,21,3,12.99,0.10
9558,4268,15,1,129.99,0.00
9559,4268,20,5,49.99,0.15
9560,4269,35,2,89.99,0.05
9561,4270,9,3,799.99,0.20
9562,4270,12,1,89.99,0.05
9563,4270,33,2,249.99,0.00
9564,4270,20,3,49.99,0.10
9565,4270,28,2,149.99,0.00
9566,4271,12,3,89.99,0.00
9567,4271,6,1,999.00,0.00
9568,4272,34,5,34.99,0.15
9569,4273,12,2,89.99,0.05
9570,4274,4,3,1299.99,0.00
9571,4274,34,1,34.99,0.00
9572,4274,14,3,39.99,0.10
9573,4275,41,10,199.99,0.00
9574,4276,38,2,14.99,0.00
9575,4276,34,1,34.99,0.10
9576,4277,33,1,249.99,0.05
9577,4277,14,5,39.99,0.10
9578,4277,32,5,179.99,0.00
9579,4277,38,2,14.99,0.00
9580,4277,3,2,1199.00,0.00
9581,4278,34,2,34.99,0.05
9582,4278,8,1,699.00,0.05
9583,4278,10,5,49.99,0.10
9584,4278,3,1,1199.00,0.00
9585,4279,16,1,599.99,0.00
9586,4279,29,5,59.99,0.05
9587,4280,30,1,99.99,0.00
9588,4280,19,5,159.99,0.00
9589,4280,31,1,599.99,0.00
9590,4281,32,5,179.99,0.10
9591,4282,16,3,599.99,0.20
9592,4282,2,10,1349.99,0.05
9593,4283,14,1,39.99,0.00
9594,4284,2,2,1349.99,0.00
9595,4284,13,3,69.99,0.00
9596,4285,29,5,59.99,0.05
9597,4285,15,3,129.99,0.00
9598,4285,7,3,849.99,0.05
9599,4285,10,2,49.99,0.15
9600,4286,37,1,299.99,0.05
9601,4286,30,2,99.99,0.00
9602,4287,37,3,299.99,0.00
9603,4288,30,3,99.99,0.05
9604,4288,36,5,109.99,0.05
9605,4288,27,5,129.99,0.10
9606,4288,13,2,69.99,0.00
9607,4288,3,2,1199.00,0.00
9608,4289,18,2,189.99,0.00
9609,4290,12,1,89.99,0.00
9610,4290,21,1,12.99,0.00
9611,4291,15,1,129.99,0.05
9612,4291,2,2,1349.99,0.20
9613,4292,11,1,29.99,0.15
9614,4292,32,3,179.99,0.00
9615,4292,10,1,49.99,0.00
9616,4293,29,2,59.99,0.00
9617,4293,9,2,799.99,0.10
9618,4293,30,2,99.99,0.00
9619,4294,29,5,59.99,0.10
9620,4294,19,2,159.99,0.10
9621,4295,33,1,249.99,0.05
9622,4295,32,3,179.99,0.00
9623,4296,25,1,349.99,0.10
9624,4296,2,1,1349.99,0.15
9625,4296,21,2,12.99,0.00
9626,4297,8,10,699.00,0.05
9627,4298,32,1,179.99,0.00
9628,4298,4,1,1299.99,0.10
9629,4299,17,5,449.99,0.00
9630,4299,19,2,159.99,0.10
9631,4300,32,3,179.99,0.00
9632,4300,39,3,399.99,0.10
9633,4301,26,2,199.99,0.00
9634,4302,8,2,699.00,0.20
9635,4302,14,5,39.99,0.00
9636,4302,31,1,599.99,0.10
9637,4303,2,1,1349.99,0.00
9638,4303,35,2,89.99,0.00
9639,4303,32,5,179.99,0.15
9640,4303,34,5,34.99,0.00
9641,4303,37,3,299.99,0.20
9642,4304,25,1,349.99,0.00
9643,4304,11,1,29.99,0.20
9644,4304,21,2,12.99,0.00
9645,4304,7,1,849.99,0.05
9646,4304,39,3,399.99,0.00
9647,4305,9,1,799.99,0.00
9648,4305,4,1,1299.99,0.20
9649,4306,40,2,549.99,0.00
9650,4306,26,3,199.99,0.00
9651,4307,4,5,1299.99,0.00
9652,4307,40,1,549.99,0.00
9653,4307,14,5,39.99,0.05
9654,4308,25,2,349.99,0.15
9655,4308,32,10,179.99,0.05
9656,4309,40,3,549.99,0.00
9657,4310,35,3,89.99,0.05
9658,4310,19,1,159.99,0.00
9659,4310,23,5,19.99,0.00
9660,4310,41,3,199.99,0.00
9661,4311,9,2,799.99,0.10
9662,4311,22,3,9.99,0.00
9663,4312,12,1,89.99,0.15
9664,4312,31,2,599.99,0.05
9665,4312,11,1,29.99,0.00
9666,4313,17,3,449.99,0.00
9667,4314,37,10,299.99,0.00
9668,4314,1,1,899.99,0.00
9669,4315,1,2,899.99,0.00
9670,4315,39,1,399.99,0.05
9671,4315,38,3,14.99,0.00
9672,4315,3,1,1199.00,0.00
9673,4316,12,2,89.99,0.15
9674,4317,18,1,189.99,0.05
9675,4317,36,2,109.99,0.10
9676,4317,20,2,49.99,0.10
9677,4318,23,5,19.99,0.00
9678,4319,27,1,129.99,0.05
9679,4319,40,1,549.99,0.05
9680,4320,22,2,9.99,0.00
9681,4321,3,1,1199.00,0.15
9682,4321,35,1,89.99,0.15
9683,4321,17,2,449.99,0.05
9684,4321,21,1,12.99,0.10
9685,4322,22,3,9.99,0.00
9686,4322,33,2,249.99,0.05
9687,4323,41,2,199.99,0.00
9688,4323,3,1,1199.00,0.05
9689,4324,13,2,69.99,0.00
9690,4324,12,2,89.99,0.00
9691,4324,6,1,999.00,0.00
9692,4325,22,2,9.99,0.00
9693,4325,36,3,109.99,0.15
9694,4325,33,1,249.99,0.15
9695,4326,5,3,999.99,0.00
9696,4327,25,1,349.99,0.15
9697,4327,11,2,29.99,0.05
9698,4328,2,2,1349.99,0.00
9699,4328,3,1,1199.00,0.00
9700,4329,26,2,199.99,0.05
9701,4330,14,1,39.99,0.10
9702,4330,33,1,249.99,0.00
9703,4330,34,2,34.99,0.05
9704,4331,41,1,199.99,0.00
9705,4332,6,2,999.00,0.00
9706,4332,3,3,1199.00,0.15
9707,4333,6,2,999.00,0.05
9708,4333,30,2,99.99,0.00
9709,4334,10,10,49.99,0.05
9710,4335,11,3,29.99,0.00
9711,4335,23,3,19.99,0.05
9712,4335,4,1,1299.99,0.00
9713,4336,5,1,999.99,0.00
9714,4336,38,2,14.99,0.10
9715,4336,30,1,99.99,0.00
9716,4336,26,3,199.99,0.00
9717,4336,8,3,699.00,0.15
9718,4337,2,1,1349.99,0.20
9719,4337,35,5,89.99,0.00
9720,4338,13,1,69.99,0.15
9721,4338,7,5,849.99,0.00
9722,4338,9,2,799.99,0.00
9723,4338,14,1,39.99,0.00
9724,4339,7,1,849.99,0.00
9725,4339,20,3,49.99,0.00
9726,4340,30,2,99.99,0.15
9727,4341,40,1,549.99,0.00
9728,4341,27,5,129.99,0.05
9729,4342,6,5,999.00,0.05
9730,4342,17,2,449.99,0.00
9731,4343,37,1,299.99,0.00
9732,4344,17,1,449.99,0.05
9733,4345,3,2,1199.00,0.00
9734,4346,41,3,199.99,0.15
9735,4346,28,1,149.99,0.20
9736,4346,2,1,1349.99,0.15
9737,4347,3,5,1199.00,0.05
9738,4348,28,1,149.99,0.00
9739,4348,34,1,34.99,0.00
9740,4349,2,10,1349.99,0.00
9741,4349,23,1,19.99,0.10
9742,4350,3,10,1199.00,0.10
9743,4350,30,1,99.99,0.05
9744,4351,13,5,69.99,0.05
9745,4351,36,2,109.99,0.00
9746,4351,41,2,199.99,0.00
9747,4352,1,1,899.99,0.00
9748,4352,29,1,59.99,0.00
9749,4353,15,1,129.99,0.10
9750,4354,14,1,39.99,0.10
9751,4354,20,3,49.99,0.15
9752,4354,34,1,34.99,0.00
9753,4354,30,1,99.99,0.15
9754,4355,4,3,1299.99,0.20
9755,4356,14,2,39.99,0.00
9756,4357,14,3,39.99,0.05
9757,4357,3,1,1199.00,0.05
9758,4357,24,5,79.99,0.00
9759,4358,34,5,34.99,0.15
9760,4359,20,1,49.99,0.00
9761,4359,10,2,49.99,0.00
9762,4360,20,2,49.99,0.00
9763,4360,10,1,49.99,0.00
9764,4360,38,3,14.99,0.00
9765,4360,12,2,89.99,0.00
9766,4361,25,1,349.99,0.20
9767,4362,29,2,59.99,0.00
9768,4362,5,1,999.99,0.15
9769,4363,12,1,89.99,0.00
9770,4364,5,2,999.99,0.00
9771,4364,32,3,179.99,0.00
9772,4364,22,1,9.99,0.00
9773,4365,21,2,12.99,0.10
9774,4365,35,10,89.99,0.00
9775,4365,23,3,19.99,0.10
9776,4365,33,5,249.99,0.15
9777,4365,10,2,49.99,0.00
9778,4366,16,3,599.99,0.10
9779,4367,20,5,49.99,0.05
9780,4367,41,3,199.99,0.00
9781,4367,9,2,799.99,0.00
9782,4368,23,2,19.99,0.00
9783,4368,24,2,79.99,0.05
9784,4368,7,2,849.99,0.00
9785,4368,3,3,1199.00,0.15
9786,4369,33,3,249.99,0.05
9787,4369,29,5,59.99,0.10
9788,4370,26,2,199.99,0.00
9789,4370,11,1,29.99,0.00
9790,4371,31,1,599.99,0.00
9791,4371,27,1,129.99,0.00
9792,4371,40,2,549.99,0.05
9793,4372,29,1,59.99,0.10
9794,4373,31,3,599.99,0.00
9795,4374,3,3,1199.00,0.00
9796,4375,17,10,449.99,0.15
9797,4375,14,2,39.99,0.10
9798,4376,5,2,999.99,0.10
9799,4376,34,3,34.99,0.15
9800,4377,2,2,1349.99,0.00
9801,4378,10,10,49.99,0.05
9802,4378,23,2,19.99,0.00
9803,4378,19,1,159.99,0.00
9804,4378,29,3,59.99,0.00
9805,4378,1,1,899.99,0.05
9806,4379,36,3,109.99,0.00
9807,4380,6,1,999.00,0.00
9808,4381,9,3,799.99,0.00
9809,4381,2,2,1349.99,0.00
9810,4382,9,1,799.99,0.10
9811,4383,28,1,149.99,0.00
9812,4383,32,2,179.99,0.10
9813,4384,38,2,14.99,0.05
9814,4384,3,1,1199.00,0.10
9815,4384,26,5,199.99,0.20
9816,4384,29,1,59.99,0.00
9817,4385,34,1,34.99,0.00
9818,4386,22,1,9.99,0.00
9819,4386,14,2,39.99,0.05
9820,4386,17,10,449.99,0.10
9821,4386,37,2,299.99,0.10
9822,4386,30,5,99.99,0.00
9823,4387,12,2,89.99,0.00
9824,4388,8,1,699.00,0.00
9825,4389,22,1,9.99,0.10
9826,4389,9,3,799.99,0.15
9827,4390,41,1,199.99,0.20
9828,4390,10,1,49.99,0.15
9829,4391,20,1,49.99,0.10
9830,4392,27,2,129.99,0.00
9831,4392,16,2,599.99,0.00
9832,4393,20,1,49.99,0.05
9833,4393,40,2,549.99,0.15
9834,4394,21,3,12.99,0.00
9835,4395,20,2,49.99,0.00
9836,4395,10,2,49.99,0.05
9837,4396,12,2,89.99,0.00
9838,4396,33,1,249.99,0.00
9839,4396,3,2,1199.00,0.00
9840,4397,8,5,699.00,0.15
9841,4397,5,2,999.99,0.05
9842,4397,17,10,449.99,0.00
9843,4398,18,2,189.99,0.10
9844,4398,39,1,399.99,0.00
9845,4398,2,1,1349.99,0.15
9846,4399,28,1,149.99,0.05
9847,4399,22,1,9.99,0.10
9848,4400,22,2,9.99,0.00
9849,4400,37,3,299.99,0.00
9850,4401,15,1,129.99,0.00
9851,4401,20,3,49.99,0.10
9852,4401,17,2,449.99,0.10
9853,4402,19,1,159.99,0.00
9854,4402,39,1,399.99,0.00
9855,4403,6,3,999.00,0.05
9856,4404,29,3,59.99,0.15
9857,4404,34,1,34.99,0.00
9858,4404,28,1,149.99,0.00
9859,4405,10,3,49.99,0.00
9860,4405,26,10,199.99,0.00
9861,4406,37,2,299.99,0.00
9862,4407,38,2,14.99,0.00
9863,4407,20,3,49.99,0.10
9864,4407,39,5,399.99,0.00
9865,4408,23,1,19.99,0.00
9866,4409,14,1,39.99,0.00
9867,4409,30,3,99.99,0.00
9868,4410,2,1,1349.99,0.15
9869,4411,10,1,49.99,0.05
9870,4411,35,2,89.99,0.10
9871,4411,41,2,199.99,0.15
9872,4411,23,2,19.99,0.15
9873,4412,29,1,59.99,0.05
9874,4412,4,1,1299.99,0.05
9875,4413,25,3,349.99,0.05
9876,4413,18,1,189.99,0.00
9877,4413,10,3,49.99,0.00
9878,4414,27,1,129.99,0.10
9879,4415,19,2,159.99,0.00
9880,4416,30,1,99.99,0.00
9881,4416,10,1,49.99,0.20
9882,4417,35,1,89.99,0.00
9883,4417,31,1,599.99,0.10
9884,4418,33,2,249.99,0.00
9885,4418,32,1,179.99,0.00
9886,4418,3,2,1199.00,0.05
9887,4418,4,10,1299.99,0.10
9888,4419,22,5,9.99,0.00
9889,4419,36,10,109.99,0.00
9890,4420,14,1,39.99,0.00
9891,4420,40,1,549.99,0.05
9892,4420,3,2,1199.00,0.00
9893,4421,8,3,699.00,0.15
9894,4421,41,3,199.99,0.00
9895,4421,24,1,79.99,0.20
9896,4422,14,1,39.99,0.00
9897,4422,29,2,59.99,0.05
9898,4423,3,1,1199.00,0.00
9899,4423,17,1,449.99,0.00
9900,4423,27,2,129.99,0.10
9901,4424,40,1,549.99,0.05
9902,4425,12,2,89.99,0.20
9903,4425,7,2,849.99,0.10
9904,4425,4,5,1299.99,0.00
9905,4425,15,2,129.99,0.05
9906,4425,32,3,179.99,0.00
9907,4426,29,3,59.99,0.10
9908,4426,37,3,299.99,0.05
9909,4427,40,1,549.99,0.00
9910,4428,31,3,599.99,0.05
9911,4428,18,5,189.99,0.00
9912,4429,6,2,999.00,0.00
9913,4429,15,10,129.99,0.05
9914,4429,39,3,399.99,0.05
9915,4429,10,2,49.99,0.00
9916,4430,14,5,39.99,0.05
9917,4431,26,2,199.99,0.00
9918,4431,5,2,999.99,0.15
9919,4431,20,5,49.99,0.00
9920,4431,4,5,1299.99,0.10
9921,4431,19,2,159.99,0.05
9922,4432,10,3,49.99,0.15
9923,4433,33,3,249.99,0.15
9924,4433,38,3,14.99,0.05
9925,4434,36,2,109.99,0.15
9926,4434,39,2,399.99,0.00
9927,4434,34,3,34.99,0.00
9928,4435,3,2,1199.00,0.10
9929,4435,6,1,999.00,0.00
9930,4436,32,1,179.99,0.05
9931,4436,19,1,159.99,0.10
9932,4437,38,1,14.99,0.05
9933,4438,6,1,999.00,0.05
9934,4439,16,2,599.99,0.15
9935,4439,20,10,49.99,0.00
9936,4439,6,1,999.00,0.00
9937,4439,2,2,1349.99,0.00
9938,4440,5,5,999.99,0.00
9939,4441,31,2,599.99,0.00
9940,4441,28,1,149.99,0.20
9941,4442,35,1,89.99,0.15
9942,4442,41,2,199.99,0.15
9943,4443,38,1,14.99,0.00
9944,4443,41,1,199.99,0.00
9945,4444,10,2,49.99,0.20
9946,4444,33,1,249.99,0.15
9947,4445,33,3,249.99,0.05
9948,4445,20,1,49.99,0.10
9949,4445,38,1,14.99,0.00
9950,4446,29,2,59.99,0.00
9951,4446,36,5,109.99,0.00
9952,4447,15,2,129.99,0.00
9953,4448,31,1,599.99,0.00
9954,4449,28,2,149.99,0.10
9955,4449,12,3,89.99,0.00
9956,4449,30,5,99.99,0.15
9957,4449,20,5,49.99,0.15
9958,4450,25,1,349.99,0.00
9959,4451,33,3,249.99,0.10
9960,4451,37,2,299.99,0.00
9961,4451,10,1,49.99,0.00
9962,4452,14,2,39.99,0.00
9963,4452,3,1,1199.00,0.05
9964,4452,22,10,9.99,0.00
9965,4453,35,1,89.99,0.05
9966,4453,3,5,1199.00,0.00
9967,4453,39,1,399.99,0.15
9968,4453,18,1,189.99,0.00
9969,4453,40,3,549.99,0.10
9970,4454,36,5,109.99,0.00
9971,4454,22,1,9.99,0.00
9972,4455,37,2,299.99,0.00
9973,4455,10,5,49.99,0.20
9974,4455,29,3,59.99,0.00
9975,4456,28,1,149.99,0.00
9976,4457,15,1,129.99,0.00
9977,4457,18,2,189.99,0.00
9978,4458,15,5,129.99,0.00
9979,4458,8,1,699.00,0.10
9980,4459,16,3,599.99,0.10
9981,4460,35,1,89.99,0.00
9982,4460,25,5,349.99,0.05
9983,4460,7,1,849.99,0.00
9984,4460,12,1,89.99,0.10
9985,4460,11,1,29.99,0.05
9986,4461,18,10,189.99,0.05
9987,4461,1,2,899.99,0.20
9988,4462,6,2,999.00,0.15
9989,4463,20,2,49.99,0.15
9990,4464,18,2,189.99,0.15
9991,4464,19,2,159.99,0.05
9992,4464,32,2,179.99,0.10
9993,4464,30,3,99.99,0.00
9994,4465,24,3,79.99,0.00
9995,4466,19,1,159.99,0.05
9996,4467,25,1,349.99,0.00
9997,4467,34,2,34.99,0.15
9998,4467,31,1,599.99,0.20
9999,4468,35,1,89.99,0.05
10000,4469,23,1,19.99,0.05
10001,4470,33,1,249.99,0.10
10002,4471,41,5,199.99,0.20
10003,4472,41,2,199.99,0.00
10004,4473,33,1,249.99,0.10
10005,4473,35,1,89.99,0.00
10006,4473,2,1,1349.99,0.00
10007,4473,32,1,179.99,0.00
10008,4474,35,1,89.99,0.15
10009,4474,29,1,59.99,0.00
10010,4474,12,1,89.99,0.00
10011,4474,4,1,1299.99,0.05
10012,4475,25,1,349.99,0.05
10013,4476,16,1,599.99,0.05
10014,4477,6,2,999.00,0.05
10015,4477,17,1,449.99,0.00
10016,4477,16,2,599.99,0.10
10017,4478,35,3,89.99,0.00
10018,4478,5,5,999.99,0.10
10019,4478,13,10,69.99,0.00
10020,4478,10,1,49.99,0.00
10021,4478,19,1,159.99,0.10
10022,4479,26,2,199.99,0.00
10023,4479,13,1,69.99,0.15
10024,4479,19,2,159.99,0.00
10025,4480,37,2,299.99,0.00
10026,4480,9,1,799.99,0.05
10027,4480,10,1,49.99,0.00
10028,4480,13,1,69.99,0.05
10029,4481,29,1,59.99,0.00
10030,4482,13,2,69.99,0.05
10031,4482,15,1,129.99,0.00
10032,4483,19,1,159.99,0.00
10033,4484,2,1,1349.99,0.10
10034,4485,26,1,199.99,0.00
10035,4486,32,1,179.99,0.00
10036,4486,15,2,129.99,0.05
10037,4487,1,3,899.99,0.05
10038,4487,40,1,549.99,0.15
10039,4487,14,2,39.99,0.15
10040,4488,40,5,549.99,0.00
10041,4488,22,1,9.99,0.00
10042,4489,34,3,34.99,0.15
10043,4489,35,5,89.99,0.10
10044,4489,39,1,399.99,0.00
10045,4490,8,10,699.00,0.05
10046,4490,30,3,99.99,0.00
10047,4490,29,2,59.99,0.10
10048,4491,25,2,349.99,0.00
10049,4491,38,1,14.99,0.10
10050,4491,30,1,99.99,0.05
10051,4491,39,2,399.99,0.00
10052,4491,7,2,849.99,0.00
10053,4492,36,2,109.99,0.00
10054,4493,40,1,549.99,0.05
10055,4493,12,2,89.99,0.15
10056,4494,31,1,599.99,0.10
10057,4494,29,1,59.99,0.00
10058,4495,27,1,129.99,0.20
10059,4495,34,1,34.99,0.00
10060,4496,38,5,14.99,0.00
10061,4496,15,10,129.99,0.10
10062,4497,40,2,549.99,0.15
10063,4497,3,1,1199.00,0.00
10064,4497,35,10,89.99,0.00
10065,4498,15,1,129.99,0.15
10066,4498,40,1,549.99,0.00
10067,4498,25,1,349.99,0.10
10068,4499,13,10,69.99,0.00
10069,4500,35,2,89.99,0.00
10070,4501,38,3,14.99,0.05
10071,4501,33,2,249.99,0.15
10072,4502,11,2,29.99,0.00
10073,4503,25,1,349.99,0.05
10074,4503,28,1,149.99,0.00
10075,4504,32,1,179.99,0.00
10076,4504,4,3,1299.99,0.00
10077,4505,2,2,1349.99,0.00
10078,4505,40,3,549.99,0.15
10079,4506,19,2,159.99,0.10
10080,4506,11,2,29.99,0.20
10081,4507,21,1,12.99,0.10
10082,4507,20,1,49.99,0.00
10083,4507,30,5,99.99,0.05
10084,4508,31,1,599.99,0.05
10085,4509,8,5,699.00,0.05
10086,4509,3,2,1199.00,0.00
10087,4509,2,2,1349.99,0.00
10088,4509,6,1,999.00,0.00
10089,4510,9,1,799.99,0.00
10090,4510,16,1,599.99,0.00
10091,4511,7,3,849.99,0.15
10092,4511,10,1,49.99,0.00
10093,4512,26,1,199.99,0.00
10094,4513,40,1,549.99,0.00
10095,4513,36,2,109.99,0.00
10096,4514,31,2,599.99,0.00
10097,4514,24,1,79.99,0.10
10098,4515,26,3,199.99,0.05
10099,4515,7,5,849.99,0.15
10100,4515,20,2,49.99,0.00
10101,4515,16,1,599.99,0.05
10102,4516,9,3,799.99,0.00
10103,4516,15,1,129.99,0.00
10104,4517,35,10,89.99,0.00
10105,4518,2,2,1349.99,0.00
10106,4518,13,3,69.99,0.10
10107,4519,32,1,179.99,0.05
10108,4519,22,2,9.99,0.05
10109,4520,4,2,1299.99,0.15
10110,4520,15,3,129.99,0.10
10111,4521,17,3,449.99,0.05
10112,4521,13,2,69.99,0.00
10113,4521,11,1,29.99,0.10
10114,4521,27,3,129.99,0.10
10115,4522,36,2,109.99,0.00
10116,4522,25,5,349.99,0.00
10117,4522,24,1,79.99,0.05
10118,4523,19,2,159.99,0.00
10119,4524,41,1,199.99,0.15
10120,4524,17,1,449.99,0.15
10121,4525,10,10,49.99,0.10
10122,4525,17,3,449.99,0.20
10123,4526,3,2,1199.00,0.00
10124,4526,22,5,9.99,0.00
10125,4526,25,1,349.99,0.00
10126,4527,12,1,89.99,0.10
10127,4528,21,5,12.99,0.10
10128,4528,4,1,1299.99,0.05
10129,4528,36,1,109.99,0.05
10130,4529,21,3,12.99,0.00
10131,4530,3,2,1199.00,0.05
10132,4531,40,2,549.99,0.00
10133,4531,29,2,59.99,0.00
10134,4531,10,3,49.99,0.00
10135,4532,19,3,159.99,0.20
10136,4532,35,3,89.99,0.00
10137,4532,29,3,59.99,0.20
10138,4532,27,5,129.99,0.05
10139,4532,24,5,79.99,0.15
10140,4533,22,1,9.99,0.15
10141,4533,14,1,39.99,0.10
10142,4534,18,1,189.99,0.20
10143,4535,18,1,189.99,0.00
10144,4536,23,10,19.99,0.00
10145,4536,19,2,159.99,0.00
10146,4537,41,1,199.99,0.05
10147,4537,3,2,1199.00,0.05
10148,4537,25,2,349.99,0.05
10149,4537,37,2,299.99,0.05
10150,4537,4,3,1299.99,0.15
10151,4538,38,2,14.99,0.05
10152,4538,3,1,1199.00,0.05
10153,4538,37,1,299.99,0.20
10154,4539,30,1,99.99,0.20
10155,4539,32,2,179.99,0.00
10156,4539,13,1,69.99,0.00
10157,4540,4,1,1299.99,0.00
10158,4540,23,1,19.99,0.00
10159,4541,41,3,199.99,0.00
10160,4541,7,1,849.99,0.00
10161,4542,2,2,1349.99,0.00
10162,4542,20,1,49.99,0.00
10163,4542,6,2,999.00,0.00
10164,4543,33,3,249.99,0.00
10165,4544,25,5,349.99,0.00
10166,4544,35,1,89.99,0.00
10167,4544,6,2,999.00,0.10
10168,4545,20,2,49.99,0.15
10169,4545,41,1,199.99,0.00
10170,4545,26,1,199.99,0.00
10171,4545,1,2,899.99,0.00
10172,4546,28,5,149.99,0.00
10173,4546,41,2,199.99,0.00
10174,4547,2,1,1349.99,0.00
10175,4548,23,1,19.99,0.15
10176,4548,25,10,349.99,0.10
10177,4549,37,1,299.99,0.10
10178,4550,39,5,399.99,0.10
10179,4550,1,1,899.99,0.00
10180,4550,34,1,34.99,0.05
10181,4550,31,5,599.99,0.00
10182,4551,18,2,189.99,0.10
10183,4551,25,1,349.99,0.20
10184,4552,12,1,89.99,0.00
10185,4552,16,1,599.99,0.00
10186,4553,32,1,179.99,0.00
10187,4553,14,5,39.99,0.05
10188,4553,10,3,49.99,0.05
10189,4554,5,2,999.99,0.00
10190,4554,34,1,34.99,0.05
10191,4554,26,5,199.99,0.15
10192,4554,40,1,549.99,0.00
10193,4555,6,5,999.00,0.15
10194,4556,5,2,999.99,0.00
10195,4556,10,1,49.99,0.00
10196,4556,22,1,9.99,0.00
10197,4557,7,1,849.99,0.05
10198,4558,26,1,199.99,0.00
10199,4559,1,3,899.99,0.05
10200,4559,23,2,19.99,0.05
10201,4559,14,2,39.99,0.00
10202,4559,5,1,999.99,0.10
10203,4560,12,1,89.99,0.05
10204,4560,17,3,449.99,0.00
10205,4561,9,2,799.99,0.00
10206,4561,33,1,249.99,0.10
10207,4561,10,2,49.99,0.10
10208,4562,33,2,249.99,0.05
10209,4562,5,1,999.99,0.00
10210,4562,38,2,14.99,0.00
10211,4562,20,1,49.99,0.15
10212,4562,3,2,1199.00,0.00
10213,4563,34,1,34.99,0.00
10214,4563,5,5,999.99,0.00
10215,4563,2,1,1349.99,0.00
10216,4563,25,5,349.99,0.05
10217,4563,11,3,29.99,0.10
10218,4564,9,1,799.99,0.00
10219,4564,33,2,249.99,0.10
10220,4565,9,5,799.99,0.00
10221,4565,2,1,1349.99,0.00
10222,4566,31,2,599.99,0.00
10223,4567,5,1,999.99,0.20
10224,4568,23,1,19.99,0.10
10225,4568,39,1,399.99,0.10
10226,4568,24,1,79.99,0.10
10227,4569,27,1,129.99,0.05
10228,4569,1,2,899.99,0.05
10229,4570,34,2,34.99,0.00
10230,4571,25,10,349.99,0.10
10231,4571,26,1,199.99,0.05
10232,4572,39,5,399.99,0.15
10233,4572,26,5,199.99,0.05
10234,4573,24,10,79.99,0.10
10235,4573,17,3,449.99,0.00
10236,4573,36,1,109.99,0.00
10237,4573,13,5,69.99,0.00
10238,4574,19,1,159.99,0.00
10239,4574,15,1,129.99,0.15
10240,4575,5,3,999.99,0.15
10241,4575,7,1,849.99,0.05
10242,4576,29,2,59.99,0.10
10243,4577,11,5,29.99,0.00
10244,4577,40,2,549.99,0.00
10245,4577,25,2,349.99,0.15
10246,4577,7,3,849.99,0.00
10247,4578,13,5,69.99,0.00
10248,4578,1,3,899.99,0.05
10249,4578,8,1,699.00,0.00
10250,4578,38,3,14.99,0.00
10251,4579,35,1,89.99,0.05
10252,4579,18,2,189.99,0.10
10253,4580,20,1,49.99,0.15
10254,4581,13,1,69.99,0.00
10255,4581,36,2,109.99,0.15
10256,4581,5,10,999.99,0.05
10257,4582,41,1,199.99,0.00
10258,4583,41,1,199.99,0.05
10259,4583,40,1,549.99,0.10
10260,4584,27,10,129.99,0.00
10261,4584,19,2,159.99,0.10
10262,4585,7,2,849.99,0.05
10263,4585,41,2,199.99,0.05
10264,4586,19,3,159.99,0.00
10265,4587,12,2,89.99,0.20
10266,4587,28,5,149.99,0.00
10267,4587,40,3,549.99,0.10
10268,4588,12,10,89.99,0.00
10269,4588,25,2,349.99,0.10
10270,4588,14,1,39.99,0.00
10271,4589,31,2,599.99,0.05
10272,4590,41,3,199.99,0.00
10273,4590,20,10,49.99,0.00
10274,4591,17,1,449.99,0.15
10275,4591,23,1,19.99,0.00
10276,4592,26,2,199.99,0.15
10277,4592,23,1,19.99,0.00
10278,4592,11,1,29.99,0.05
10279,4593,10,5,49.99,0.15
10280,4594,31,2,599.99,0.00
10281,4594,29,1,59.99,0.00
10282,4594,20,2,49.99,0.15
10283,4595,36,1,109.99,0.10
10284,4595,30,2,99.99,0.05
10285,4595,12,2,89.99,0.10
10286,4595,5,10,999.99,0.10
10287,4595,32,5,179.99,0.05
10288,4596,10,1,49.99,0.00
10289,4596,16,1,599.99,0.00
10290,4597,41,2,199.99,0.00
10291,4597,7,3,849.99,0.00
10292,4597,27,1,129.99,0.10
10293,4598,3,2,1199.00,0.00
10294,4598,35,1,89.99,0.00
10295,4598,25,2,349.99,0.00
10296,4598,5,2,999.99,0.00
10297,4599,36,1,109.99,0.00
10298,4600,20,2,49.99,0.15
10299,4600,1,5,899.99,0.00
10300,4600,30,1,99.99,0.00
10301,4601,39,1,399.99,0.00
10302,4601,26,10,199.99,0.05
10303,4601,12,1,89.99,0.00
10304,4602,3,1,1199.00,0.00
10305,4602,13,1,69.99,0.10
10306,4603,3,2,1199.00,0.10
10307,4603,22,2,9.99,0.10
10308,4604,33,1,249.99,0.15
10309,4604,6,3,999.00,0.05
10310,4605,6,3,999.00,0.00
10311,4605,36,1,109.99,0.00
10312,4605,24,2,79.99,0.15
10313,4605,38,1,14.99,0.00
10314,4605,4,5,1299.99,0.00
10315,4606,34,1,34.99,0.15
10316,4606,20,2,49.99,0.10
10317,4606,8,2,699.00,0.05
10318,4607,17,5,449.99,0.15
10319,4607,2,5,1349.99,0.05
10320,4607,26,1,199.99,0.00
10321,4607,28,1,149.99,0.05
10322,4608,36,1,109.99,0.15
10323,4608,11,2,29.99,0.00
10324,4609,23,1,19.99,0.00
10325,4610,8,5,699.00,0.00
10326,4610,29,2,59.99,0.00
10327,4611,17,1,449.99,0.00
10328,4612,24,1,79.99,0.00
10329,4612,38,2,14.99,0.00
10330,4613,28,2,149.99,0.15
10331,4613,37,5,299.99,0.15
10332,4613,40,5,549.99,0.00
10333,4614,28,3,149.99,0.00
10334,4615,10,3,49.99,0.00
10335,4616,12,3,89.99,0.20
10336,4616,2,2,1349.99,0.00
10337,4617,17,3,449.99,0.00
10338,4617,5,1,999.99,0.00
10339,4617,22,5,9.99,0.05
10340,4618,37,2,299.99,0.10
10341,4618,35,2,89.99,0.15
10342,4619,15,2,129.99,0.05
10343,4620,30,1,99.99,0.00
10344,4620,40,2,549.99,0.00
10345,4620,28,5,149.99,0.05
10346,4620,19,1,159.99,0.00
10347,4621,20,1,49.99,0.15
10348,4621,5,2,999.99,0.05
10349,4622,23,5,19.99,0.05
10350,4622,17,1,449.99,0.00
10351,4622,18,1,189.99,0.10
10352,4623,34,2,34.99,0.05
10353,4624,35,1,89.99,0.00
10354,4624,21,3,12.99,0.10
10355,4625,29,2,59.99,0.10
10356,4626,33,3,249.99,0.05
10357,4627,31,2,599.99,0.10
10358,4628,10,2,49.99,0.15
10359,4628,8,2,699.00,0.10
10360,4628,39,1,399.99,0.05
10361,4629,23,2,19.99,0.10
10362,4629,5,1,999.99,0.00
10363,4629,25,1,349.99,0.00
10364,4629,19,1,159.99,0.05
10365,4630,28,5,149.99,0.15
10366,4630,5,1,999.99,0.00
10367,4631,21,1,12.99,0.15
10368,4632,19,3,159.99,0.00
10369,4632,32,1,179.99,0.05
10370,4632,13,2,69.99,0.00
10371,4632,38,3,14.99,0.20
10372,4632,2,1,1349.99,0.05
10373,4633,13,1,69.99,0.15
10374,4634,18,2,189.99,0.00
10375,4635,32,3,179.99,0.00
10376,4636,8,2,699.00,0.05
10377,4636,33,1,249.99,0.10
10378,4637,24,2,79.99,0.00
10379,4637,14,1,39.99,0.00
10380,4637,39,2,399.99,0.05
10381,4637,11,1,29.99,0.00
10382,4638,38,1,14.99,0.00
10383,4638,20,2,49.99,0.00
10384,4638,10,2,49.99,0.05
10385,4638,22,1,9.99,0.05
10386,4638,14,3,39.99,0.00
10387,4639,11,1,29.99,0.00
10388,4640,13,2,69.99,0.05
10389,4641,16,2,599.99,0.20
10390,4641,28,2,149.99,0.05
10391,4642,20,1,49.99,0.00
10392,4642,3,2,1199.00,0.00
10393,4643,19,1,159.99,0.00
10394,4643,5,10,999.99,0.00
10395,4644,1,1,899.99,0.00
10396,4644,12,5,89.99,0.10
10397,4645,36,1,109.99,0.05
10398,4646,6,2,999.00,0.00
10399,4647,4,1,1299.99,0.00
10400,4647,22,5,9.99,0.00
10401,4648,33,1,249.99,0.00
10402,4648,34,1,34.99,0.05
10403,4649,31,1,599.99,0.00
10404,4649,14,1,39.99,0.00
10405,4649,16,2,599.99,0.00
10406,4650,16,3,599.99,0.10
10407,4651,19,1,159.99,0.00
10408,4652,7,3,849.99,0.00
10409,4652,35,1,89.99,0.00
10410,4652,32,3,179.99,0.05
10411,4653,31,1,599.99,0.15
10412,4654,23,1,19.99,0.05
10413,4654,17,5,449.99,0.00
10414,4654,28,3,149.99,0.00
10415,4654,11,1,29.99,0.05
10416,4655,6,2,999.00,0.00
10417,4655,10,1,49.99,0.00
10418,4655,25,1,349.99,0.10
10419,4655,7,1,849.99,0.10
10420,4656,22,2,9.99,0.00
10421,4656,28,1,149.99,0.05
10422,4656,1,2,899.99,0.00
10423,4657,24,5,79.99,0.10
10424,4657,28,1,149.99,0.00
10425,4658,19,1,159.99,0.00
10426,4659,7,1,849.99,0.00
10427,4660,2,2,1349.99,0.00
10428,4661,31,1,599.99,0.10
10429,4661,14,10,39.99,0.00
10430,4661,19,1,159.99,0.10
10431,4662,29,2,59.99,0.05
10432,4663,24,1,79.99,0.00
10433,4663,11,1,29.99,0.05
10434,4663,21,2,12.99,0.00
10435,4663,35,1,89.99,0.00
10436,4664,19,1,159.99,0.05
10437,4664,16,1,599.99,0.10
10438,4665,20,2,49.99,0.05
10439,4665,10,2,49.99,0.00
10440,4665,24,2,79.99,0.05
10441,4665,4,2,1299.99,0.00
10442,4666,37,2,299.99,0.00
10443,4666,22,1,9.99,0.05
10444,4667,31,3,599.99,0.15
10445,4667,3,2,1199.00,0.10
10446,4668,21,1,12.99,0.00
10447,4669,17,2,449.99,0.00
10448,4669,41,5,199.99,0.00
10449,4670,35,1,89.99,0.00
10450,4671,41,1,199.99,0.00
10451,4671,19,1,159.99,0.00
10452,4672,13,2,69.99,0.15
10453,4672,20,1,49.99,0.00
10454,4672,39,2,399.99,0.00
10455,4672,8,3,699.00,0.00
10456,4673,13,10,69.99,0.20
10457,4673,6,1,999.00,0.05
10458,4673,39,2,399.99,0.10
10459,4674,31,5,599.99,0.20
10460,4674,13,5,69.99,0.00
10461,4675,34,2,34.99,0.05
10462,4675,7,5,849.99,0.15
10463,4675,37,2,299.99,0.00
10464,4676,6,1,999.00,0.05
10465,4676,28,1,149.99,0.05
10466,4676,21,2,12.99,0.00
10467,4677,20,1,49.99,0.05
10468,4678,16,5,599.99,0.00
10469,4678,33,1,249.99,0.00
10470,4679,22,2,9.99,0.05
10471,4679,15,1,129.99,0.00
10472,4679,24,1,79.99,0.10
10473,4680,35,1,89.99,0.00
10474,4680,26,1,199.99,0.00
10475,4681,30,5,99.99,0.00
10476,4681,25,1,349.99,0.10
10477,4682,17,1,449.99,0.05
10478,4682,41,1,199.99,0.15
10479,4682,6,2,999.00,0.00
10480,4683,34,1,34.99,0.00
10481,4683,38,1,14.99,0.00
10482,4684,1,1,899.99,0.00
10483,4684,24,1,79.99,0.00
10484,4684,15,1,129.99,0.00
10485,4684,29,1,59.99,0.10
10486,4685,2,1,1349.99,0.15
10487,4685,11,1,29.99,0.00
10488,4685,17,2,449.99,0.10
10489,4686,31,2,599.99,0.00
10490,4686,35,1,89.99,0.10
10491,4687,32,1,179.99,0.15
10492,4688,19,3,159.99,0.10
10493,4688,31,2,599.99,0.00
10494,4688,36,2,109.99,0.00
10495,4689,41,2,199.99,0.05
10496,4689,37,1,299.99,0.00
10497,4689,39,2,399.99,0.10
10498,4690,23,1,19.99,0.10
10499,4690,1,1,899.99,0.00
10500,4690,38,5,14.99,0.00
10501,4690,30,1,99.99,0.15
10502,4691,10,1,49.99,0.05
10503,4691,32,2,179.99,0.00
10504,4692,19,2,159.99,0.05
10505,4692,25,5,349.99,0.05
10506,4692,17,1,449.99,0.00
10507,4693,41,1,199.99,0.05
10508,4693,34,1,34.99,0.00
10509,4693,6,3,999.00,0.10
10510,4693,23,2,19.99,0.00
10511,4693,38,2,14.99,0.05
10512,4694,38,1,14.99,0.00
10513,4695,14,2,39.99,0.05
10514,4695,6,1,999.00,0.10
10515,4696,31,1,599.99,0.05
10516,4697,18,2,189.99,0.20
10517,4697,22,3,9.99,0.15
10518,4698,27,1,129.99,0.20
10519,4699,37,1,299.99,0.20
10520,4699,5,5,999.99,0.00
10521,4699,27,2,129.99,0.15
10522,4700,28,2,149.99,0.00
10523,4700,4,5,1299.99,0.15
10524,4700,8,1,699.00,0.20
10525,4701,13,5,69.99,0.05
10526,4702,7,1,849.99,0.00
10527,4702,36,2,109.99,0.10
10528,4702,1,2,899.99,0.10
10529,4702,22,1,9.99,0.05
10530,4703,26,2,199.99,0.15
10531,4703,7,2,849.99,0.05
10532,4703,40,3,549.99,0.00
10533,4704,2,1,1349.99,0.15
10534,4704,34,2,34.99,0.15
10535,4704,30,1,99.99,0.10
10536,4704,5,1,999.99,0.15
10537,4705,35,1,89.99,0.00
10538,4705,22,1,9.99,0.00
10539,4706,20,1,49.99,0.15
10540,4706,4,5,1299.99,0.00
10541,4707,36,1,109.99,0.05
10542,4707,22,1,9.99,0.00
10543,4707,6,3,999.00,0.10
10544,4708,8,5,699.00,0.15
10545,4708,17,2,449.99,0.00
10546,4708,40,1,549.99,0.20
10547,4709,13,2,69.99,0.05
10548,4709,19,2,159.99,0.10
10549,4709,12,1,89.99,0.05
10550,4710,23,1,19.99,0.00
10551,4710,30,2,99.99,0.00
10552,4711,12,3,89.99,0.05
10553,4711,15,2,129.99,0.00
10554,4711,34,1,34.99,0.00
10555,4711,29,1,59.99,0.00
10556,4712,28,1,149.99,0.05
10557,4713,13,1,69.99,0.15
10558,4713,29,3,59.99,0.05
10559,4713,28,1,149.99,0.00
10560,4714,30,10,99.99,0.15
10561,4714,24,2,79.99,0.00
10562,4715,31,10,599.99,0.10
10563,4715,17,5,449.99,0.15
10564,4715,24,3,79.99,0.05
10565,4716,29,1,59.99,0.05
10566,4716,4,2,1299.99,0.00
10567,4717,5,5,999.99,0.15
10568,4717,28,1,149.99,0.05
10569,4718,1,2,899.99,0.05
10570,4718,11,2,29.99,0.10
10571,4719,36,5,109.99,0.00
10572,4720,12,1,89.99,0.00
10573,4720,18,5,189.99,0.00
10574,4721,31,10,599.99,0.00
10575,4721,17,3,449.99,0.10
10576,4721,3,1,1199.00,0.00
10577,4721,38,2,14.99,0.00
10578,4721,12,2,89.99,0.05
10579,4722,7,2,849.99,0.15
10580,4722,20,5,49.99,0.10
10581,4722,35,1,89.99,0.00
10582,4722,36,5,109.99,0.05
10583,4723,34,1,34.99,0.20
10584,4723,24,1,79.99,0.05
10585,4723,36,3,109.99,0.00
10586,4724,35,1,89.99,0.20
10587,4725,32,1,179.99,0.00
10588,4725,19,3,159.99,0.05
10589,4726,10,1,49.99,0.00
10590,4727,8,1,699.00,0.05
10591,4727,36,1,109.99,0.00
10592,4728,11,3,29.99,0.00
10593,4728,27,2,129.99,0.00
10594,4729,3,1,1199.00,0.00
10595,4729,38,1,14.99,0.00
10596,4730,19,3,159.99,0.10
10597,4730,10,3,49.99,0.00
10598,4730,37,3,299.99,0.10
10599,4731,34,5,34.99,0.05
10600,4732,29,1,59.99,0.00
10601,4733,13,5,69.99,0.00
10602,4733,19,1,159.99,0.00
10603,4733,10,1,49.99,0.00
10604,4734,20,1,49.99,0.05
10605,4734,39,2,399.99,0.00
10606,4735,17,2,449.99,0.00
10607,4735,10,5,49.99,0.05
10608,4735,20,2,49.99,0.00
10609,4736,19,3,159.99,0.00
10610,4736,4,2,1299.99,0.20
10611,4737,24,1,79.99,0.15
10612,4737,28,1,149.99,0.00
10613,4738,16,5,599.99,0.00
10614,4738,23,2,19.99,0.05
10615,4739,27,1,129.99,0.00
10616,4739,18,1,189.99,0.15
10617,4740,38,3,14.99,0.10
10618,4741,28,10,149.99,0.00
10619,4742,41,1,199.99,0.00
10620,4742,9,2,799.99,0.00
10621,4742,8,5,699.00,0.00
10622,4742,20,1,49.99,0.10
10623,4742,26,1,199.99,0.05
10624,4743,21,2,12.99,0.05
10625,4743,39,1,399.99,0.00
10626,4744,35,3,89.99,0.00
10627,4744,14,2,39.99,0.00
10628,4745,21,1,12.99,0.20
10629,4746,39,10,399.99,0.00
10630,4746,20,3,49.99,0.05
10631,4746,12,2,89.99,0.05
10632,4747,7,5,849.99,0.00
10633,4747,24,2,79.99,0.15
10634,4747,22,1,9.99,0.10
10635,4748,14,3,39.99,0.00
10636,4748,25,1,349.99,0.05
10637,4749,23,1,19.99,0.00
10638,4750,31,1,599.99,0.00
10639,4750,38,2,14.99,0.00
10640,4751,27,2,129.99,0.20
10641,4752,14,2,39.99,0.10
10642,4753,26,1,199.99,0.00
10643,4753,30,1,99.99,0.00
10644,4754,25,1,349.99,0.00
10645,4755,6,10,999.00,0.00
10646,4755,22,3,9.99,0.00
10647,4755,15,3,129.99,0.00
10648,4755,38,3,14.99,0.05
10649,4755,18,1,189.99,0.10
10650,4756,40,2,549.99,0.00
10651,4756,13,2,69.99,0.05
10652,4757,28,1,149.99,0.00
10653,4757,40,1,549.99,0.00
10654,4757,18,1,189.99,0.05
10655,4758,16,2,599.99,0.10
10656,4758,33,5,249.99,0.15
10657,4759,32,5,179.99,0.00
10658,4759,40,3,549.99,0.00
10659,4759,1,3,899.99,0.00
10660,4760,16,2,599.99,0.00
10661,4760,25,1,349.99,0.15
10662,4761,14,2,39.99,0.00
10663,4761,35,2,89.99,0.00
10664,4762,13,1,69.99,0.00
10665,4762,40,5,549.99,0.20
10666,4763,8,3,699.00,0.10
10667,4763,23,1,19.99,0.00
10668,4763,27,1,129.99,0.05
10669,4763,24,1,79.99,0.00
10670,4764,11,3,29.99,0.10
10671,4764,40,1,549.99,0.10
10672,4765,14,1,39.99,0.10
10673,4765,38,2,14.99,0.10
10674,4766,10,1,49.99,0.00
10675,4767,31,3,599.99,0.10
10676,4767,18,2,189.99,0.05
10677,4767,23,3,19.99,0.15
10678,4768,25,2,349.99,0.00
10679,4768,24,3,79.99,0.15
10680,4769,19,2,159.99,0.20
10681,4770,41,2,199.99,0.05
10682,4770,8,1,699.00,0.10
10683,4771,35,2,89.99,0.00
10684,4772,1,10,899.99,0.00
10685,4772,36,2,109.99,0.00
10686,4772,12,2,89.99,0.00
10687,4773,11,2,29.99,0.05
10688,4773,29,1,59.99,0.00
10689,4773,8,2,699.00,0.00
10690,4774,7,2,849.99,0.05
10691,4775,24,1,79.99,0.00
10692,4775,28,2,149.99,0.10
10693,4775,15,2,129.99,0.00
10694,4776,11,1,29.99,0.05
10695,4776,24,1,79.99,0.20
10696,4776,2,1,1349.99,0.15
10697,4777,29,2,59.99,0.00
10698,4777,40,3,549.99,0.20
10699,4778,24,1,79.99,0.05
10700,4779,40,3,549.99,0.00
10701,4779,33,3,249.99,0.05
10702,4779,34,2,34.99,0.00
10703,4779,21,1,12.99,0.00
10704,4780,19,1,159.99,0.10
10705,4780,9,2,799.99,0.15
10706,4780,11,5,29.99,0.10
10707,4780,3,5,1199.00,0.05
10708,4781,16,2,599.99,0.05
10709,4781,24,2,79.99,0.10
10710,4782,6,2,999.00,0.15
10711,4783,24,2,79.99,0.00
10712,4784,31,3,599.99,0.00
10713,4784,18,1,189.99,0.00
10714,4784,36,1,109.99,0.00
10715,4785,9,2,799.99,0.10
10716,4785,25,2,349.99,0.00
10717,4785,41,2,199.99,0.15
10718,4786,22,1,9.99,0.00
10719,4786,35,2,89.99,0.00
10720,4787,16,5,599.99,0.00
10721,4788,29,1,59.99,0.00
10722,4788,2,2,1349.99,0.00
10723,4788,16,3,599.99,0.05
10724,4789,28,5,149.99,0.20
10725,4789,18,1,189.99,0.20
10726,4790,19,10,159.99,0.00
10727,4791,41,2,199.99,0.05
10728,4791,2,1,1349.99,0.00
10729,4791,9,2,799.99,0.00
10730,4791,29,5,59.99,0.15
10731,4792,41,2,199.99,0.10
10732,4792,40,1,549.99,0.10
10733,4792,21,1,12.99,0.10
10734,4793,28,2,149.99,0.15
10735,4793,2,3,1349.99,0.15
10736,4794,36,1,109.99,0.00
10737,4794,4,1,1299.99,0.00
10738,4795,12,3,89.99,0.00
10739,4795,36,2,109.99,0.00
10740,4796,34,10,34.99,0.15
10741,4797,28,1,149.99,0.05
10742,4797,7,1,849.99,0.00
10743,4797,23,1,19.99,0.00
10744,4797,11,2,29.99,0.15
10745,4798,35,1,89.99,0.05
10746,4798,15,2,129.99,0.05
10747,4799,2,10,1349.99,0.20
10748,4799,27,1,129.99,0.10
10749,4800,6,2,999.00,0.05
10750,4800,40,1,549.99,0.00
10751,4800,24,10,79.99,0.00
10752,4800,32,3,179.99,0.15
10753,4801,36,1,109.99,0.15
10754,4801,20,2,49.99,0.00
10755,4802,31,3,599.99,0.00
10756,4803,10,1,49.99,0.00
10757,4803,36,1,109.99,0.00
10758,4803,28,2,149.99,0.05
10759,4804,35,2,89.99,0.00
10760,4804,7,1,849.99,0.00
10761,4804,15,1,129.99,0.05
10762,4805,9,1,799.99,0.20
10763,4805,23,5,19.99,0.00
10764,4805,26,2,199.99,0.00
10765,4805,31,10,599.99,0.00
10766,4806,34,5,34.99,0.00
10767,4806,41,1,199.99,0.00
10768,4807,33,2,249.99,0.05
10769,4808,29,1,59.99,0.00
10770,4809,13,2,69.99,0.00
10771,4809,6,2,999.00,0.00
10772,4809,18,1,189.99,0.15
10773,4810,38,2,14.99,0.00
10774,4810,39,1,399.99,0.00
10775,4810,3,3,1199.00,0.10
10776,4810,16,1,599.99,0.10
10777,4811,35,1,89.99,0.20
10778,4811,21,2,12.99,0.05
10779,4812,31,2,599.99,0.10
10780,4812,9,3,799.99,0.15
10781,4812,15,2,129.99,0.20
10782,4813,4,5,1299.99,0.10
10783,4813,29,1,59.99,0.05
10784,4813,25,3,349.99,0.15
10785,4814,17,1,449.99,0.00
10786,4814,10,2,49.99,0.05
10787,4814,24,10,79.99,0.00
10788,4815,32,1,179.99,0.05
10789,4815,1,1,899.99,0.10
10790,4816,10,1,49.99,0.15
10791,4817,25,3,349.99,0.00
10792,4817,34,1,34.99,0.00
10793,4817,41,2,199.99,0.00
10794,4818,1,2,899.99,0.05
10795,4819,39,10,399.99,0.00
10796,4819,16,1,599.99,0.10
10797,4820,31,2,599.99,0.20
10798,4821,1,1,899.99,0.00
10799,4821,19,1,159.99,0.10
10800,4822,14,1,39.99,0.10
10801,4823,4,1,1299.99,0.00
10802,4824,9,1,799.99,0.10
10803,4825,33,2,249.99,0.15
10804,4825,2,3,1349.99,0.10
10805,4825,35,2,89.99,0.00
10806,4825,21,2,12.99,0.05
10807,4826,31,5,599.99,0.00
10808,4826,22,2,9.99,0.00
10809,4826,16,3,599.99,0.00
10810,4826,2,10,1349.99,0.00
10811,4826,36,2,109.99,0.00
10812,4827,6,3,999.00,0.00
10813,4827,21,1,12.99,0.00
10814,4827,3,1,1199.00,0.00
10815,4827,34,1,34.99,0.15
10816,4827,24,3,79.99,0.05
10817,4828,26,2,199.99,0.05
10818,4828,6,2,999.00,0.05
10819,4829,2,3,1349.99,0.00
10820,4829,5,2,999.99,0.00
10821,4830,38,1,14.99,0.05
10822,4830,27,1,129.99,0.00
10823,4831,24,2,79.99,0.00
10824,4831,26,3,199.99,0.10
10825,4831,37,5,299.99,0.00
10826,4831,8,1,699.00,0.10
10827,4832,18,5,189.99,0.00
10828,4833,5,5,999.99,0.10
10829,4833,37,1,299.99,0.05
10830,4833,23,3,19.99,0.05
10831,4833,33,2,249.99,0.00
10832,4834,5,2,999.99,0.05
10833,4835,5,1,999.99,0.00
10834,4835,12,3,89.99,0.05
10835,4836,6,3,999.00,0.00
10836,4836,9,1,799.99,0.10
10837,4836,20,3,49.99,0.05
10838,4836,5,3,999.99,0.00
10839,4836,21,2,12.99,0.00
10840,4837,33,3,249.99,0.05
10841,4837,38,5,14.99,0.00
10842,4837,29,3,59.99,0.00
10843,4837,39,2,399.99,0.10
10844,4838,20,1,49.99,0.00
10845,4838,24,10,79.99,0.00
10846,4839,6,1,999.00,0.00
10847,4840,24,3,79.99,0.00
10848,4840,10,10,49.99,0.05
10849,4840,9,1,799.99,0.00
10850,4841,26,5,199.99,0.05
10851,4841,13,2,69.99,0.00
10852,4841,10,1,49.99,0.00
10853,4841,23,2,19.99,0.00
10854,4842,16,2,599.99,0.15
10855,4843,12,3,89.99,0.00
10856,4844,5,2,999.99,0.15
10857,4844,8,2,699.00,0.05
10858,4844,7,1,849.99,0.00
10859,4844,34,2,34.99,0.15
10860,4845,39,2,399.99,0.05
10861,4845,6,10,999.00,0.00
10862,4845,41,5,199.99,0.00
10863,4846,33,2,249.99,0.00
10864,4846,41,1,199.99,0.00
10865,4846,8,10,699.00,0.10
10866,4847,36,1,109.99,0.05
10867,4847,1,10,899.99,0.00
10868,4848,37,1,299.99,0.00
10869,4848,4,1,1299.99,0.00
10870,4849,25,2,349.99,0.00
10871,4849,18,3,189.99,0.10
10872,4850,32,5,179.99,0.00
10873,4851,38,2,14.99,0.00
10874,4852,26,1,199.99,0.05
10875,4853,27,3,129.99,0.00
10876,4853,34,1,34.99,0.00
10877,4854,27,2,129.99,0.15
10878,4854,30,1,99.99,0.10
10879,4855,5,1,999.99,0.10
10880,4855,31,2,599.99,0.00
10881,4856,18,1,189.99,0.05
10882,4856,38,3,14.99,0.10
10883,4857,1,5,899.99,0.00
10884,4858,25,2,349.99,0.15
10885,4858,23,1,19.99,0.15
10886,4859,14,1,39.99,0.10
10887,4859,28,2,149.99,0.10
10888,4860,35,1,89.99,0.00
10889,4860,7,1,849.99,0.00
10890,4860,32,10,179.99,0.00
10891,4861,33,2,249.99,0.00
10892,4862,3,2,1199.00,0.00
10893,4862,30,3,99.99,0.00
10894,4863,22,1,9.99,0.00
10895,4864,19,3,159.99,0.20
10896,4864,15,2,129.99,0.00
10897,4864,6,5,999.00,0.05
10898,4864,31,1,599.99,0.20
10899,4865,4,3,1299.99,0.20
10900,4865,8,1,699.00,0.00
10901,4865,22,1,9.99,0.15
10902,4865,34,1,34.99,0.10
10903,4866,36,2,109.99,0.20
10904,4866,19,1,159.99,0.00
10905,4867,12,1,89.99,0.00
10906,4867,31,1,599.99,0.05
10907,4867,11,1,29.99,0.05
10908,4867,26,3,199.99,0.00
10909,4868,30,3,99.99,0.10
10910,4868,6,2,999.00,0.05
10911,4868,23,3,19.99,0.05
10912,4868,7,1,849.99,0.00
10913,4869,7,3,849.99,0.10
10914,4869,35,2,89.99,0.05
10915,4870,22,1,9.99,0.10
10916,4870,30,10,99.99,0.00
10917,4871,39,2,399.99,0.00
10918,4872,7,1,849.99,0.00
10919,4873,29,1,59.99,0.00
10920,4873,2,3,1349.99,0.00
10921,4874,16,1,599.99,0.10
10922,4875,22,3,9.99,0.05
10923,4875,17,1,449.99,0.00
10924,4876,32,2,179.99,0.05
10925,4876,38,2,14.99,0.10
10926,4877,29,2,59.99,0.05
10927,4877,37,5,299.99,0.00
10928,4877,14,3,39.99,0.15
10929,4877,38,3,14.99,0.15
10930,4877,12,2,89.99,0.05
10931,4878,41,2,199.99,0.10
10932,4878,12,2,89.99,0.00
10933,4878,2,10,1349.99,0.00
10934,4878,32,1,179.99,0.00
10935,4879,6,3,999.00,0.00
10936,4879,40,10,549.99,0.00
10937,4879,22,3,9.99,0.00
10938,4880,12,1,89.99,0.00
10939,4880,10,1,49.99,0.10
10940,4880,22,5,9.99,0.10
10941,4881,24,1,79.99,0.00
10942,4881,37,1,299.99,0.00
10943,4881,22,10,9.99,0.10
10944,4882,19,3,159.99,0.00
10945,4882,12,3,89.99,0.15
10946,4882,13,1,69.99,0.00
10947,4882,33,1,249.99,0.05
10948,4882,4,1,1299.99,0.00
10949,4883,34,1,34.99,0.00
10950,4883,22,3,9.99,0.00
10951,4884,35,1,89.99,0.00
10952,4884,41,5,199.99,0.00
10953,4884,4,2,1299.99,0.00
10954,4885,13,5,69.99,0.00
10955,4885,30,1,99.99,0.00
10956,4885,35,2,89.99,0.00
10957,4886,3,2,1199.00,0.00
10958,4886,29,3,59.99,0.15
10959,4887,20,1,49.99,0.10
10960,4888,24,1,79.99,0.10
10961,4889,25,1,349.99,0.00
10962,4889,18,5,189.99,0.05
10963,4889,7,1,849.99,0.00
10964,4890,5,1,999.99,0.00
10965,4890,2,5,1349.99,0.00
10966,4891,35,1,89.99,0.15
10967,4892,12,1,89.99,0.00
10968,4892,9,5,799.99,0.05
10969,4893,38,2,14.99,0.20
10970,4893,22,1,9.99,0.05
10971,4893,15,2,129.99,0.00
10972,4894,19,2,159.99,0.10
10973,4894,16,3,599.99,0.05
10974,4895,35,1,89.99,0.05
10975,4895,6,2,999.00,0.05
10976,4895,32,5,179.99,0.10
10977,4895,27,1,129.99,0.00
10978,4896,19,1,159.99,0.15
10979,4897,27,1,129.99,0.00
10980,4897,17,2,449.99,0.05
10981,4897,23,2,19.99,0.00
10982,4898,37,2,299.99,0.00
10983,4898,14,10,39.99,0.10
10984,4899,30,3,99.99,0.15
10985,4899,40,2,549.99,0.15
10986,4900,20,1,49.99,0.00
10987,4900,18,2,189.99,0.00
10988,4900,2,3,1349.99,0.00
10989,4900,7,3,849.99,0.00
10990,4901,36,2,109.99,0.05
10991,4902,4,3,1299.99,0.00
10992,4902,9,1,799.99,0.00
10993,4902,10,3,49.99,0.00
10994,4902,35,1,89.99,0.20
10995,4903,9,1,799.99,0.05
10996,4903,11,2,29.99,0.05
10997,4904,12,2,89.99,0.00
10998,4904,29,2,59.99,0.00
10999,4905,31,1,599.99,0.00
11000,4906,23,1,19.99,0.05
11001,4907,13,1,69.99,0.20
11002,4907,14,1,39.99,0.10
11003,4908,22,2,9.99,0.20
11004,4908,40,1,549.99,0.00
11005,4909,38,3,14.99,0.05
11006,4909,31,3,599.99,0.10
11007,4910,20,3,49.99,0.00
11008,4910,37,1,299.99,0.00
11009,4910,9,1,799.99,0.05
11010,4911,37,5,299.99,0.05
11011,4911,19,5,159.99,0.15
11012,4912,33,10,249.99,0.00
11013,4912,30,2,99.99,0.20
11014,4913,21,3,12.99,0.00
11015,4914,19,1,159.99,0.05
11016,4914,5,1,999.99,0.05
11017,4914,28,1,149.99,0.20
11018,4915,8,5,699.00,0.05
11019,4916,28,2,149.99,0.00
11020,4916,25,1,349.99,0.05
11021,4916,24,3,79.99,0.10
11022,4916,15,1,129.99,0.05
11023,4916,41,5,199.99,0.00
11024,4917,22,2,9.99,0.10
11025,4917,26,1,199.99,0.00
11026,4918,33,1,249.99,0.00
11027,4918,13,2,69.99,0.10
11028,4918,40,2,549.99,0.00
11029,4918,25,3,349.99,0.00
11030,4918,10,3,49.99,0.00
11031,4919,16,1,599.99,0.05
11032,4919,25,1,349.99,0.00
11033,4920,40,1,549.99,0.05
11034,4920,12,2,89.99,0.00
11035,4921,6,3,999.00,0.00
11036,4921,23,2,19.99,0.10
11037,4921,27,2,129.99,0.05
11038,4921,12,1,89.99,0.10
11039,4922,31,5,599.99,0.15
11040,4923,22,1,9.99,0.05
11041,4923,3,2,1199.00,0.20
11042,4923,14,2,39.99,0.10
11043,4924,41,2,199.99,0.00
11044,4924,4,2,1299.99,0.00
11045,4925,24,5,79.99,0.00
11046,4925,29,3,59.99,0.00
11047,4926,28,2,149.99,0.00
11048,4927,25,3,349.99,0.00
11049,4928,3,2,1199.00,0.10
11050,4928,32,2,179.99,0.15
11051,4928,11,2,29.99,0.00
11052,4928,13,1,69.99,0.10
11053,4929,8,5,699.00,0.05
11054,4930,22,3,9.99,0.00
11055,4931,12,1,89.99,0.10
11056,4931,28,2,149.99,0.00
11057,4932,36,2,109.99,0.10
11058,4932,16,2,599.99,0.00
11059,4932,14,2,39.99,0.10
11060,4933,16,2,599.99,0.10
11061,4934,25,1,349.99,0.00
11062,4934,4,1,1299.99,0.20
11063,4935,13,1,69.99,0.05
11064,4936,2,3,1349.99,0.10
11065,4936,17,1,449.99,0.00
11066,4936,4,1,1299.99,0.05
11067,4937,23,1,19.99,0.15
11068,4938,33,3,249.99,0.05
11069,4939,38,2,14.99,0.20
11070,4939,34,3,34.99,0.10
11071,4939,32,1,179.99,0.10
11072,4939,24,1,79.99,0.00
11073,4940,22,2,9.99,0.00
11074,4940,19,5,159.99,0.15
11075,4940,17,5,449.99,0.05
11076,4941,8,2,699.00,0.05
11077,4942,41,3,199.99,0.00
11078,4942,34,2,34.99,0.00
11079,4942,11,2,29.99,0.00
11080,4943,38,1,14.99,0.00
11081,4943,28,2,149.99,0.00
11082,4944,37,3,299.99,0.00
11083,4945,3,1,1199.00,0.00
11084,4945,16,3,599.99,0.00
11085,4946,13,1,69.99,0.20
11086,4947,40,3,549.99,0.00
11087,4947,9,2,799.99,0.00
11088,4948,33,1,249.99,0.00
11089,4948,29,2,59.99,0.10
11090,4948,3,1,1199.00,0.10
11091,4949,31,3,599.99,0.05
11092,4949,2,1,1349.99,0.05
11093,4949,1,2,899.99,0.00
11094,4950,24,10,79.99,0.15
11095,4951,28,1,149.99,0.05
11096,4951,14,1,39.99,0.10
11097,4951,16,2,599.99,0.10
11098,4951,25,2,349.99,0.00
11099,4952,19,1,159.99,0.20
11100,4952,29,2,59.99,0.00
11101,4953,3,1,1199.00,0.05
11102,4953,26,1,199.99,0.00
11103,4953,10,5,49.99,0.05
11104,4953,33,3,249.99,0.15
11105,4953,40,2,549.99,0.05
11106,4954,20,1,49.99,0.05
11107,4954,16,2,599.99,0.00
11108,4954,41,10,199.99,0.10
11109,4955,26,1,199.99,0.20
11110,4955,34,3,34.99,0.00
11111,4955,9,1,799.99,0.15
11112,4955,40,10,549.99,0.10
11113,4956,2,1,1349.99,0.00
11114,4956,34,1,34.99,0.15
11115,4956,11,3,29.99,0.10
11116,4957,41,2,199.99,0.00
11117,4957,17,2,449.99,0.00
11118,4957,12,1,89.99,0.10
11119,4957,7,3,849.99,0.05
11120,4957,4,3,1299.99,0.10
11121,4958,4,3,1299.99,0.00
11122,4958,35,3,89.99,0.15
11123,4958,2,10,1349.99,0.00
11124,4959,28,10,149.99,0.15
11125,4959,1,3,899.99,0.00
11126,4960,19,2,159.99,0.05
11127,4960,34,1,34.99,0.10
11128,4960,41,2,199.99,0.00
11129,4960,38,3,14.99,0.00
11130,4960,20,5,49.99,0.00
11131,4961,33,1,249.99,0.10
11132,4961,3,5,1199.00,0.00
11133,4962,20,3,49.99,0.05
11134,4962,17,1,449.99,0.00
11135,4962,23,1,19.99,0.00
11136,4963,33,2,249.99,0.00
11137,4964,39,3,399.99,0.00
11138,4964,17,5,449.99,0.10
11139,4965,36,3,109.99,0.20
11140,4965,29,3,59.99,0.10
11141,4966,18,1,189.99,0.10
11142,4966,28,5,149.99,0.10
11143,4966,14,2,39.99,0.00
11144,4966,3,3,1199.00,0.00
11145,4967,28,5,149.99,0.00
11146,4967,2,2,1349.99,0.00
11147,4967,15,1,129.99,0.00
11148,4967,10,1,49.99,0.00
11149,4968,7,2,849.99,0.00
11150,4969,10,2,49.99,0.05
11151,4969,35,5,89.99,0.00
11152,4969,38,1,14.99,0.05
11153,4970,16,1,599.99,0.00
11154,4971,35,1,89.99,0.00
11155,4971,7,3,849.99,0.10
11156,4971,28,3,149.99,0.00
11157,4971,9,1,799.99,0.00
11158,4972,25,2,349.99,0.05
11159,4972,13,1,69.99,0.00
11160,4972,8,3,699.00,0.00
11161,4973,34,3,34.99,0.00
11162,4974,18,2,189.99,0.10
11163,4974,3,2,1199.00,0.15
11164,4974,9,1,799.99,0.05
11165,4974,28,5,149.99,0.05
11166,4975,33,3,249.99,0.05
11167,4975,21,1,12.99,0.00
11168,4976,25,2,349.99,0.00
11169,4976,30,1,99.99,0.10
11170,4977,14,10,39.99,0.20
11171,4977,38,1,14.99,0.15
11172,4977,9,2,799.99,0.00
11173,4977,20,1,49.99,0.00
11174,4977,6,1,999.00,0.00
11175,4978,10,3,49.99,0.00
11176,4978,2,2,1349.99,0.00
11177,4978,34,10,34.99,0.00
11178,4978,19,2,159.99,0.05
11179,4978,9,2,799.99,0.15
11180,4979,6,1,999.00,0.15
11181,4979,11,2,29.99,0.00
11182,4979,1,2,899.99,0.00
11183,4979,21,10,12.99,0.00
11184,4980,10,1,49.99,0.00
11185,4980,23,2,19.99,0.10
11186,4980,26,3,199.99,0.20
11187,4981,27,2,129.99,0.00
11188,4981,41,5,199.99,0.00
11189,4982,24,5,79.99,0.15
11190,4982,31,10,599.99,0.00
11191,4982,23,1,19.99,0.10
11192,4982,15,2,129.99,0.05
11193,4983,36,2,109.99,0.05
11194,4983,23,3,19.99,0.00
11195,4983,26,3,199.99,0.00
11196,4984,36,2,109.99,0.00
11197,4985,4,2,1299.99,0.00
11198,4985,33,1,249.99,0.00
11199,4986,2,1,1349.99,0.00
11200,4987,28,1,149.99,0.05
11201,4987,34,3,34.99,0.00
11202,4988,5,2,999.99,0.00
11203,4988,20,3,49.99,0.00
11204,4988,28,1,149.99,0.00
11205,4988,14,3,39.99,0.05
11206,4989,18,10,189.99,0.00
11207,4989,31,1,599.99,0.00
11208,4989,1,2,899.99,0.10
11209,4989,6,5,999.00,0.00
11210,4990,4,10,1299.99,0.00
11211,4990,7,1,849.99,0.00
11212,4991,33,10,249.99,0.00
11213,4991,26,2,199.99,0.00
11214,4991,9,2,799.99,0.05
11215,4992,33,2,249.99,0.00
11216,4992,12,5,89.99,0.10
11217,4993,22,2,9.99,0.15
11218,4994,32,1,179.99,0.00
11219,4994,10,2,49.99,0.05
11220,4995,14,2,39.99,0.00
11221,4995,34,1,34.99,0.10
11222,4996,12,10,89.99,0.15
11223,4996,19,2,159.99,0.10
11224,4997,38,5,14.99,0.00
11225,4997,40,1,549.99,0.05
11226,4998,23,2,19.99,0.15
11227,4998,14,1,39.99,0.10
11228,4999,24,1,79.99,0.00
11229,5000,13,1,69.99,0.05
11230,5000,29,2,59.99,0.20
11231,5000,10,1,49.99,0.00
11232,5000,17,5,449.99,0.00
